team_name,train_number,left_right,frame_number,wagon,uic_0_1,uic_label
kosmicznispawacze,4,right,0,0,locomotive,0
kosmicznispawacze,4,right,1,0,locomotive,0
kosmicznispawacze,4,right,2,0,locomotive,0
kosmicznispawacze,4,right,3,0,locomotive,0
kosmicznispawacze,4,right,4,0,locomotive,0
kosmicznispawacze,4,right,5,0,locomotive,0
kosmicznispawacze,4,right,6,0,locomotive,0
kosmicznispawacze,4,right,7,0,locomotive,0
kosmicznispawacze,4,right,8,0,locomotive,0
kosmicznispawacze,4,right,9,0,locomotive,0
kosmicznispawacze,4,right,10,0,locomotive,0
kosmicznispawacze,4,right,11,0,locomotive,0
kosmicznispawacze,4,right,12,0,locomotive,0
kosmicznispawacze,4,right,13,0,locomotive,0
kosmicznispawacze,4,right,14,0,locomotive,0
kosmicznispawacze,4,right,15,0,locomotive,0
kosmicznispawacze,4,right,16,0,locomotive,0
kosmicznispawacze,4,right,17,0,locomotive,0
kosmicznispawacze,4,right,18,0,locomotive,0
kosmicznispawacze,4,right,19,0,locomotive,0
kosmicznispawacze,4,right,20,0,locomotive,0
kosmicznispawacze,4,right,21,0,locomotive,0
kosmicznispawacze,4,right,22,0,locomotive,0
kosmicznispawacze,4,right,23,0,locomotive,0
kosmicznispawacze,4,right,24,0,locomotive,0
kosmicznispawacze,4,right,25,0,locomotive,0
kosmicznispawacze,4,right,26,0,locomotive,0
kosmicznispawacze,4,right,27,1,0,0
kosmicznispawacze,4,right,28,1,0,0
kosmicznispawacze,4,right,29,1,0,0
kosmicznispawacze,4,right,30,1,0,0
kosmicznispawacze,4,right,31,1,0,0
kosmicznispawacze,4,right,32,1,0,0
kosmicznispawacze,4,right,33,1,0,0
kosmicznispawacze,4,right,34,1,0,0
kosmicznispawacze,4,right,35,1,0,0
kosmicznispawacze,4,right,36,1,0,0
kosmicznispawacze,4,right,37,1,0,0
kosmicznispawacze,4,right,38,1,0,0
kosmicznispawacze,4,right,39,1,0,0
kosmicznispawacze,4,right,40,1,0,0
kosmicznispawacze,4,right,41,1,0,0
kosmicznispawacze,4,right,42,1,0,0
kosmicznispawacze,4,right,43,1,0,0
kosmicznispawacze,4,right,44,2,0,0
kosmicznispawacze,4,right,45,2,0,0
kosmicznispawacze,4,right,46,3,0,0
kosmicznispawacze,4,right,47,3,0,0
kosmicznispawacze,4,right,48,3,0,0
kosmicznispawacze,4,right,49,3,0,0
kosmicznispawacze,4,right,50,3,0,0
kosmicznispawacze,4,right,51,3,0,0
kosmicznispawacze,4,right,52,3,0,0
kosmicznispawacze,4,right,53,3,0,0
kosmicznispawacze,4,right,54,3,0,0
kosmicznispawacze,4,right,55,3,0,0
kosmicznispawacze,4,right,56,3,0,0
kosmicznispawacze,4,right,57,3,0,0
kosmicznispawacze,4,right,58,3,0,0
kosmicznispawacze,4,right,59,3,0,0
kosmicznispawacze,4,right,60,3,0,0
kosmicznispawacze,4,right,61,3,0,0
kosmicznispawacze,4,right,62,3,0,0
kosmicznispawacze,4,right,63,3,0,0
kosmicznispawacze,4,right,64,3,0,0
kosmicznispawacze,4,right,65,4,0,0
kosmicznispawacze,4,right,66,4,0,0
kosmicznispawacze,4,right,67,4,0,0
kosmicznispawacze,4,right,68,4,0,0
kosmicznispawacze,4,right,69,4,0,0
kosmicznispawacze,4,right,70,4,0,0
kosmicznispawacze,4,right,71,4,0,0
kosmicznispawacze,4,right,72,4,0,0
kosmicznispawacze,4,right,73,4,0,0
kosmicznispawacze,4,right,74,4,0,0
kosmicznispawacze,4,right,75,4,0,0
kosmicznispawacze,4,right,76,4,0,0
kosmicznispawacze,4,right,77,4,0,0
kosmicznispawacze,4,right,78,4,0,0
kosmicznispawacze,4,right,79,4,0,0
kosmicznispawacze,4,right,80,4,0,0
kosmicznispawacze,4,right,81,4,0,0
kosmicznispawacze,4,right,82,4,0,0
kosmicznispawacze,4,right,83,5,0,0
kosmicznispawacze,4,right,84,5,0,0
kosmicznispawacze,4,right,85,5,0,0
kosmicznispawacze,4,right,86,5,0,0
kosmicznispawacze,4,right,87,5,0,0
kosmicznispawacze,4,right,88,5,0,0
kosmicznispawacze,4,right,89,5,0,0
kosmicznispawacze,4,right,90,5,0,0
kosmicznispawacze,4,right,91,5,0,0
kosmicznispawacze,4,right,92,5,0,0
kosmicznispawacze,4,right,93,5,0,0
kosmicznispawacze,4,right,94,5,0,0
kosmicznispawacze,4,right,95,5,0,0
kosmicznispawacze,4,right,96,5,0,0
kosmicznispawacze,4,right,97,5,0,0
kosmicznispawacze,4,right,98,5,0,0
kosmicznispawacze,4,right,99,5,0,0
kosmicznispawacze,4,right,100,5,0,0
kosmicznispawacze,4,right,101,5,0,0
kosmicznispawacze,4,right,102,5,0,0
kosmicznispawacze,4,right,103,6,0,0
kosmicznispawacze,4,right,104,6,0,0
kosmicznispawacze,4,right,105,6,0,0
kosmicznispawacze,4,right,106,6,0,0
kosmicznispawacze,4,right,107,6,0,0
kosmicznispawacze,4,right,108,6,0,0
kosmicznispawacze,4,right,109,6,0,0
kosmicznispawacze,4,right,110,6,0,0
kosmicznispawacze,4,right,111,6,0,0
kosmicznispawacze,4,right,112,6,0,0
kosmicznispawacze,4,right,113,6,0,0
kosmicznispawacze,4,right,114,6,0,0
kosmicznispawacze,4,right,115,6,0,0
kosmicznispawacze,4,right,116,6,0,0
kosmicznispawacze,4,right,117,6,0,0
kosmicznispawacze,4,right,118,6,0,0
kosmicznispawacze,4,right,119,6,0,0
kosmicznispawacze,4,right,120,6,0,0
kosmicznispawacze,4,right,121,6,0,0
kosmicznispawacze,4,right,122,6,0,0
kosmicznispawacze,4,right,123,7,0,0
kosmicznispawacze,4,right,124,7,0,0
kosmicznispawacze,4,right,125,7,0,0
kosmicznispawacze,4,right,126,7,0,0
kosmicznispawacze,4,right,127,7,0,0
kosmicznispawacze,4,right,128,7,0,0
kosmicznispawacze,4,right,129,7,0,0
kosmicznispawacze,4,right,130,7,0,0
kosmicznispawacze,4,right,131,7,0,0
kosmicznispawacze,4,right,132,7,0,0
kosmicznispawacze,4,right,133,7,0,0
kosmicznispawacze,4,right,134,7,0,0
kosmicznispawacze,4,right,135,7,0,0
kosmicznispawacze,4,right,136,7,0,0
kosmicznispawacze,4,right,137,7,0,0
kosmicznispawacze,4,right,138,7,0,0
kosmicznispawacze,4,right,139,7,0,0
kosmicznispawacze,4,right,140,7,0,0
kosmicznispawacze,4,right,141,7,0,0
kosmicznispawacze,4,right,142,7,0,0
kosmicznispawacze,4,right,143,8,0,0
kosmicznispawacze,4,right,144,8,0,0
kosmicznispawacze,4,right,145,8,0,0
kosmicznispawacze,4,right,146,8,0,0
kosmicznispawacze,4,right,147,8,0,0
kosmicznispawacze,4,right,148,8,0,0
kosmicznispawacze,4,right,149,8,0,0
kosmicznispawacze,4,right,150,8,0,0
kosmicznispawacze,4,right,151,8,0,0
kosmicznispawacze,4,right,152,8,0,0
kosmicznispawacze,4,right,153,8,0,0
kosmicznispawacze,4,right,154,8,0,0
kosmicznispawacze,4,right,155,8,0,0
kosmicznispawacze,4,right,156,8,0,0
kosmicznispawacze,4,right,157,8,0,0
kosmicznispawacze,4,right,158,8,0,0
kosmicznispawacze,4,right,159,8,0,0
kosmicznispawacze,4,right,160,8,0,0
kosmicznispawacze,4,right,161,8,0,0
kosmicznispawacze,4,right,162,8,0,0
kosmicznispawacze,4,right,163,9,0,0
kosmicznispawacze,4,right,164,9,0,0
kosmicznispawacze,4,right,165,9,0,0
kosmicznispawacze,4,right,166,9,0,0
kosmicznispawacze,4,right,167,9,0,0
kosmicznispawacze,4,right,168,9,0,0
kosmicznispawacze,4,right,169,9,0,0
kosmicznispawacze,4,right,170,9,0,0
kosmicznispawacze,4,right,171,9,0,0
kosmicznispawacze,4,right,172,9,0,0
kosmicznispawacze,4,right,173,9,0,0
kosmicznispawacze,4,right,174,9,0,0
kosmicznispawacze,4,right,175,9,0,0
kosmicznispawacze,4,right,176,9,0,0
kosmicznispawacze,4,right,177,9,0,0
kosmicznispawacze,4,right,178,9,0,0
kosmicznispawacze,4,right,179,9,0,0
kosmicznispawacze,4,right,180,9,0,0
kosmicznispawacze,4,right,181,9,0,0
kosmicznispawacze,4,right,182,9,0,0
kosmicznispawacze,4,right,183,9,0,0
kosmicznispawacze,4,right,184,10,0,0
kosmicznispawacze,4,right,185,10,0,0
kosmicznispawacze,4,right,186,10,0,0
kosmicznispawacze,4,right,187,10,0,0
kosmicznispawacze,4,right,188,10,0,0
kosmicznispawacze,4,right,189,10,0,0
kosmicznispawacze,4,right,190,10,0,0
kosmicznispawacze,4,right,191,10,0,0
kosmicznispawacze,4,right,192,10,0,0
kosmicznispawacze,4,right,193,10,0,0
kosmicznispawacze,4,right,194,10,0,0
kosmicznispawacze,4,right,195,10,0,0
kosmicznispawacze,4,right,196,10,0,0
kosmicznispawacze,4,right,197,10,0,0
kosmicznispawacze,4,right,198,10,0,0
kosmicznispawacze,4,right,199,10,0,0
kosmicznispawacze,4,right,200,10,0,0
kosmicznispawacze,4,right,201,10,0,0
kosmicznispawacze,4,right,202,10,0,0
kosmicznispawacze,4,right,203,10,0,0
kosmicznispawacze,4,right,204,11,0,0
kosmicznispawacze,4,right,205,11,0,0
kosmicznispawacze,4,right,206,11,0,0
kosmicznispawacze,4,right,207,11,0,0
kosmicznispawacze,4,right,208,11,0,0
kosmicznispawacze,4,right,209,11,0,0
kosmicznispawacze,4,right,210,11,0,0
kosmicznispawacze,4,right,211,11,0,0
kosmicznispawacze,4,right,212,11,0,0
kosmicznispawacze,4,right,213,11,0,0
kosmicznispawacze,4,right,214,11,0,0
kosmicznispawacze,4,right,215,11,0,0
kosmicznispawacze,4,right,216,11,0,0
kosmicznispawacze,4,right,217,11,0,0
kosmicznispawacze,4,right,218,11,0,0
kosmicznispawacze,4,right,219,11,0,0
kosmicznispawacze,4,right,220,11,0,0
kosmicznispawacze,4,right,221,11,0,0
kosmicznispawacze,4,right,222,11,0,0
kosmicznispawacze,4,right,223,12,0,0
kosmicznispawacze,4,right,224,12,0,0
kosmicznispawacze,4,right,225,12,0,0
kosmicznispawacze,4,right,226,12,0,0
kosmicznispawacze,4,right,227,12,0,0
kosmicznispawacze,4,right,228,12,0,0
kosmicznispawacze,4,right,229,12,0,0
kosmicznispawacze,4,right,230,12,0,0
kosmicznispawacze,4,right,231,12,0,0
kosmicznispawacze,4,right,232,12,0,0
kosmicznispawacze,4,right,233,12,0,0
kosmicznispawacze,4,right,234,12,0,0
kosmicznispawacze,4,right,235,12,0,0
kosmicznispawacze,4,right,236,12,0,0
kosmicznispawacze,4,right,237,12,0,0
kosmicznispawacze,4,right,238,12,0,0
kosmicznispawacze,4,right,239,12,0,0
kosmicznispawacze,4,right,240,12,0,0
kosmicznispawacze,4,right,241,12,0,0
kosmicznispawacze,4,right,242,12,0,0
kosmicznispawacze,4,right,243,13,0,0
kosmicznispawacze,4,right,244,13,0,0
kosmicznispawacze,4,right,245,13,0,0
kosmicznispawacze,4,right,246,13,0,0
kosmicznispawacze,4,right,247,13,0,0
kosmicznispawacze,4,right,248,13,0,0
kosmicznispawacze,4,right,249,13,0,0
kosmicznispawacze,4,right,250,13,0,0
kosmicznispawacze,4,right,251,13,0,0
kosmicznispawacze,4,right,252,13,0,0
kosmicznispawacze,4,right,253,13,0,0
kosmicznispawacze,4,right,254,13,0,0
kosmicznispawacze,4,right,255,13,0,0
kosmicznispawacze,4,right,256,13,0,0
kosmicznispawacze,4,right,257,13,0,0
kosmicznispawacze,4,right,258,13,0,0
kosmicznispawacze,4,right,259,13,0,0
kosmicznispawacze,4,right,260,13,0,0
kosmicznispawacze,4,right,261,13,0,0
kosmicznispawacze,4,right,262,13,0,0
kosmicznispawacze,4,right,263,14,0,0
kosmicznispawacze,4,right,264,14,0,0
kosmicznispawacze,4,right,265,14,0,0
kosmicznispawacze,4,right,266,14,0,0
kosmicznispawacze,4,right,267,14,0,0
kosmicznispawacze,4,right,268,14,0,0
kosmicznispawacze,4,right,269,14,0,0
kosmicznispawacze,4,right,270,14,0,0
kosmicznispawacze,4,right,271,14,0,0
kosmicznispawacze,4,right,272,14,0,0
kosmicznispawacze,4,right,273,14,0,0
kosmicznispawacze,4,right,274,14,0,0
kosmicznispawacze,4,right,275,14,0,0
kosmicznispawacze,4,right,276,14,0,0
kosmicznispawacze,4,right,277,14,0,0
kosmicznispawacze,4,right,278,14,0,0
kosmicznispawacze,4,right,279,14,0,0
kosmicznispawacze,4,right,280,14,0,0
kosmicznispawacze,4,right,281,14,0,0
kosmicznispawacze,4,right,282,14,0,0
kosmicznispawacze,4,right,283,15,0,0
kosmicznispawacze,4,right,284,15,0,0
kosmicznispawacze,4,right,285,15,0,0
kosmicznispawacze,4,right,286,15,0,0
kosmicznispawacze,4,right,287,15,0,0
kosmicznispawacze,4,right,288,15,0,0
kosmicznispawacze,4,right,289,15,0,0
kosmicznispawacze,4,right,290,15,0,0
kosmicznispawacze,4,right,291,15,0,0
kosmicznispawacze,4,right,292,15,0,0
kosmicznispawacze,4,right,293,15,0,0
kosmicznispawacze,4,right,294,15,0,0
kosmicznispawacze,4,right,295,15,0,0
kosmicznispawacze,4,right,296,15,0,0
kosmicznispawacze,4,right,297,15,0,0
kosmicznispawacze,4,right,298,15,0,0
kosmicznispawacze,4,right,299,15,0,0
kosmicznispawacze,4,right,300,15,0,0
kosmicznispawacze,4,right,301,15,0,0
kosmicznispawacze,4,right,302,16,0,0
kosmicznispawacze,4,right,303,16,0,0
kosmicznispawacze,4,right,304,16,0,0
kosmicznispawacze,4,right,305,16,0,0
kosmicznispawacze,4,right,306,16,0,0
kosmicznispawacze,4,right,307,16,0,0
kosmicznispawacze,4,right,308,16,0,0
kosmicznispawacze,4,right,309,16,0,0
kosmicznispawacze,4,right,310,16,0,0
kosmicznispawacze,4,right,311,16,0,0
kosmicznispawacze,4,right,312,16,0,0
kosmicznispawacze,4,right,313,16,0,0
kosmicznispawacze,4,right,314,16,0,0
kosmicznispawacze,4,right,315,16,0,0
kosmicznispawacze,4,right,316,16,0,0
kosmicznispawacze,4,right,317,16,0,0
kosmicznispawacze,4,right,318,16,0,0
kosmicznispawacze,4,right,319,17,0,0
kosmicznispawacze,4,right,320,17,0,0
kosmicznispawacze,4,right,321,17,0,0
kosmicznispawacze,4,right,322,17,0,0
kosmicznispawacze,4,right,323,17,0,0
kosmicznispawacze,4,right,324,17,0,0
kosmicznispawacze,4,right,325,17,0,0
kosmicznispawacze,4,right,326,17,0,0
kosmicznispawacze,4,right,327,17,0,0
kosmicznispawacze,4,right,328,17,0,0
kosmicznispawacze,4,right,329,17,0,0
kosmicznispawacze,4,right,330,17,0,0
kosmicznispawacze,4,right,331,17,0,0
kosmicznispawacze,4,right,332,17,0,0
kosmicznispawacze,4,right,333,17,0,0
kosmicznispawacze,4,right,334,17,0,0
kosmicznispawacze,4,right,335,18,0,0
kosmicznispawacze,4,right,336,18,0,0
kosmicznispawacze,4,right,337,18,0,0
kosmicznispawacze,4,right,338,18,0,0
kosmicznispawacze,4,right,339,18,0,0
kosmicznispawacze,4,right,340,18,0,0
kosmicznispawacze,4,right,341,18,0,0
kosmicznispawacze,4,right,342,18,0,0
kosmicznispawacze,4,right,343,18,0,0
kosmicznispawacze,4,right,344,18,0,0
kosmicznispawacze,4,right,345,18,0,0
kosmicznispawacze,4,right,346,18,0,0
kosmicznispawacze,4,right,347,18,0,0
kosmicznispawacze,4,right,348,18,0,0
kosmicznispawacze,4,right,349,18,0,0
kosmicznispawacze,4,right,350,18,0,0
kosmicznispawacze,4,right,351,18,0,0
kosmicznispawacze,4,right,352,18,0,0
kosmicznispawacze,4,right,353,18,0,0
kosmicznispawacze,4,right,354,18,0,0
kosmicznispawacze,4,right,355,18,0,0
kosmicznispawacze,4,right,356,18,0,0
kosmicznispawacze,4,right,357,18,0,0
kosmicznispawacze,4,right,358,18,0,0
kosmicznispawacze,4,right,359,18,0,0
kosmicznispawacze,4,right,360,18,0,0