team_name,train_number,left_right,frame_number,wagon,uic_0_1,uic_label
kosmicznispawacze,32,left,0,0,locomotive,0
kosmicznispawacze,32,left,1,0,locomotive,0
kosmicznispawacze,32,left,3,0,locomotive,0
kosmicznispawacze,32,left,4,0,locomotive,0
kosmicznispawacze,32,left,7,1,0,0
kosmicznispawacze,32,left,8,1,0,0
kosmicznispawacze,32,left,6,2,0,0
kosmicznispawacze,32,left,2,2,0,0
kosmicznispawacze,32,left,5,2,0,0
kosmicznispawacze,32,left,6,3,0,0
kosmicznispawacze,32,left,9,3,0,0
kosmicznispawacze,32,left,10,3,0,0
kosmicznispawacze,32,left,11,3,0,0
kosmicznispawacze,32,left,12,4,0,0
kosmicznispawacze,32,left,13,4,0,0
kosmicznispawacze,32,left,14,4,0,0
kosmicznispawacze,32,left,15,4,0,0
kosmicznispawacze,32,left,16,4,0,0
kosmicznispawacze,32,left,17,4,0,0
kosmicznispawacze,32,left,18,4,0,0
kosmicznispawacze,32,left,19,4,0,0
kosmicznispawacze,32,left,20,4,0,0
kosmicznispawacze,32,left,21,4,0,0
kosmicznispawacze,32,left,22,4,0,0
kosmicznispawacze,32,left,23,4,0,0
kosmicznispawacze,32,left,24,4,0,0
kosmicznispawacze,32,left,25,4,0,0
kosmicznispawacze,32,left,26,4,0,0
kosmicznispawacze,32,left,27,4,0,0
kosmicznispawacze,32,left,28,4,0,0
kosmicznispawacze,32,left,29,4,0,0
kosmicznispawacze,32,left,30,4,0,0
kosmicznispawacze,32,left,31,4,0,0
kosmicznispawacze,32,left,32,4,0,0
kosmicznispawacze,32,left,33,4,0,0
kosmicznispawacze,32,left,34,5,0,0
kosmicznispawacze,32,left,35,5,0,0
kosmicznispawacze,32,left,36,5,0,0
kosmicznispawacze,32,left,37,5,0,0
kosmicznispawacze,32,left,38,5,0,0
kosmicznispawacze,32,left,39,5,0,0
kosmicznispawacze,32,left,40,5,0,0
kosmicznispawacze,32,left,41,5,0,0
kosmicznispawacze,32,left,42,5,0,0
kosmicznispawacze,32,left,43,5,0,0
kosmicznispawacze,32,left,44,5,0,0
kosmicznispawacze,32,left,45,5,0,0
kosmicznispawacze,32,left,46,5,0,0
kosmicznispawacze,32,left,47,5,0,0
kosmicznispawacze,32,left,48,5,0,0
kosmicznispawacze,32,left,49,5,0,0
kosmicznispawacze,32,left,50,5,0,0
kosmicznispawacze,32,left,51,5,0,0
kosmicznispawacze,32,left,52,5,0,0
kosmicznispawacze,32,left,53,5,0,0
kosmicznispawacze,32,left,54,5,0,0
kosmicznispawacze,32,left,55,5,0,0
kosmicznispawacze,32,left,56,5,0,0
kosmicznispawacze,32,left,57,5,0,0
kosmicznispawacze,32,left,58,5,0,0
kosmicznispawacze,32,left,59,5,0,0
kosmicznispawacze,32,left,60,5,0,0
kosmicznispawacze,32,left,61,6,0,0
kosmicznispawacze,32,left,62,6,0,0
kosmicznispawacze,32,left,63,6,0,0
kosmicznispawacze,32,left,64,6,0,0
kosmicznispawacze,32,left,65,6,0,0
kosmicznispawacze,32,left,66,6,0,0
kosmicznispawacze,32,left,67,6,0,0
kosmicznispawacze,32,left,68,6,0,0
kosmicznispawacze,32,left,69,6,0,0
kosmicznispawacze,32,left,70,6,0,0
kosmicznispawacze,32,left,71,6,0,0
kosmicznispawacze,32,left,72,6,0,0
kosmicznispawacze,32,left,73,6,0,0
kosmicznispawacze,32,left,74,6,0,0
kosmicznispawacze,32,left,75,6,0,0
kosmicznispawacze,32,left,76,6,0,0
kosmicznispawacze,32,left,77,6,0,0
kosmicznispawacze,32,left,78,6,0,0
kosmicznispawacze,32,left,79,6,0,0
kosmicznispawacze,32,left,80,6,0,0
kosmicznispawacze,32,left,81,6,0,0
kosmicznispawacze,32,left,82,6,0,0
kosmicznispawacze,32,left,83,6,0,0
kosmicznispawacze,32,left,84,6,0,0
kosmicznispawacze,32,left,85,6,0,0
kosmicznispawacze,32,left,86,6,0,0
kosmicznispawacze,32,left,87,6,0,0
kosmicznispawacze,32,left,88,6,0,0
kosmicznispawacze,32,left,89,6,0,0
kosmicznispawacze,32,left,90,6,0,0
kosmicznispawacze,32,left,91,6,0,0
kosmicznispawacze,32,left,92,6,0,0
kosmicznispawacze,32,left,93,6,0,0
kosmicznispawacze,32,left,94,6,0,0
kosmicznispawacze,32,left,95,6,0,0
kosmicznispawacze,32,left,96,6,0,0
kosmicznispawacze,32,left,97,6,0,0
kosmicznispawacze,32,left,98,6,0,0
kosmicznispawacze,32,left,99,6,0,0
kosmicznispawacze,32,left,100,6,0,0
kosmicznispawacze,32,left,101,6,0,0
kosmicznispawacze,32,left,102,6,0,0
kosmicznispawacze,32,left,103,6,0,0
kosmicznispawacze,32,left,104,6,0,0
kosmicznispawacze,32,left,105,6,0,0
kosmicznispawacze,32,left,106,6,0,0
kosmicznispawacze,32,left,107,6,0,0
kosmicznispawacze,32,left,108,6,0,0
kosmicznispawacze,32,left,109,6,0,0
kosmicznispawacze,32,left,110,6,0,0
kosmicznispawacze,32,left,111,6,0,0
kosmicznispawacze,32,left,112,6,0,0
kosmicznispawacze,32,left,113,6,0,0
kosmicznispawacze,32,left,114,6,0,0
kosmicznispawacze,32,left,115,6,0,0
kosmicznispawacze,32,left,116,7,0,0
kosmicznispawacze,32,left,117,7,0,0
kosmicznispawacze,32,left,118,7,0,0
kosmicznispawacze,32,left,119,7,0,0
kosmicznispawacze,32,left,120,7,0,0
kosmicznispawacze,32,left,121,7,0,0
kosmicznispawacze,32,left,122,7,0,0
kosmicznispawacze,32,left,123,7,0,0
kosmicznispawacze,32,left,124,7,0,0
kosmicznispawacze,32,left,125,7,0,0
kosmicznispawacze,32,left,126,7,0,0
kosmicznispawacze,32,left,127,7,0,0
kosmicznispawacze,32,left,128,7,0,0
kosmicznispawacze,32,left,129,7,0,0
kosmicznispawacze,32,left,130,7,0,0
kosmicznispawacze,32,left,131,7,0,0
kosmicznispawacze,32,left,132,7,0,0
kosmicznispawacze,32,left,133,7,0,0
kosmicznispawacze,32,left,134,7,0,0
kosmicznispawacze,32,left,135,7,0,0
kosmicznispawacze,32,left,136,7,0,0
kosmicznispawacze,32,left,137,7,0,0
kosmicznispawacze,32,left,138,7,0,0
kosmicznispawacze,32,left,139,7,0,0
kosmicznispawacze,32,left,140,7,0,0
kosmicznispawacze,32,left,141,7,0,0
kosmicznispawacze,32,left,142,7,0,0
kosmicznispawacze,32,left,143,7,0,0
kosmicznispawacze,32,left,144,7,0,0
kosmicznispawacze,32,left,145,8,0,0
kosmicznispawacze,32,left,146,8,0,0
kosmicznispawacze,32,left,147,8,0,0
kosmicznispawacze,32,left,148,8,0,0
kosmicznispawacze,32,left,149,8,0,0
kosmicznispawacze,32,left,150,8,0,0
kosmicznispawacze,32,left,151,8,0,0
kosmicznispawacze,32,left,152,8,0,0
kosmicznispawacze,32,left,153,8,0,0
kosmicznispawacze,32,left,154,8,0,0
kosmicznispawacze,32,left,155,8,0,0
kosmicznispawacze,32,left,156,8,0,0
kosmicznispawacze,32,left,157,8,0,0
kosmicznispawacze,32,left,158,8,0,0
kosmicznispawacze,32,left,159,8,0,0
kosmicznispawacze,32,left,160,8,0,0
kosmicznispawacze,32,left,161,8,0,0
kosmicznispawacze,32,left,162,8,0,0
kosmicznispawacze,32,left,163,8,0,0
kosmicznispawacze,32,left,164,8,0,0
kosmicznispawacze,32,left,165,8,0,0
kosmicznispawacze,32,left,166,8,0,0
kosmicznispawacze,32,left,167,8,0,0
kosmicznispawacze,32,left,168,8,0,0
kosmicznispawacze,32,left,169,8,0,0
kosmicznispawacze,32,left,170,8,0,0
kosmicznispawacze,32,left,171,8,0,0
kosmicznispawacze,32,left,172,8,0,0
kosmicznispawacze,32,left,173,8,0,0
kosmicznispawacze,32,left,174,8,0,0
kosmicznispawacze,32,left,175,9,0,0
kosmicznispawacze,32,left,176,9,0,0
kosmicznispawacze,32,left,177,9,0,0
kosmicznispawacze,32,left,178,9,0,0
kosmicznispawacze,32,left,179,9,0,0
kosmicznispawacze,32,left,180,9,0,0
kosmicznispawacze,32,left,181,9,0,0
kosmicznispawacze,32,left,182,9,0,0
kosmicznispawacze,32,left,183,9,0,0
kosmicznispawacze,32,left,184,9,0,0
kosmicznispawacze,32,left,185,9,0,0
kosmicznispawacze,32,left,186,9,0,0
kosmicznispawacze,32,left,187,9,0,0
kosmicznispawacze,32,left,188,9,0,0
kosmicznispawacze,32,left,189,9,0,0
kosmicznispawacze,32,left,190,9,0,0
kosmicznispawacze,32,left,191,9,0,0
kosmicznispawacze,32,left,192,9,0,0
kosmicznispawacze,32,left,193,9,0,0
kosmicznispawacze,32,left,194,9,0,0
kosmicznispawacze,32,left,195,9,0,0
kosmicznispawacze,32,left,196,9,0,0
kosmicznispawacze,32,left,197,9,0,0
kosmicznispawacze,32,left,198,9,0,0
kosmicznispawacze,32,left,199,9,0,0
kosmicznispawacze,32,left,200,9,0,0
kosmicznispawacze,32,left,201,10,0,0
kosmicznispawacze,32,left,202,10,0,0
kosmicznispawacze,32,left,203,10,0,0
kosmicznispawacze,32,left,204,10,0,0
kosmicznispawacze,32,left,205,10,0,0
kosmicznispawacze,32,left,206,10,0,0
kosmicznispawacze,32,left,207,10,0,0
kosmicznispawacze,32,left,208,10,0,0
kosmicznispawacze,32,left,209,10,0,0
kosmicznispawacze,32,left,210,10,0,0
kosmicznispawacze,32,left,211,10,0,0
kosmicznispawacze,32,left,212,10,0,0
kosmicznispawacze,32,left,213,10,0,0
kosmicznispawacze,32,left,214,10,0,0
kosmicznispawacze,32,left,215,10,0,0
kosmicznispawacze,32,left,216,10,0,0
kosmicznispawacze,32,left,217,10,0,0
kosmicznispawacze,32,left,218,10,0,0
kosmicznispawacze,32,left,219,10,0,0
kosmicznispawacze,32,left,220,10,0,0
kosmicznispawacze,32,left,221,10,0,0
kosmicznispawacze,32,left,222,10,0,0
kosmicznispawacze,32,left,223,10,0,0
kosmicznispawacze,32,left,224,10,0,0
kosmicznispawacze,32,left,225,10,0,0
kosmicznispawacze,32,left,226,10,0,0
kosmicznispawacze,32,left,227,10,0,0
kosmicznispawacze,32,left,228,10,0,0
kosmicznispawacze,32,left,229,10,0,0
kosmicznispawacze,32,left,230,10,0,0
kosmicznispawacze,32,left,231,11,0,0
kosmicznispawacze,32,left,232,11,0,0
kosmicznispawacze,32,left,233,11,0,0
kosmicznispawacze,32,left,234,11,0,0
kosmicznispawacze,32,left,235,11,0,0
kosmicznispawacze,32,left,236,11,0,0
kosmicznispawacze,32,left,237,11,0,0
kosmicznispawacze,32,left,238,11,0,0
kosmicznispawacze,32,left,239,11,0,0
kosmicznispawacze,32,left,240,11,0,0
kosmicznispawacze,32,left,241,11,0,0
kosmicznispawacze,32,left,242,11,0,0
kosmicznispawacze,32,left,243,11,0,0
kosmicznispawacze,32,left,244,11,0,0
kosmicznispawacze,32,left,245,11,0,0
kosmicznispawacze,32,left,246,11,0,0
kosmicznispawacze,32,left,247,11,0,0
kosmicznispawacze,32,left,248,11,0,0
kosmicznispawacze,32,left,249,11,0,0
kosmicznispawacze,32,left,250,11,0,0
kosmicznispawacze,32,left,251,11,0,0
kosmicznispawacze,32,left,252,11,0,0
kosmicznispawacze,32,left,253,11,0,0
kosmicznispawacze,32,left,254,11,0,0
kosmicznispawacze,32,left,255,11,0,0
kosmicznispawacze,32,left,256,11,0,0
kosmicznispawacze,32,left,257,11,0,0
kosmicznispawacze,32,left,258,11,0,0
kosmicznispawacze,32,left,259,12,0,0
kosmicznispawacze,32,left,260,12,0,0
kosmicznispawacze,32,left,261,12,0,0
kosmicznispawacze,32,left,262,12,0,0
kosmicznispawacze,32,left,263,12,0,0
kosmicznispawacze,32,left,264,12,0,0
kosmicznispawacze,32,left,265,12,0,0
kosmicznispawacze,32,left,266,12,0,0
kosmicznispawacze,32,left,267,12,0,0
kosmicznispawacze,32,left,268,12,0,0
kosmicznispawacze,32,left,269,12,0,0
kosmicznispawacze,32,left,270,12,0,0
kosmicznispawacze,32,left,271,12,0,0
kosmicznispawacze,32,left,272,12,0,0
kosmicznispawacze,32,left,273,12,0,0
kosmicznispawacze,32,left,274,12,0,0
kosmicznispawacze,32,left,275,12,0,0
kosmicznispawacze,32,left,276,12,0,0
kosmicznispawacze,32,left,277,12,0,0
kosmicznispawacze,32,left,278,12,0,0
kosmicznispawacze,32,left,279,12,0,0
kosmicznispawacze,32,left,280,12,0,0
kosmicznispawacze,32,left,281,12,0,0
kosmicznispawacze,32,left,282,12,0,0
kosmicznispawacze,32,left,283,12,0,0
kosmicznispawacze,32,left,284,12,0,0
kosmicznispawacze,32,left,285,12,0,0
kosmicznispawacze,32,left,286,12,0,0
kosmicznispawacze,32,left,287,12,0,0
kosmicznispawacze,32,left,288,12,0,0
kosmicznispawacze,32,left,289,12,0,0
kosmicznispawacze,32,left,290,13,0,0
kosmicznispawacze,32,left,291,13,0,0
kosmicznispawacze,32,left,292,13,0,0
kosmicznispawacze,32,left,293,13,0,0
kosmicznispawacze,32,left,294,13,0,0
kosmicznispawacze,32,left,295,13,0,0
kosmicznispawacze,32,left,296,13,0,0
kosmicznispawacze,32,left,297,13,0,0
kosmicznispawacze,32,left,298,13,0,0
kosmicznispawacze,32,left,299,13,0,0
kosmicznispawacze,32,left,300,13,0,0
kosmicznispawacze,32,left,301,13,0,0
kosmicznispawacze,32,left,302,13,0,0
kosmicznispawacze,32,left,303,13,0,0
kosmicznispawacze,32,left,304,13,0,0
kosmicznispawacze,32,left,305,13,0,0
kosmicznispawacze,32,left,306,13,0,0
kosmicznispawacze,32,left,307,13,0,0
kosmicznispawacze,32,left,308,13,0,0
kosmicznispawacze,32,left,309,13,0,0
kosmicznispawacze,32,left,310,13,0,0
kosmicznispawacze,32,left,311,13,0,0
kosmicznispawacze,32,left,312,13,0,0
kosmicznispawacze,32,left,313,13,0,0
kosmicznispawacze,32,left,314,13,0,0
kosmicznispawacze,32,left,315,13,0,0
kosmicznispawacze,32,left,316,13,0,0
kosmicznispawacze,32,left,317,13,0,0
kosmicznispawacze,32,left,318,13,0,0
kosmicznispawacze,32,left,319,13,0,0
kosmicznispawacze,32,left,320,13,0,0
kosmicznispawacze,32,left,321,13,0,0
kosmicznispawacze,32,left,322,14,0,0
kosmicznispawacze,32,left,323,14,0,0
kosmicznispawacze,32,left,324,14,0,0
kosmicznispawacze,32,left,325,14,0,0
kosmicznispawacze,32,left,326,14,0,0
kosmicznispawacze,32,left,327,14,0,0
kosmicznispawacze,32,left,328,14,0,0
kosmicznispawacze,32,left,329,14,0,0
kosmicznispawacze,32,left,330,14,0,0
kosmicznispawacze,32,left,331,14,0,0
kosmicznispawacze,32,left,332,14,0,0
kosmicznispawacze,32,left,333,14,0,0
kosmicznispawacze,32,left,334,14,0,0
kosmicznispawacze,32,left,335,14,0,0
kosmicznispawacze,32,left,336,14,0,0
kosmicznispawacze,32,left,337,14,0,0
kosmicznispawacze,32,left,338,14,0,0
kosmicznispawacze,32,left,339,14,0,0
kosmicznispawacze,32,left,340,14,0,0
kosmicznispawacze,32,left,341,14,0,0
kosmicznispawacze,32,left,342,14,0,0
kosmicznispawacze,32,left,343,14,0,0
kosmicznispawacze,32,left,344,14,0,0
kosmicznispawacze,32,left,345,14,0,0
kosmicznispawacze,32,left,346,14,0,0
kosmicznispawacze,32,left,347,14,0,0
kosmicznispawacze,32,left,348,14,0,0
kosmicznispawacze,32,left,349,14,0,0
kosmicznispawacze,32,left,350,14,0,0
kosmicznispawacze,32,left,351,14,0,0
kosmicznispawacze,32,left,352,14,0,0
kosmicznispawacze,32,left,353,14,0,0
kosmicznispawacze,32,left,354,15,0,0
kosmicznispawacze,32,left,355,15,0,0
kosmicznispawacze,32,left,356,15,0,0
kosmicznispawacze,32,left,357,15,0,0
kosmicznispawacze,32,left,358,15,0,0
kosmicznispawacze,32,left,359,15,0,0
kosmicznispawacze,32,left,360,15,0,0
kosmicznispawacze,32,left,361,15,0,0
kosmicznispawacze,32,left,362,15,0,0
kosmicznispawacze,32,left,363,15,0,0
kosmicznispawacze,32,left,364,15,0,0
kosmicznispawacze,32,left,365,15,0,0
kosmicznispawacze,32,left,366,15,0,0
kosmicznispawacze,32,left,367,15,0,0
kosmicznispawacze,32,left,368,15,0,0
kosmicznispawacze,32,left,369,15,0,0
kosmicznispawacze,32,left,370,15,0,0
kosmicznispawacze,32,left,371,15,0,0
kosmicznispawacze,32,left,372,15,0,0
kosmicznispawacze,32,left,373,15,0,0
kosmicznispawacze,32,left,374,15,0,0
kosmicznispawacze,32,left,375,15,0,0
kosmicznispawacze,32,left,376,15,0,0
kosmicznispawacze,32,left,377,15,0,0
kosmicznispawacze,32,left,378,15,0,0
kosmicznispawacze,32,left,379,15,0,0
kosmicznispawacze,32,left,380,15,0,0
kosmicznispawacze,32,left,381,15,0,0
kosmicznispawacze,32,left,382,15,0,0
kosmicznispawacze,32,left,383,15,0,0
kosmicznispawacze,32,left,384,15,0,0
kosmicznispawacze,32,left,385,15,0,0
kosmicznispawacze,32,left,386,15,0,0
kosmicznispawacze,32,left,387,16,0,0
kosmicznispawacze,32,left,388,16,0,0
kosmicznispawacze,32,left,389,16,0,0
kosmicznispawacze,32,left,390,16,0,0
kosmicznispawacze,32,left,391,16,0,0
kosmicznispawacze,32,left,392,16,0,0
kosmicznispawacze,32,left,393,16,0,0
kosmicznispawacze,32,left,394,16,0,0
kosmicznispawacze,32,left,395,16,0,0
kosmicznispawacze,32,left,396,16,0,0
kosmicznispawacze,32,left,397,16,0,0
kosmicznispawacze,32,left,398,16,0,0
kosmicznispawacze,32,left,399,16,0,0
kosmicznispawacze,32,left,400,16,0,0
kosmicznispawacze,32,left,401,16,0,0
kosmicznispawacze,32,left,402,16,0,0
kosmicznispawacze,32,left,403,16,0,0
kosmicznispawacze,32,left,404,16,0,0
kosmicznispawacze,32,left,405,16,0,0
kosmicznispawacze,32,left,406,16,0,0
kosmicznispawacze,32,left,407,16,0,0
kosmicznispawacze,32,left,408,16,0,0
kosmicznispawacze,32,left,409,16,0,0
kosmicznispawacze,32,left,410,16,0,0
kosmicznispawacze,32,left,411,16,0,0
kosmicznispawacze,32,left,412,16,0,0
kosmicznispawacze,32,left,413,16,0,0
kosmicznispawacze,32,left,414,16,0,0
kosmicznispawacze,32,left,415,16,0,0
kosmicznispawacze,32,left,416,16,0,0
kosmicznispawacze,32,left,417,16,0,0
kosmicznispawacze,32,left,418,16,0,0
kosmicznispawacze,32,left,419,16,0,0
kosmicznispawacze,32,left,420,16,0,0
kosmicznispawacze,32,left,421,16,0,0
kosmicznispawacze,32,left,422,17,0,0
kosmicznispawacze,32,left,423,17,0,0
kosmicznispawacze,32,left,424,17,0,0
kosmicznispawacze,32,left,425,17,0,0
kosmicznispawacze,32,left,426,18,0,0
kosmicznispawacze,32,left,427,18,0,0