team_name,train_number,left_right,frame_number,wagon,uic_0_1,uic_label
kosmicznispawacze,49,left,0,0,locomotive,0
kosmicznispawacze,49,left,1,0,locomotive,0
kosmicznispawacze,49,left,2,0,locomotive,0
kosmicznispawacze,49,left,3,0,locomotive,0
kosmicznispawacze,49,left,4,0,locomotive,0
kosmicznispawacze,49,left,5,1,0,0
kosmicznispawacze,49,left,6,1,0,0
kosmicznispawacze,49,left,7,2,0,0
kosmicznispawacze,49,left,8,2,0,0
kosmicznispawacze,49,left,9,2,0,0
kosmicznispawacze,49,left,10,2,0,0
kosmicznispawacze,49,left,11,2,0,0
kosmicznispawacze,49,left,12,2,0,0
kosmicznispawacze,49,left,13,2,0,0
kosmicznispawacze,49,left,14,2,0,0
kosmicznispawacze,49,left,15,2,0,0
kosmicznispawacze,49,left,16,2,0,0
kosmicznispawacze,49,left,17,2,0,0
kosmicznispawacze,49,left,18,2,0,0
kosmicznispawacze,49,left,19,2,0,0
kosmicznispawacze,49,left,20,2,0,0
kosmicznispawacze,49,left,21,2,0,0
kosmicznispawacze,49,left,22,2,0,0
kosmicznispawacze,49,left,23,2,0,0
kosmicznispawacze,49,left,24,2,0,0
kosmicznispawacze,49,left,25,2,0,0
kosmicznispawacze,49,left,26,2,0,0
kosmicznispawacze,49,left,27,2,0,0
kosmicznispawacze,49,left,28,2,0,0
kosmicznispawacze,49,left,29,2,0,0
kosmicznispawacze,49,left,30,2,0,0
kosmicznispawacze,49,left,31,2,0,0
kosmicznispawacze,49,left,32,3,0,0
kosmicznispawacze,49,left,33,3,0,0
kosmicznispawacze,49,left,34,3,0,0
kosmicznispawacze,49,left,35,3,0,0
kosmicznispawacze,49,left,36,3,0,0
kosmicznispawacze,49,left,37,3,0,0
kosmicznispawacze,49,left,38,3,0,0
kosmicznispawacze,49,left,39,3,0,0
kosmicznispawacze,49,left,40,3,0,0
kosmicznispawacze,49,left,41,3,0,0
kosmicznispawacze,49,left,42,3,0,0
kosmicznispawacze,49,left,43,3,0,0
kosmicznispawacze,49,left,44,3,0,0
kosmicznispawacze,49,left,45,3,0,0
kosmicznispawacze,49,left,46,3,0,0
kosmicznispawacze,49,left,47,3,0,0
kosmicznispawacze,49,left,48,3,0,0
kosmicznispawacze,49,left,49,3,0,0
kosmicznispawacze,49,left,50,3,0,0
kosmicznispawacze,49,left,51,3,0,0
kosmicznispawacze,49,left,52,3,0,0
kosmicznispawacze,49,left,53,3,0,0
kosmicznispawacze,49,left,54,3,0,0
kosmicznispawacze,49,left,55,3,0,0
kosmicznispawacze,49,left,56,3,0,0
kosmicznispawacze,49,left,57,4,0,0
kosmicznispawacze,49,left,58,4,0,0
kosmicznispawacze,49,left,59,4,0,0
kosmicznispawacze,49,left,60,4,0,0
kosmicznispawacze,49,left,61,4,0,0
kosmicznispawacze,49,left,62,4,0,0
kosmicznispawacze,49,left,63,4,0,0
kosmicznispawacze,49,left,64,4,0,0
kosmicznispawacze,49,left,65,4,0,0
kosmicznispawacze,49,left,66,4,0,0
kosmicznispawacze,49,left,67,4,0,0
kosmicznispawacze,49,left,68,4,0,0
kosmicznispawacze,49,left,69,4,0,0
kosmicznispawacze,49,left,70,4,0,0
kosmicznispawacze,49,left,71,4,0,0
kosmicznispawacze,49,left,72,4,0,0
kosmicznispawacze,49,left,73,4,0,0
kosmicznispawacze,49,left,74,4,0,0
kosmicznispawacze,49,left,75,4,0,0
kosmicznispawacze,49,left,76,4,0,0
kosmicznispawacze,49,left,77,4,0,0
kosmicznispawacze,49,left,78,4,0,0
kosmicznispawacze,49,left,79,4,0,0
kosmicznispawacze,49,left,80,4,0,0
kosmicznispawacze,49,left,81,5,0,0
kosmicznispawacze,49,left,82,5,0,0
kosmicznispawacze,49,left,83,5,0,0
kosmicznispawacze,49,left,84,5,0,0
kosmicznispawacze,49,left,85,5,0,0
kosmicznispawacze,49,left,86,5,0,0
kosmicznispawacze,49,left,87,5,0,0
kosmicznispawacze,49,left,88,5,0,0
kosmicznispawacze,49,left,89,5,0,0
kosmicznispawacze,49,left,90,5,0,0
kosmicznispawacze,49,left,91,5,0,0
kosmicznispawacze,49,left,92,5,0,0
kosmicznispawacze,49,left,93,5,0,0
kosmicznispawacze,49,left,94,5,0,0
kosmicznispawacze,49,left,95,5,0,0
kosmicznispawacze,49,left,96,5,0,0
kosmicznispawacze,49,left,97,5,0,0
kosmicznispawacze,49,left,98,5,0,0
kosmicznispawacze,49,left,99,5,0,0
kosmicznispawacze,49,left,100,5,0,0
kosmicznispawacze,49,left,101,5,0,0
kosmicznispawacze,49,left,102,5,0,0
kosmicznispawacze,49,left,103,5,0,0
kosmicznispawacze,49,left,104,5,0,0
kosmicznispawacze,49,left,105,5,0,0
kosmicznispawacze,49,left,106,5,0,0
kosmicznispawacze,49,left,107,6,0,0
kosmicznispawacze,49,left,108,6,0,0
kosmicznispawacze,49,left,109,6,0,0
kosmicznispawacze,49,left,110,6,0,0
kosmicznispawacze,49,left,111,6,0,0
kosmicznispawacze,49,left,112,6,0,0
kosmicznispawacze,49,left,113,6,0,0
kosmicznispawacze,49,left,114,6,0,0
kosmicznispawacze,49,left,115,6,0,0
kosmicznispawacze,49,left,116,6,0,0
kosmicznispawacze,49,left,117,6,0,0
kosmicznispawacze,49,left,118,6,0,0
kosmicznispawacze,49,left,119,6,0,0
kosmicznispawacze,49,left,120,6,0,0
kosmicznispawacze,49,left,121,6,0,0
kosmicznispawacze,49,left,122,6,0,0
kosmicznispawacze,49,left,123,6,0,0
kosmicznispawacze,49,left,124,6,0,0
kosmicznispawacze,49,left,125,6,0,0
kosmicznispawacze,49,left,126,6,0,0
kosmicznispawacze,49,left,127,6,0,0
kosmicznispawacze,49,left,128,6,0,0
kosmicznispawacze,49,left,129,6,0,0
kosmicznispawacze,49,left,130,6,0,0
kosmicznispawacze,49,left,131,6,0,0
kosmicznispawacze,49,left,132,6,0,0
kosmicznispawacze,49,left,133,6,0,0
kosmicznispawacze,49,left,134,6,0,0
kosmicznispawacze,49,left,135,6,0,0
kosmicznispawacze,49,left,136,6,0,0
kosmicznispawacze,49,left,137,6,0,0
kosmicznispawacze,49,left,138,6,0,0
kosmicznispawacze,49,left,139,6,0,0
kosmicznispawacze,49,left,140,6,0,0
kosmicznispawacze,49,left,141,6,0,0
kosmicznispawacze,49,left,142,6,0,0
kosmicznispawacze,49,left,143,6,0,0
kosmicznispawacze,49,left,144,6,0,0
kosmicznispawacze,49,left,145,6,0,0
kosmicznispawacze,49,left,146,6,0,0
kosmicznispawacze,49,left,147,6,0,0
kosmicznispawacze,49,left,148,6,0,0
kosmicznispawacze,49,left,149,6,0,0
kosmicznispawacze,49,left,150,6,0,0
kosmicznispawacze,49,left,151,6,0,0
kosmicznispawacze,49,left,152,6,0,0
kosmicznispawacze,49,left,153,6,0,0
kosmicznispawacze,49,left,154,6,0,0
kosmicznispawacze,49,left,155,6,0,0
kosmicznispawacze,49,left,156,6,0,0
kosmicznispawacze,49,left,157,6,0,0
kosmicznispawacze,49,left,158,6,0,0
kosmicznispawacze,49,left,159,6,0,0
kosmicznispawacze,49,left,160,7,0,0
kosmicznispawacze,49,left,161,7,0,0
kosmicznispawacze,49,left,162,7,0,0
kosmicznispawacze,49,left,163,7,0,0
kosmicznispawacze,49,left,164,7,0,0
kosmicznispawacze,49,left,165,7,0,0
kosmicznispawacze,49,left,166,7,0,0
kosmicznispawacze,49,left,167,7,0,0
kosmicznispawacze,49,left,168,7,0,0
kosmicznispawacze,49,left,169,7,0,0
kosmicznispawacze,49,left,170,7,0,0
kosmicznispawacze,49,left,171,7,0,0
kosmicznispawacze,49,left,172,7,0,0
kosmicznispawacze,49,left,173,7,0,0
kosmicznispawacze,49,left,174,7,0,0
kosmicznispawacze,49,left,175,7,0,0
kosmicznispawacze,49,left,176,7,0,0
kosmicznispawacze,49,left,177,7,0,0
kosmicznispawacze,49,left,178,7,0,0
kosmicznispawacze,49,left,179,7,0,0
kosmicznispawacze,49,left,180,7,0,0
kosmicznispawacze,49,left,181,7,0,0
kosmicznispawacze,49,left,182,7,0,0
kosmicznispawacze,49,left,183,7,0,0
kosmicznispawacze,49,left,184,7,0,0
kosmicznispawacze,49,left,185,7,0,0
kosmicznispawacze,49,left,186,7,0,0
kosmicznispawacze,49,left,187,7,0,0
kosmicznispawacze,49,left,188,8,0,0
kosmicznispawacze,49,left,189,8,0,0
kosmicznispawacze,49,left,190,8,0,0
kosmicznispawacze,49,left,191,8,0,0
kosmicznispawacze,49,left,192,8,0,0
kosmicznispawacze,49,left,193,8,0,0
kosmicznispawacze,49,left,194,8,0,0
kosmicznispawacze,49,left,195,8,0,0
kosmicznispawacze,49,left,196,8,0,0
kosmicznispawacze,49,left,197,8,0,0
kosmicznispawacze,49,left,198,8,0,0
kosmicznispawacze,49,left,199,8,0,0
kosmicznispawacze,49,left,200,8,0,0
kosmicznispawacze,49,left,201,8,0,0
kosmicznispawacze,49,left,202,8,0,0
kosmicznispawacze,49,left,203,8,0,0
kosmicznispawacze,49,left,204,8,0,0
kosmicznispawacze,49,left,205,8,0,0
kosmicznispawacze,49,left,206,8,0,0
kosmicznispawacze,49,left,207,8,0,0
kosmicznispawacze,49,left,208,8,0,0
kosmicznispawacze,49,left,209,8,0,0
kosmicznispawacze,49,left,210,8,0,0
kosmicznispawacze,49,left,211,8,0,0
kosmicznispawacze,49,left,212,8,0,0
kosmicznispawacze,49,left,213,8,0,0
kosmicznispawacze,49,left,214,8,0,0
kosmicznispawacze,49,left,215,8,0,0
kosmicznispawacze,49,left,216,9,0,0
kosmicznispawacze,49,left,217,9,0,0
kosmicznispawacze,49,left,218,9,0,0
kosmicznispawacze,49,left,219,9,0,0
kosmicznispawacze,49,left,220,9,0,0
kosmicznispawacze,49,left,221,9,0,0
kosmicznispawacze,49,left,222,9,0,0
kosmicznispawacze,49,left,223,9,0,0
kosmicznispawacze,49,left,224,9,0,0
kosmicznispawacze,49,left,225,9,0,0
kosmicznispawacze,49,left,226,9,0,0
kosmicznispawacze,49,left,227,9,0,0
kosmicznispawacze,49,left,228,9,0,0
kosmicznispawacze,49,left,229,9,0,0
kosmicznispawacze,49,left,230,9,0,0
kosmicznispawacze,49,left,231,9,0,0
kosmicznispawacze,49,left,232,9,0,0
kosmicznispawacze,49,left,233,9,0,0
kosmicznispawacze,49,left,234,9,0,0
kosmicznispawacze,49,left,235,9,0,0
kosmicznispawacze,49,left,236,9,0,0
kosmicznispawacze,49,left,237,9,0,0
kosmicznispawacze,49,left,238,9,0,0
kosmicznispawacze,49,left,239,9,0,0
kosmicznispawacze,49,left,240,9,0,0
kosmicznispawacze,49,left,241,9,0,0
kosmicznispawacze,49,left,242,9,0,0
kosmicznispawacze,49,left,243,9,0,0
kosmicznispawacze,49,left,244,9,0,0
kosmicznispawacze,49,left,245,10,0,0
kosmicznispawacze,49,left,246,10,0,0
kosmicznispawacze,49,left,247,10,0,0
kosmicznispawacze,49,left,248,10,0,0
kosmicznispawacze,49,left,249,10,0,0
kosmicznispawacze,49,left,250,10,0,0
kosmicznispawacze,49,left,251,10,0,0
kosmicznispawacze,49,left,252,10,0,0
kosmicznispawacze,49,left,253,10,0,0
kosmicznispawacze,49,left,254,10,0,0
kosmicznispawacze,49,left,255,10,0,0
kosmicznispawacze,49,left,256,10,0,0
kosmicznispawacze,49,left,257,10,0,0
kosmicznispawacze,49,left,258,10,0,0
kosmicznispawacze,49,left,259,10,0,0
kosmicznispawacze,49,left,260,10,0,0
kosmicznispawacze,49,left,261,10,0,0
kosmicznispawacze,49,left,262,10,0,0
kosmicznispawacze,49,left,263,10,0,0
kosmicznispawacze,49,left,264,10,0,0
kosmicznispawacze,49,left,265,10,0,0
kosmicznispawacze,49,left,266,10,0,0
kosmicznispawacze,49,left,267,10,0,0
kosmicznispawacze,49,left,268,10,0,0
kosmicznispawacze,49,left,269,10,0,0
kosmicznispawacze,49,left,270,10,0,0
kosmicznispawacze,49,left,271,10,0,0
kosmicznispawacze,49,left,272,10,0,0
kosmicznispawacze,49,left,273,10,0,0
kosmicznispawacze,49,left,274,11,0,0
kosmicznispawacze,49,left,275,11,0,0
kosmicznispawacze,49,left,276,11,0,0
kosmicznispawacze,49,left,277,11,0,0
kosmicznispawacze,49,left,278,11,0,0
kosmicznispawacze,49,left,279,11,0,0
kosmicznispawacze,49,left,280,11,0,0
kosmicznispawacze,49,left,281,11,0,0
kosmicznispawacze,49,left,282,11,0,0
kosmicznispawacze,49,left,283,11,0,0
kosmicznispawacze,49,left,284,11,0,0
kosmicznispawacze,49,left,285,11,0,0
kosmicznispawacze,49,left,286,11,0,0
kosmicznispawacze,49,left,287,11,0,0
kosmicznispawacze,49,left,288,11,0,0
kosmicznispawacze,49,left,289,11,0,0
kosmicznispawacze,49,left,290,11,0,0
kosmicznispawacze,49,left,291,11,0,0
kosmicznispawacze,49,left,292,11,0,0
kosmicznispawacze,49,left,293,11,0,0
kosmicznispawacze,49,left,294,11,0,0
kosmicznispawacze,49,left,295,11,0,0
kosmicznispawacze,49,left,296,11,0,0
kosmicznispawacze,49,left,297,11,0,0
kosmicznispawacze,49,left,298,11,0,0
kosmicznispawacze,49,left,299,11,0,0
kosmicznispawacze,49,left,300,11,0,0
kosmicznispawacze,49,left,301,11,0,0
kosmicznispawacze,49,left,302,11,0,0
kosmicznispawacze,49,left,303,11,0,0
kosmicznispawacze,49,left,304,12,0,0
kosmicznispawacze,49,left,305,12,0,0
kosmicznispawacze,49,left,306,12,0,0
kosmicznispawacze,49,left,307,12,0,0
kosmicznispawacze,49,left,308,12,0,0
kosmicznispawacze,49,left,309,12,0,0
kosmicznispawacze,49,left,310,12,0,0
kosmicznispawacze,49,left,311,12,0,0
kosmicznispawacze,49,left,312,12,0,0
kosmicznispawacze,49,left,313,12,0,0
kosmicznispawacze,49,left,314,12,0,0
kosmicznispawacze,49,left,315,12,0,0
kosmicznispawacze,49,left,316,12,0,0
kosmicznispawacze,49,left,317,12,0,0
kosmicznispawacze,49,left,318,12,0,0
kosmicznispawacze,49,left,319,12,0,0
kosmicznispawacze,49,left,320,12,0,0
kosmicznispawacze,49,left,321,12,0,0
kosmicznispawacze,49,left,322,12,0,0
kosmicznispawacze,49,left,323,12,0,0
kosmicznispawacze,49,left,324,12,0,0
kosmicznispawacze,49,left,325,12,0,0
kosmicznispawacze,49,left,326,12,0,0
kosmicznispawacze,49,left,327,12,0,0
kosmicznispawacze,49,left,328,12,0,0
kosmicznispawacze,49,left,329,12,0,0
kosmicznispawacze,49,left,330,12,0,0
kosmicznispawacze,49,left,331,12,0,0
kosmicznispawacze,49,left,332,12,0,0
kosmicznispawacze,49,left,333,12,0,0
kosmicznispawacze,49,left,334,12,0,0
kosmicznispawacze,49,left,335,12,0,0
kosmicznispawacze,49,left,336,12,0,0
kosmicznispawacze,49,left,337,12,0,0
kosmicznispawacze,49,left,338,12,0,0
kosmicznispawacze,49,left,339,12,0,0
kosmicznispawacze,49,left,340,12,0,0
kosmicznispawacze,49,left,341,12,0,0
kosmicznispawacze,49,left,342,12,0,0
kosmicznispawacze,49,left,343,12,0,0
kosmicznispawacze,49,left,344,12,0,0
kosmicznispawacze,49,left,345,12,0,0
kosmicznispawacze,49,left,346,12,0,0
kosmicznispawacze,49,left,347,12,0,0
kosmicznispawacze,49,left,348,12,0,0
kosmicznispawacze,49,left,349,12,0,0
kosmicznispawacze,49,left,350,12,0,0
kosmicznispawacze,49,left,351,12,0,0
kosmicznispawacze,49,left,352,12,0,0
kosmicznispawacze,49,left,353,12,0,0
kosmicznispawacze,49,left,354,13,0,0
kosmicznispawacze,49,left,355,13,0,0
kosmicznispawacze,49,left,356,13,0,0
kosmicznispawacze,49,left,357,13,0,0
kosmicznispawacze,49,left,358,13,0,0
kosmicznispawacze,49,left,359,13,0,0
kosmicznispawacze,49,left,360,13,0,0
kosmicznispawacze,49,left,361,13,0,0
kosmicznispawacze,49,left,362,13,0,0
kosmicznispawacze,49,left,363,13,0,0
kosmicznispawacze,49,left,364,13,0,0
kosmicznispawacze,49,left,365,13,0,0
kosmicznispawacze,49,left,366,13,0,0
kosmicznispawacze,49,left,367,13,0,0
kosmicznispawacze,49,left,368,13,0,0
kosmicznispawacze,49,left,369,13,0,0
kosmicznispawacze,49,left,370,13,0,0
kosmicznispawacze,49,left,371,13,0,0
kosmicznispawacze,49,left,372,13,0,0
kosmicznispawacze,49,left,373,13,0,0
kosmicznispawacze,49,left,374,13,0,0
kosmicznispawacze,49,left,375,13,0,0
kosmicznispawacze,49,left,376,13,0,0
kosmicznispawacze,49,left,377,13,0,0
kosmicznispawacze,49,left,378,13,0,0
kosmicznispawacze,49,left,379,14,0,0
kosmicznispawacze,49,left,380,14,0,0
kosmicznispawacze,49,left,381,14,0,0
kosmicznispawacze,49,left,382,14,0,0
kosmicznispawacze,49,left,383,14,0,0
kosmicznispawacze,49,left,384,14,0,0
kosmicznispawacze,49,left,385,14,0,0
kosmicznispawacze,49,left,386,14,0,0
kosmicznispawacze,49,left,387,14,0,0
kosmicznispawacze,49,left,388,14,0,0
kosmicznispawacze,49,left,389,14,0,0
kosmicznispawacze,49,left,390,14,0,0
kosmicznispawacze,49,left,391,14,0,0
kosmicznispawacze,49,left,392,14,0,0
kosmicznispawacze,49,left,393,14,0,0
kosmicznispawacze,49,left,394,14,0,0
kosmicznispawacze,49,left,395,14,0,0
kosmicznispawacze,49,left,396,14,0,0
kosmicznispawacze,49,left,397,14,0,0
kosmicznispawacze,49,left,398,14,0,0
kosmicznispawacze,49,left,399,14,0,0
kosmicznispawacze,49,left,400,14,0,0
kosmicznispawacze,49,left,401,14,0,0
kosmicznispawacze,49,left,402,14,0,0
kosmicznispawacze,49,left,403,14,0,0
kosmicznispawacze,49,left,404,14,0,0
kosmicznispawacze,49,left,405,15,0,0
kosmicznispawacze,49,left,406,15,0,0
kosmicznispawacze,49,left,407,15,0,0
kosmicznispawacze,49,left,408,15,0,0
kosmicznispawacze,49,left,409,15,0,0
kosmicznispawacze,49,left,410,15,0,0
kosmicznispawacze,49,left,411,15,0,0
kosmicznispawacze,49,left,412,15,0,0
kosmicznispawacze,49,left,413,15,0,0
kosmicznispawacze,49,left,414,15,0,0
kosmicznispawacze,49,left,415,15,0,0
kosmicznispawacze,49,left,416,15,0,0
kosmicznispawacze,49,left,417,15,0,0
kosmicznispawacze,49,left,418,15,0,0
kosmicznispawacze,49,left,419,15,0,0
kosmicznispawacze,49,left,420,15,0,0
kosmicznispawacze,49,left,421,15,0,0
kosmicznispawacze,49,left,422,15,0,0
kosmicznispawacze,49,left,423,15,0,0
kosmicznispawacze,49,left,424,15,0,0
kosmicznispawacze,49,left,425,15,0,0
kosmicznispawacze,49,left,426,15,0,0
kosmicznispawacze,49,left,427,15,0,0
kosmicznispawacze,49,left,428,15,0,0
kosmicznispawacze,49,left,429,15,0,0
kosmicznispawacze,49,left,430,16,0,0
kosmicznispawacze,49,left,431,16,0,0
kosmicznispawacze,49,left,432,16,0,0
kosmicznispawacze,49,left,433,16,0,0
kosmicznispawacze,49,left,434,16,0,0
kosmicznispawacze,49,left,435,16,0,0
kosmicznispawacze,49,left,436,16,0,0
kosmicznispawacze,49,left,437,16,0,0
kosmicznispawacze,49,left,438,16,0,0
kosmicznispawacze,49,left,439,16,0,0
kosmicznispawacze,49,left,440,16,0,0
kosmicznispawacze,49,left,441,16,0,0
kosmicznispawacze,49,left,442,16,0,0
kosmicznispawacze,49,left,443,16,0,0
kosmicznispawacze,49,left,444,16,0,0
kosmicznispawacze,49,left,445,16,0,0
kosmicznispawacze,49,left,446,16,0,0
kosmicznispawacze,49,left,447,16,0,0
kosmicznispawacze,49,left,448,16,0,0
kosmicznispawacze,49,left,449,16,0,0
kosmicznispawacze,49,left,450,16,0,0
kosmicznispawacze,49,left,451,16,0,0
kosmicznispawacze,49,left,452,16,0,0
kosmicznispawacze,49,left,453,16,0,0
kosmicznispawacze,49,left,454,16,0,0
kosmicznispawacze,49,left,455,17,0,0
kosmicznispawacze,49,left,456,17,0,0
kosmicznispawacze,49,left,457,17,0,0
kosmicznispawacze,49,left,458,17,0,0
kosmicznispawacze,49,left,459,17,0,0
kosmicznispawacze,49,left,460,17,0,0
kosmicznispawacze,49,left,461,17,0,0
kosmicznispawacze,49,left,462,17,0,0
kosmicznispawacze,49,left,463,17,0,0
kosmicznispawacze,49,left,464,17,0,0
kosmicznispawacze,49,left,465,17,0,0
kosmicznispawacze,49,left,466,17,0,0
kosmicznispawacze,49,left,467,17,0,0
kosmicznispawacze,49,left,468,17,0,0
kosmicznispawacze,49,left,469,17,0,0
kosmicznispawacze,49,left,470,17,0,0
kosmicznispawacze,49,left,471,17,0,0
kosmicznispawacze,49,left,472,17,0,0
kosmicznispawacze,49,left,473,17,0,0
kosmicznispawacze,49,left,474,17,0,0
kosmicznispawacze,49,left,475,17,0,0
kosmicznispawacze,49,left,476,17,0,0
kosmicznispawacze,49,left,477,17,0,0
kosmicznispawacze,49,left,478,17,0,0
kosmicznispawacze,49,left,479,17,0,0
kosmicznispawacze,49,left,480,17,0,0
kosmicznispawacze,49,left,481,18,0,0
kosmicznispawacze,49,left,482,18,0,0
kosmicznispawacze,49,left,483,18,0,0
kosmicznispawacze,49,left,484,18,0,0
kosmicznispawacze,49,left,485,18,0,0
kosmicznispawacze,49,left,486,18,0,0
kosmicznispawacze,49,left,487,18,0,0
kosmicznispawacze,49,left,488,18,0,0
kosmicznispawacze,49,left,489,18,0,0
kosmicznispawacze,49,left,490,18,0,0
kosmicznispawacze,49,left,491,18,0,0
kosmicznispawacze,49,left,492,18,0,0
kosmicznispawacze,49,left,493,18,0,0
kosmicznispawacze,49,left,494,18,0,0
kosmicznispawacze,49,left,495,18,0,0
kosmicznispawacze,49,left,496,18,0,0
kosmicznispawacze,49,left,497,18,0,0
kosmicznispawacze,49,left,498,18,0,0
kosmicznispawacze,49,left,499,18,0,0
kosmicznispawacze,49,left,500,18,0,0
kosmicznispawacze,49,left,501,18,0,0
kosmicznispawacze,49,left,502,18,0,0
kosmicznispawacze,49,left,503,18,0,0
kosmicznispawacze,49,left,504,18,0,0
kosmicznispawacze,49,left,505,18,0,0
kosmicznispawacze,49,left,506,18,0,0
kosmicznispawacze,49,left,507,18,0,0
kosmicznispawacze,49,left,508,19,0,0
kosmicznispawacze,49,left,509,19,0,0
kosmicznispawacze,49,left,510,19,0,0
kosmicznispawacze,49,left,511,19,0,0
kosmicznispawacze,49,left,512,19,0,0
kosmicznispawacze,49,left,513,19,0,0
kosmicznispawacze,49,left,514,19,0,0
kosmicznispawacze,49,left,515,19,0,0
kosmicznispawacze,49,left,516,19,0,0
kosmicznispawacze,49,left,517,19,0,0
kosmicznispawacze,49,left,518,19,0,0
kosmicznispawacze,49,left,519,19,0,0
kosmicznispawacze,49,left,520,19,0,0
kosmicznispawacze,49,left,521,19,0,0
kosmicznispawacze,49,left,522,19,0,0
kosmicznispawacze,49,left,523,19,0,0
kosmicznispawacze,49,left,524,19,0,0
kosmicznispawacze,49,left,525,19,0,0
kosmicznispawacze,49,left,526,19,0,0
kosmicznispawacze,49,left,527,19,0,0
kosmicznispawacze,49,left,528,19,0,0
kosmicznispawacze,49,left,529,19,0,0
kosmicznispawacze,49,left,530,19,0,0
kosmicznispawacze,49,left,531,19,0,0
kosmicznispawacze,49,left,532,19,0,0
kosmicznispawacze,49,left,533,19,0,0
kosmicznispawacze,49,left,534,19,0,0
kosmicznispawacze,49,left,535,20,0,0
kosmicznispawacze,49,left,536,20,0,0
kosmicznispawacze,49,left,537,20,0,0
kosmicznispawacze,49,left,538,20,0,0
kosmicznispawacze,49,left,539,20,0,0