team_name,train_number,left_right,frame_number,wagon,uic_0_1,uic_label
kosmicznispawacze,11,left,0,0,locomotive,0
kosmicznispawacze,11,left,1,0,locomotive,0
kosmicznispawacze,11,left,2,0,locomotive,0
kosmicznispawacze,11,left,3,0,locomotive,0
kosmicznispawacze,11,left,4,0,locomotive,0
kosmicznispawacze,11,left,5,0,locomotive,0
kosmicznispawacze,11,left,6,0,locomotive,0
kosmicznispawacze,11,left,7,0,locomotive,0
kosmicznispawacze,11,left,8,0,locomotive,0
kosmicznispawacze,11,left,9,0,locomotive,0
kosmicznispawacze,11,left,10,0,locomotive,0
kosmicznispawacze,11,left,11,0,locomotive,0
kosmicznispawacze,11,left,12,0,locomotive,0
kosmicznispawacze,11,left,13,0,locomotive,0
kosmicznispawacze,11,left,14,0,locomotive,0
kosmicznispawacze,11,left,15,0,locomotive,0
kosmicznispawacze,11,left,16,0,locomotive,0
kosmicznispawacze,11,left,17,0,locomotive,0
kosmicznispawacze,11,left,18,0,locomotive,0
kosmicznispawacze,11,left,19,0,locomotive,0
kosmicznispawacze,11,left,20,0,locomotive,0
kosmicznispawacze,11,left,21,0,locomotive,0
kosmicznispawacze,11,left,22,0,locomotive,0
kosmicznispawacze,11,left,23,0,locomotive,0
kosmicznispawacze,11,left,24,0,locomotive,0
kosmicznispawacze,11,left,25,0,locomotive,0
kosmicznispawacze,11,left,26,0,locomotive,0
kosmicznispawacze,11,left,27,0,locomotive,0
kosmicznispawacze,11,left,28,0,locomotive,0
kosmicznispawacze,11,left,29,0,locomotive,0
kosmicznispawacze,11,left,30,0,locomotive,0
kosmicznispawacze,11,left,31,0,locomotive,0
kosmicznispawacze,11,left,32,0,locomotive,0
kosmicznispawacze,11,left,33,0,locomotive,0
kosmicznispawacze,11,left,34,0,locomotive,0
kosmicznispawacze,11,left,35,0,locomotive,0
kosmicznispawacze,11,left,36,0,locomotive,0
kosmicznispawacze,11,left,37,0,locomotive,0
kosmicznispawacze,11,left,38,0,locomotive,0
kosmicznispawacze,11,left,39,0,locomotive,0
kosmicznispawacze,11,left,40,0,locomotive,0
kosmicznispawacze,11,left,41,0,locomotive,0
kosmicznispawacze,11,left,42,0,locomotive,0
kosmicznispawacze,11,left,43,0,locomotive,0
kosmicznispawacze,11,left,44,0,locomotive,0
kosmicznispawacze,11,left,45,0,locomotive,0
kosmicznispawacze,11,left,46,0,locomotive,0
kosmicznispawacze,11,left,47,0,locomotive,0
kosmicznispawacze,11,left,48,0,locomotive,0
kosmicznispawacze,11,left,49,0,locomotive,0
kosmicznispawacze,11,left,50,0,locomotive,0
kosmicznispawacze,11,left,51,0,locomotive,0
kosmicznispawacze,11,left,52,0,locomotive,0
kosmicznispawacze,11,left,53,0,locomotive,0
kosmicznispawacze,11,left,54,0,locomotive,0
kosmicznispawacze,11,left,55,0,locomotive,0
kosmicznispawacze,11,left,56,0,locomotive,0
kosmicznispawacze,11,left,57,0,locomotive,0
kosmicznispawacze,11,left,58,0,locomotive,0
kosmicznispawacze,11,left,59,0,locomotive,0
kosmicznispawacze,11,left,60,0,locomotive,0
kosmicznispawacze,11,left,61,0,locomotive,0
kosmicznispawacze,11,left,62,0,locomotive,0
kosmicznispawacze,11,left,63,0,locomotive,0
kosmicznispawacze,11,left,64,0,locomotive,0
kosmicznispawacze,11,left,65,0,locomotive,0
kosmicznispawacze,11,left,66,0,locomotive,0
kosmicznispawacze,11,left,67,0,locomotive,0
kosmicznispawacze,11,left,68,0,locomotive,0
kosmicznispawacze,11,left,69,0,locomotive,0
kosmicznispawacze,11,left,70,0,locomotive,0
kosmicznispawacze,11,left,71,0,locomotive,0
kosmicznispawacze,11,left,72,0,locomotive,0
kosmicznispawacze,11,left,73,0,locomotive,0
kosmicznispawacze,11,left,74,0,locomotive,0
kosmicznispawacze,11,left,75,0,locomotive,0
kosmicznispawacze,11,left,76,0,locomotive,0
kosmicznispawacze,11,left,77,0,locomotive,0
kosmicznispawacze,11,left,78,0,locomotive,0
kosmicznispawacze,11,left,79,0,locomotive,0
kosmicznispawacze,11,left,80,0,locomotive,0
kosmicznispawacze,11,left,81,0,locomotive,0
kosmicznispawacze,11,left,82,0,locomotive,0
kosmicznispawacze,11,left,83,0,locomotive,0
kosmicznispawacze,11,left,84,0,locomotive,0
kosmicznispawacze,11,left,85,0,locomotive,0
kosmicznispawacze,11,left,86,0,locomotive,0
kosmicznispawacze,11,left,87,0,locomotive,0
kosmicznispawacze,11,left,88,0,locomotive,0
kosmicznispawacze,11,left,89,0,locomotive,0
kosmicznispawacze,11,left,90,0,locomotive,0
kosmicznispawacze,11,left,91,0,locomotive,0
kosmicznispawacze,11,left,92,0,locomotive,0
kosmicznispawacze,11,left,93,0,locomotive,0
kosmicznispawacze,11,left,94,0,locomotive,0
kosmicznispawacze,11,left,95,0,locomotive,0
kosmicznispawacze,11,left,96,0,locomotive,0
kosmicznispawacze,11,left,97,0,locomotive,0
kosmicznispawacze,11,left,98,0,locomotive,0
kosmicznispawacze,11,left,99,0,locomotive,0
kosmicznispawacze,11,left,100,0,locomotive,0
kosmicznispawacze,11,left,101,0,locomotive,0
kosmicznispawacze,11,left,102,0,locomotive,0
kosmicznispawacze,11,left,103,0,locomotive,0
kosmicznispawacze,11,left,104,0,locomotive,0
kosmicznispawacze,11,left,105,0,locomotive,0
kosmicznispawacze,11,left,106,0,locomotive,0
kosmicznispawacze,11,left,107,0,locomotive,0
kosmicznispawacze,11,left,108,0,locomotive,0
kosmicznispawacze,11,left,109,0,locomotive,0
kosmicznispawacze,11,left,110,0,locomotive,0
kosmicznispawacze,11,left,111,0,locomotive,0
kosmicznispawacze,11,left,112,0,locomotive,0
kosmicznispawacze,11,left,113,0,locomotive,0
kosmicznispawacze,11,left,114,0,locomotive,0
kosmicznispawacze,11,left,115,0,locomotive,0
kosmicznispawacze,11,left,116,0,locomotive,0
kosmicznispawacze,11,left,117,0,locomotive,0
kosmicznispawacze,11,left,118,0,locomotive,0
kosmicznispawacze,11,left,119,0,locomotive,0
kosmicznispawacze,11,left,120,0,locomotive,0
kosmicznispawacze,11,left,121,0,locomotive,0
kosmicznispawacze,11,left,122,0,locomotive,0
kosmicznispawacze,11,left,123,0,locomotive,0
kosmicznispawacze,11,left,124,0,locomotive,0
kosmicznispawacze,11,left,125,0,locomotive,0
kosmicznispawacze,11,left,126,0,locomotive,0
kosmicznispawacze,11,left,127,0,locomotive,0
kosmicznispawacze,11,left,128,0,locomotive,0
kosmicznispawacze,11,left,129,0,locomotive,0
kosmicznispawacze,11,left,130,0,locomotive,0
kosmicznispawacze,11,left,131,0,locomotive,0
kosmicznispawacze,11,left,132,0,locomotive,0
kosmicznispawacze,11,left,133,0,locomotive,0
kosmicznispawacze,11,left,134,0,locomotive,0
kosmicznispawacze,11,left,135,0,locomotive,0
kosmicznispawacze,11,left,136,0,locomotive,0
kosmicznispawacze,11,left,137,0,locomotive,0
kosmicznispawacze,11,left,138,0,locomotive,0
kosmicznispawacze,11,left,139,0,locomotive,0
kosmicznispawacze,11,left,140,0,locomotive,0
kosmicznispawacze,11,left,141,0,locomotive,0
kosmicznispawacze,11,left,142,0,locomotive,0
kosmicznispawacze,11,left,143,0,locomotive,0
kosmicznispawacze,11,left,144,0,locomotive,0
kosmicznispawacze,11,left,145,0,locomotive,0
kosmicznispawacze,11,left,146,0,locomotive,0
kosmicznispawacze,11,left,147,0,locomotive,0
kosmicznispawacze,11,left,148,0,locomotive,0
kosmicznispawacze,11,left,149,0,locomotive,0
kosmicznispawacze,11,left,150,0,locomotive,0
kosmicznispawacze,11,left,151,0,locomotive,0
kosmicznispawacze,11,left,152,0,locomotive,0
kosmicznispawacze,11,left,153,0,locomotive,0
kosmicznispawacze,11,left,154,0,locomotive,0
kosmicznispawacze,11,left,155,0,locomotive,0
kosmicznispawacze,11,left,156,0,locomotive,0
kosmicznispawacze,11,left,157,0,locomotive,0
kosmicznispawacze,11,left,158,0,locomotive,0
kosmicznispawacze,11,left,159,0,locomotive,0