team_name,train_number,left_right,frame_number,wagon,uic_0_1,uic_label
kosmicznispawacze,31,right,0,0,locomotive,0
kosmicznispawacze,31,right,1,1,0,0
kosmicznispawacze,31,right,2,1,0,0
kosmicznispawacze,31,right,3,2,0,0
kosmicznispawacze,31,right,4,2,0,0
kosmicznispawacze,31,right,5,2,0,0
kosmicznispawacze,31,right,6,3,0,0
kosmicznispawacze,31,right,7,3,0,0
kosmicznispawacze,31,right,8,3,0,0
kosmicznispawacze,31,right,9,3,0,0
kosmicznispawacze,31,right,10,3,0,0
kosmicznispawacze,31,right,11,3,0,0
kosmicznispawacze,31,right,12,3,0,0
kosmicznispawacze,31,right,13,3,0,0
kosmicznispawacze,31,right,14,3,0,0
kosmicznispawacze,31,right,15,3,0,0
kosmicznispawacze,31,right,16,3,0,0
kosmicznispawacze,31,right,17,3,0,0
kosmicznispawacze,31,right,18,3,0,0
kosmicznispawacze,31,right,19,3,0,0
kosmicznispawacze,31,right,20,3,0,0
kosmicznispawacze,31,right,21,3,0,0
kosmicznispawacze,31,right,22,4,0,0
kosmicznispawacze,31,right,23,4,0,0
kosmicznispawacze,31,right,24,4,0,0
kosmicznispawacze,31,right,25,4,0,0
kosmicznispawacze,31,right,26,4,0,0
kosmicznispawacze,31,right,27,4,0,0
kosmicznispawacze,31,right,28,4,0,0
kosmicznispawacze,31,right,29,4,0,0
kosmicznispawacze,31,right,30,4,0,0
kosmicznispawacze,31,right,31,4,0,0
kosmicznispawacze,31,right,32,4,0,0
kosmicznispawacze,31,right,33,4,0,0
kosmicznispawacze,31,right,34,4,0,0
kosmicznispawacze,31,right,35,4,0,0
kosmicznispawacze,31,right,36,4,0,0
kosmicznispawacze,31,right,37,4,0,0
kosmicznispawacze,31,right,38,4,0,0
kosmicznispawacze,31,right,39,4,0,0
kosmicznispawacze,31,right,40,4,0,0
kosmicznispawacze,31,right,41,4,0,0
kosmicznispawacze,31,right,42,4,0,0
kosmicznispawacze,31,right,43,4,0,0
kosmicznispawacze,31,right,44,4,0,0
kosmicznispawacze,31,right,45,4,0,0
kosmicznispawacze,31,right,46,4,0,0
kosmicznispawacze,31,right,47,4,0,0
kosmicznispawacze,31,right,48,5,0,0
kosmicznispawacze,31,right,49,5,0,0
kosmicznispawacze,31,right,50,5,0,0
kosmicznispawacze,31,right,51,5,0,0
kosmicznispawacze,31,right,52,5,0,0
kosmicznispawacze,31,right,53,5,0,0
kosmicznispawacze,31,right,54,5,0,0
kosmicznispawacze,31,right,55,5,0,0
kosmicznispawacze,31,right,56,5,0,0
kosmicznispawacze,31,right,57,5,0,0
kosmicznispawacze,31,right,58,5,0,0
kosmicznispawacze,31,right,59,5,0,0
kosmicznispawacze,31,right,60,6,0,0
kosmicznispawacze,31,right,61,6,0,0
kosmicznispawacze,31,right,62,6,0,0
kosmicznispawacze,31,right,63,6,0,0
kosmicznispawacze,31,right,64,6,0,0
kosmicznispawacze,31,right,65,6,0,0
kosmicznispawacze,31,right,66,6,0,0
kosmicznispawacze,31,right,67,6,0,0
kosmicznispawacze,31,right,68,6,0,0
kosmicznispawacze,31,right,69,6,0,0
kosmicznispawacze,31,right,70,6,0,0
kosmicznispawacze,31,right,71,6,0,0
kosmicznispawacze,31,right,72,6,0,0
kosmicznispawacze,31,right,73,6,0,0
kosmicznispawacze,31,right,74,6,0,0
kosmicznispawacze,31,right,75,6,0,0
kosmicznispawacze,31,right,76,6,0,0
kosmicznispawacze,31,right,77,6,0,0
kosmicznispawacze,31,right,78,6,0,0
kosmicznispawacze,31,right,79,6,0,0
kosmicznispawacze,31,right,80,6,0,0
kosmicznispawacze,31,right,81,6,0,0
kosmicznispawacze,31,right,82,6,0,0
kosmicznispawacze,31,right,83,6,0,0
kosmicznispawacze,31,right,84,6,0,0
kosmicznispawacze,31,right,85,6,0,0
kosmicznispawacze,31,right,86,7,0,0
kosmicznispawacze,31,right,87,7,0,0
kosmicznispawacze,31,right,88,7,0,0
kosmicznispawacze,31,right,89,7,0,0
kosmicznispawacze,31,right,90,8,0,0
kosmicznispawacze,31,right,91,8,0,0
kosmicznispawacze,31,right,92,8,0,0
kosmicznispawacze,31,right,93,8,0,0
kosmicznispawacze,31,right,94,8,0,0
kosmicznispawacze,31,right,95,8,0,0
kosmicznispawacze,31,right,96,8,0,0
kosmicznispawacze,31,right,97,8,0,0
kosmicznispawacze,31,right,98,8,0,0
kosmicznispawacze,31,right,99,8,0,0
kosmicznispawacze,31,right,100,8,0,0
kosmicznispawacze,31,right,101,8,0,0
kosmicznispawacze,31,right,102,8,0,0
kosmicznispawacze,31,right,103,8,0,0
kosmicznispawacze,31,right,104,9,0,0
kosmicznispawacze,31,right,105,9,0,0
kosmicznispawacze,31,right,106,9,0,0
kosmicznispawacze,31,right,107,9,0,0
kosmicznispawacze,31,right,108,10,0,0
kosmicznispawacze,31,right,109,10,0,0
kosmicznispawacze,31,right,110,10,0,0
kosmicznispawacze,31,right,111,11,0,0
kosmicznispawacze,31,right,112,11,0,0
kosmicznispawacze,31,right,113,11,0,0
kosmicznispawacze,31,right,114,11,0,0
kosmicznispawacze,31,right,115,11,0,0
kosmicznispawacze,31,right,116,11,0,0
kosmicznispawacze,31,right,117,11,0,0
kosmicznispawacze,31,right,118,11,0,0
kosmicznispawacze,31,right,119,11,0,0
kosmicznispawacze,31,right,120,11,0,0
kosmicznispawacze,31,right,121,11,0,0
kosmicznispawacze,31,right,122,11,0,0
kosmicznispawacze,31,right,123,11,0,0
kosmicznispawacze,31,right,124,11,0,0
kosmicznispawacze,31,right,125,11,0,0
kosmicznispawacze,31,right,126,11,0,0
kosmicznispawacze,31,right,127,11,0,0
kosmicznispawacze,31,right,128,11,0,0
kosmicznispawacze,31,right,129,11,0,0
kosmicznispawacze,31,right,130,11,0,0
kosmicznispawacze,31,right,131,11,0,0
kosmicznispawacze,31,right,132,11,0,0
kosmicznispawacze,31,right,133,11,0,0
kosmicznispawacze,31,right,134,11,0,0
kosmicznispawacze,31,right,135,11,0,0
kosmicznispawacze,31,right,136,11,0,0
kosmicznispawacze,31,right,137,11,0,0
kosmicznispawacze,31,right,138,11,0,0
kosmicznispawacze,31,right,139,11,0,0
kosmicznispawacze,31,right,140,11,0,0
kosmicznispawacze,31,right,141,11,0,0
kosmicznispawacze,31,right,142,11,0,0
kosmicznispawacze,31,right,143,12,0,0
kosmicznispawacze,31,right,144,12,0,0
kosmicznispawacze,31,right,145,12,0,0
kosmicznispawacze,31,right,146,12,0,0
kosmicznispawacze,31,right,147,12,0,0
kosmicznispawacze,31,right,148,12,0,0
kosmicznispawacze,31,right,149,12,0,0
kosmicznispawacze,31,right,150,12,0,0
kosmicznispawacze,31,right,151,12,0,0
kosmicznispawacze,31,right,152,12,0,0
kosmicznispawacze,31,right,153,12,0,0
kosmicznispawacze,31,right,154,12,0,0
kosmicznispawacze,31,right,155,12,0,0
kosmicznispawacze,31,right,156,12,0,0
kosmicznispawacze,31,right,157,12,0,0
kosmicznispawacze,31,right,158,12,0,0
kosmicznispawacze,31,right,159,12,0,0
kosmicznispawacze,31,right,160,12,0,0
kosmicznispawacze,31,right,161,12,0,0
kosmicznispawacze,31,right,162,12,0,0
kosmicznispawacze,31,right,163,12,0,0
kosmicznispawacze,31,right,164,12,0,0
kosmicznispawacze,31,right,165,12,0,0
kosmicznispawacze,31,right,166,12,0,0
kosmicznispawacze,31,right,167,12,0,0
kosmicznispawacze,31,right,168,12,0,0
kosmicznispawacze,31,right,169,12,0,0
kosmicznispawacze,31,right,170,12,0,0
kosmicznispawacze,31,right,171,12,0,0
kosmicznispawacze,31,right,172,12,0,0
kosmicznispawacze,31,right,173,12,0,0
kosmicznispawacze,31,right,174,13,0,0
kosmicznispawacze,31,right,175,13,0,0
kosmicznispawacze,31,right,176,13,0,0
kosmicznispawacze,31,right,177,13,0,0
kosmicznispawacze,31,right,178,13,0,0
kosmicznispawacze,31,right,179,13,0,0
kosmicznispawacze,31,right,180,13,0,0
kosmicznispawacze,31,right,181,13,0,0
kosmicznispawacze,31,right,182,13,0,0
kosmicznispawacze,31,right,183,13,0,0
kosmicznispawacze,31,right,184,13,0,0
kosmicznispawacze,31,right,185,13,0,0
kosmicznispawacze,31,right,186,13,0,0
kosmicznispawacze,31,right,187,13,0,0
kosmicznispawacze,31,right,188,13,0,0
kosmicznispawacze,31,right,189,13,0,0
kosmicznispawacze,31,right,190,13,0,0
kosmicznispawacze,31,right,191,13,0,0
kosmicznispawacze,31,right,192,13,0,0
kosmicznispawacze,31,right,193,13,0,0
kosmicznispawacze,31,right,194,13,0,0
kosmicznispawacze,31,right,195,13,0,0
kosmicznispawacze,31,right,196,13,0,0
kosmicznispawacze,31,right,197,13,0,0
kosmicznispawacze,31,right,198,13,0,0
kosmicznispawacze,31,right,199,13,0,0
kosmicznispawacze,31,right,200,13,0,0
kosmicznispawacze,31,right,201,13,0,0
kosmicznispawacze,31,right,202,13,0,0
kosmicznispawacze,31,right,203,14,0,0
kosmicznispawacze,31,right,204,14,0,0
kosmicznispawacze,31,right,205,14,0,0
kosmicznispawacze,31,right,206,14,0,0
kosmicznispawacze,31,right,207,14,0,0
kosmicznispawacze,31,right,208,14,0,0
kosmicznispawacze,31,right,209,14,0,0
kosmicznispawacze,31,right,210,14,0,0
kosmicznispawacze,31,right,211,14,0,0
kosmicznispawacze,31,right,212,14,0,0
kosmicznispawacze,31,right,213,14,0,0
kosmicznispawacze,31,right,214,14,0,0
kosmicznispawacze,31,right,215,14,0,0
kosmicznispawacze,31,right,216,14,0,0
kosmicznispawacze,31,right,217,14,0,0
kosmicznispawacze,31,right,218,14,0,0
kosmicznispawacze,31,right,219,14,0,0
kosmicznispawacze,31,right,220,14,0,0
kosmicznispawacze,31,right,221,14,0,0
kosmicznispawacze,31,right,222,14,0,0
kosmicznispawacze,31,right,223,14,0,0
kosmicznispawacze,31,right,224,14,0,0
kosmicznispawacze,31,right,225,14,0,0
kosmicznispawacze,31,right,226,14,0,0
kosmicznispawacze,31,right,227,14,0,0
kosmicznispawacze,31,right,228,14,0,0
kosmicznispawacze,31,right,229,14,0,0
kosmicznispawacze,31,right,230,14,0,0
kosmicznispawacze,31,right,231,14,0,0
kosmicznispawacze,31,right,232,15,0,0
kosmicznispawacze,31,right,233,15,0,0
kosmicznispawacze,31,right,234,15,0,0
kosmicznispawacze,31,right,235,15,0,0
kosmicznispawacze,31,right,236,15,0,0
kosmicznispawacze,31,right,237,15,0,0
kosmicznispawacze,31,right,238,15,0,0
kosmicznispawacze,31,right,239,15,0,0
kosmicznispawacze,31,right,240,15,0,0
kosmicznispawacze,31,right,241,15,0,0
kosmicznispawacze,31,right,242,15,0,0
kosmicznispawacze,31,right,243,15,0,0
kosmicznispawacze,31,right,244,15,0,0
kosmicznispawacze,31,right,245,15,0,0
kosmicznispawacze,31,right,246,15,0,0
kosmicznispawacze,31,right,247,15,0,0
kosmicznispawacze,31,right,248,15,0,0
kosmicznispawacze,31,right,249,15,0,0
kosmicznispawacze,31,right,250,15,0,0
kosmicznispawacze,31,right,251,15,0,0
kosmicznispawacze,31,right,252,15,0,0
kosmicznispawacze,31,right,253,15,0,0
kosmicznispawacze,31,right,254,15,0,0
kosmicznispawacze,31,right,255,15,0,0
kosmicznispawacze,31,right,256,15,0,0
kosmicznispawacze,31,right,257,15,0,0
kosmicznispawacze,31,right,258,15,0,0
kosmicznispawacze,31,right,259,15,0,0
kosmicznispawacze,31,right,260,16,0,0
kosmicznispawacze,31,right,261,16,0,0
kosmicznispawacze,31,right,262,16,0,0
kosmicznispawacze,31,right,263,16,0,0
kosmicznispawacze,31,right,264,16,0,0
kosmicznispawacze,31,right,265,16,0,0
kosmicznispawacze,31,right,266,16,0,0
kosmicznispawacze,31,right,267,16,0,0
kosmicznispawacze,31,right,268,16,0,0
kosmicznispawacze,31,right,269,16,0,0
kosmicznispawacze,31,right,270,16,0,0
kosmicznispawacze,31,right,271,16,0,0
kosmicznispawacze,31,right,272,16,0,0
kosmicznispawacze,31,right,273,16,0,0
kosmicznispawacze,31,right,274,16,0,0
kosmicznispawacze,31,right,275,16,0,0
kosmicznispawacze,31,right,276,16,0,0
kosmicznispawacze,31,right,277,16,0,0
kosmicznispawacze,31,right,278,16,0,0
kosmicznispawacze,31,right,279,16,0,0
kosmicznispawacze,31,right,280,16,0,0
kosmicznispawacze,31,right,281,16,0,0
kosmicznispawacze,31,right,282,16,0,0
kosmicznispawacze,31,right,283,16,0,0
kosmicznispawacze,31,right,284,16,0,0
kosmicznispawacze,31,right,285,16,0,0
kosmicznispawacze,31,right,286,16,0,0
kosmicznispawacze,31,right,287,17,0,0
kosmicznispawacze,31,right,288,17,0,0
kosmicznispawacze,31,right,289,17,0,0
kosmicznispawacze,31,right,290,17,0,0
kosmicznispawacze,31,right,291,17,0,0
kosmicznispawacze,31,right,292,17,0,0
kosmicznispawacze,31,right,293,17,0,0
kosmicznispawacze,31,right,294,17,0,0
kosmicznispawacze,31,right,295,17,0,0
kosmicznispawacze,31,right,296,17,0,0
kosmicznispawacze,31,right,297,17,0,0
kosmicznispawacze,31,right,298,17,0,0
kosmicznispawacze,31,right,299,17,0,0
kosmicznispawacze,31,right,300,17,0,0
kosmicznispawacze,31,right,301,17,0,0
kosmicznispawacze,31,right,302,17,0,0
kosmicznispawacze,31,right,303,17,0,0
kosmicznispawacze,31,right,304,17,0,0
kosmicznispawacze,31,right,305,17,0,0
kosmicznispawacze,31,right,306,17,0,0
kosmicznispawacze,31,right,307,17,0,0
kosmicznispawacze,31,right,308,17,0,0
kosmicznispawacze,31,right,309,17,0,0
kosmicznispawacze,31,right,310,17,0,0
kosmicznispawacze,31,right,311,17,0,0
kosmicznispawacze,31,right,312,17,0,0
kosmicznispawacze,31,right,313,17,0,0
kosmicznispawacze,31,right,314,18,0,0
kosmicznispawacze,31,right,315,18,0,0
kosmicznispawacze,31,right,316,18,0,0
kosmicznispawacze,31,right,317,18,0,0
kosmicznispawacze,31,right,318,18,0,0
kosmicznispawacze,31,right,319,18,0,0
kosmicznispawacze,31,right,320,18,0,0
kosmicznispawacze,31,right,321,18,0,0
kosmicznispawacze,31,right,322,18,0,0
kosmicznispawacze,31,right,323,18,0,0
kosmicznispawacze,31,right,324,18,0,0
kosmicznispawacze,31,right,325,18,0,0
kosmicznispawacze,31,right,326,18,0,0
kosmicznispawacze,31,right,327,18,0,0
kosmicznispawacze,31,right,328,18,0,0
kosmicznispawacze,31,right,329,18,0,0
kosmicznispawacze,31,right,330,18,0,0
kosmicznispawacze,31,right,331,18,0,0
kosmicznispawacze,31,right,332,18,0,0
kosmicznispawacze,31,right,333,18,0,0
kosmicznispawacze,31,right,334,18,0,0
kosmicznispawacze,31,right,335,18,0,0
kosmicznispawacze,31,right,336,18,0,0
kosmicznispawacze,31,right,337,18,0,0
kosmicznispawacze,31,right,338,18,0,0
kosmicznispawacze,31,right,339,18,0,0
kosmicznispawacze,31,right,340,18,0,0
kosmicznispawacze,31,right,341,19,0,0
kosmicznispawacze,31,right,342,19,0,0
kosmicznispawacze,31,right,343,19,0,0
kosmicznispawacze,31,right,344,19,0,0
kosmicznispawacze,31,right,345,19,0,0
kosmicznispawacze,31,right,346,19,0,0
kosmicznispawacze,31,right,347,19,0,0
kosmicznispawacze,31,right,348,19,0,0
kosmicznispawacze,31,right,349,19,0,0
kosmicznispawacze,31,right,350,19,0,0
kosmicznispawacze,31,right,351,19,0,0
kosmicznispawacze,31,right,352,19,0,0
kosmicznispawacze,31,right,353,19,0,0
kosmicznispawacze,31,right,354,19,0,0
kosmicznispawacze,31,right,355,19,0,0
kosmicznispawacze,31,right,356,19,0,0
kosmicznispawacze,31,right,357,19,0,0
kosmicznispawacze,31,right,358,19,0,0
kosmicznispawacze,31,right,359,19,0,0
kosmicznispawacze,31,right,360,19,0,0
kosmicznispawacze,31,right,361,19,0,0
kosmicznispawacze,31,right,362,19,0,0
kosmicznispawacze,31,right,363,19,0,0
kosmicznispawacze,31,right,364,19,0,0
kosmicznispawacze,31,right,365,19,0,0
kosmicznispawacze,31,right,366,19,0,0
kosmicznispawacze,31,right,367,19,0,0
kosmicznispawacze,31,right,368,19,0,0
kosmicznispawacze,31,right,369,19,0,0
kosmicznispawacze,31,right,370,20,0,0
kosmicznispawacze,31,right,371,20,0,0
kosmicznispawacze,31,right,372,20,0,0
kosmicznispawacze,31,right,373,20,0,0
kosmicznispawacze,31,right,374,20,0,0
kosmicznispawacze,31,right,375,20,0,0
kosmicznispawacze,31,right,376,20,0,0
kosmicznispawacze,31,right,377,20,0,0
kosmicznispawacze,31,right,378,20,0,0
kosmicznispawacze,31,right,379,20,0,0
kosmicznispawacze,31,right,380,20,0,0
kosmicznispawacze,31,right,381,20,0,0
kosmicznispawacze,31,right,382,20,0,0
kosmicznispawacze,31,right,383,20,0,0
kosmicznispawacze,31,right,384,20,0,0
kosmicznispawacze,31,right,385,20,0,0
kosmicznispawacze,31,right,386,20,0,0
kosmicznispawacze,31,right,387,20,0,0
kosmicznispawacze,31,right,388,20,0,0
kosmicznispawacze,31,right,389,20,0,0
kosmicznispawacze,31,right,390,20,0,0
kosmicznispawacze,31,right,391,20,0,0
kosmicznispawacze,31,right,392,20,0,0
kosmicznispawacze,31,right,393,20,0,0
kosmicznispawacze,31,right,394,20,0,0
kosmicznispawacze,31,right,395,20,0,0
kosmicznispawacze,31,right,396,20,0,0
kosmicznispawacze,31,right,397,20,0,0
kosmicznispawacze,31,right,398,21,0,0
kosmicznispawacze,31,right,399,21,0,0
kosmicznispawacze,31,right,400,21,0,0
kosmicznispawacze,31,right,401,21,0,0
kosmicznispawacze,31,right,402,21,0,0
kosmicznispawacze,31,right,403,21,0,0
kosmicznispawacze,31,right,404,21,0,0
kosmicznispawacze,31,right,405,21,0,0
kosmicznispawacze,31,right,406,21,0,0
kosmicznispawacze,31,right,407,21,0,0
kosmicznispawacze,31,right,408,21,0,0
kosmicznispawacze,31,right,409,21,0,0
kosmicznispawacze,31,right,410,21,0,0
kosmicznispawacze,31,right,411,21,0,0
kosmicznispawacze,31,right,412,21,0,0
kosmicznispawacze,31,right,413,21,0,0
kosmicznispawacze,31,right,414,21,0,0
kosmicznispawacze,31,right,415,21,0,0
kosmicznispawacze,31,right,416,21,0,0
kosmicznispawacze,31,right,417,21,0,0
kosmicznispawacze,31,right,418,21,0,0
kosmicznispawacze,31,right,419,21,0,0
kosmicznispawacze,31,right,420,21,0,0
kosmicznispawacze,31,right,421,21,0,0
kosmicznispawacze,31,right,422,21,0,0
kosmicznispawacze,31,right,423,21,0,0
kosmicznispawacze,31,right,424,22,0,0
kosmicznispawacze,31,right,425,22,0,0
kosmicznispawacze,31,right,426,22,0,0
kosmicznispawacze,31,right,427,22,0,0
kosmicznispawacze,31,right,428,22,0,0
kosmicznispawacze,31,right,429,22,0,0
kosmicznispawacze,31,right,430,22,0,0
kosmicznispawacze,31,right,431,22,0,0
kosmicznispawacze,31,right,432,22,0,0
kosmicznispawacze,31,right,433,22,0,0
kosmicznispawacze,31,right,434,22,0,0
kosmicznispawacze,31,right,435,22,0,0
kosmicznispawacze,31,right,436,22,0,0
kosmicznispawacze,31,right,437,22,0,0
kosmicznispawacze,31,right,438,22,0,0
kosmicznispawacze,31,right,439,22,0,0
kosmicznispawacze,31,right,440,22,0,0
kosmicznispawacze,31,right,441,22,0,0
kosmicznispawacze,31,right,442,22,0,0
kosmicznispawacze,31,right,443,22,0,0
kosmicznispawacze,31,right,444,22,0,0
kosmicznispawacze,31,right,445,22,0,0
kosmicznispawacze,31,right,446,22,0,0
kosmicznispawacze,31,right,447,22,0,0
kosmicznispawacze,31,right,448,23,0,0
kosmicznispawacze,31,right,449,23,0,0
kosmicznispawacze,31,right,450,23,0,0
kosmicznispawacze,31,right,451,23,0,0
kosmicznispawacze,31,right,452,23,0,0
kosmicznispawacze,31,right,453,23,0,0
kosmicznispawacze,31,right,454,23,0,0
kosmicznispawacze,31,right,455,23,0,0
kosmicznispawacze,31,right,456,23,0,0
kosmicznispawacze,31,right,457,23,0,0
kosmicznispawacze,31,right,458,23,0,0
kosmicznispawacze,31,right,459,23,0,0
kosmicznispawacze,31,right,460,23,0,0
kosmicznispawacze,31,right,461,23,0,0
kosmicznispawacze,31,right,462,23,0,0
kosmicznispawacze,31,right,463,23,0,0
kosmicznispawacze,31,right,464,23,0,0
kosmicznispawacze,31,right,465,23,0,0
kosmicznispawacze,31,right,466,23,0,0
kosmicznispawacze,31,right,467,23,0,0
kosmicznispawacze,31,right,468,23,0,0
kosmicznispawacze,31,right,469,23,0,0
kosmicznispawacze,31,right,470,23,0,0
kosmicznispawacze,31,right,471,23,0,0
kosmicznispawacze,31,right,472,23,0,0
kosmicznispawacze,31,right,473,23,0,0
kosmicznispawacze,31,right,474,23,0,0
kosmicznispawacze,31,right,475,23,0,0
kosmicznispawacze,31,right,476,23,0,0
kosmicznispawacze,31,right,477,23,0,0
kosmicznispawacze,31,right,478,23,0,0
kosmicznispawacze,31,right,479,23,0,0
kosmicznispawacze,31,right,480,23,0,0
kosmicznispawacze,31,right,481,23,0,0
kosmicznispawacze,31,right,482,23,0,0
kosmicznispawacze,31,right,483,23,0,0
kosmicznispawacze,31,right,484,23,0,0
kosmicznispawacze,31,right,485,23,0,0
kosmicznispawacze,31,right,486,23,0,0
kosmicznispawacze,31,right,487,23,0,0
kosmicznispawacze,31,right,488,23,0,0
kosmicznispawacze,31,right,489,23,0,0
kosmicznispawacze,31,right,490,23,0,0
kosmicznispawacze,31,right,491,23,0,0
kosmicznispawacze,31,right,492,23,0,0
kosmicznispawacze,31,right,493,23,0,0
kosmicznispawacze,31,right,494,23,0,0
kosmicznispawacze,31,right,495,23,0,0
kosmicznispawacze,31,right,496,23,0,0
kosmicznispawacze,31,right,497,23,0,0
kosmicznispawacze,31,right,498,24,0,0
kosmicznispawacze,31,right,499,24,0,0
kosmicznispawacze,31,right,500,24,0,0
kosmicznispawacze,31,right,501,24,0,0
kosmicznispawacze,31,right,502,24,0,0
kosmicznispawacze,31,right,503,24,0,0
kosmicznispawacze,31,right,504,24,0,0
kosmicznispawacze,31,right,505,24,0,0
kosmicznispawacze,31,right,506,24,0,0
kosmicznispawacze,31,right,507,24,0,0
kosmicznispawacze,31,right,508,24,0,0
kosmicznispawacze,31,right,509,24,0,0
kosmicznispawacze,31,right,510,24,0,0
kosmicznispawacze,31,right,511,24,0,0
kosmicznispawacze,31,right,512,24,0,0
kosmicznispawacze,31,right,513,24,0,0
kosmicznispawacze,31,right,514,24,0,0
kosmicznispawacze,31,right,515,24,0,0
kosmicznispawacze,31,right,516,24,0,0
kosmicznispawacze,31,right,517,24,0,0
kosmicznispawacze,31,right,518,24,0,0
kosmicznispawacze,31,right,519,24,0,0
kosmicznispawacze,31,right,520,24,0,0
kosmicznispawacze,31,right,521,24,0,0
kosmicznispawacze,31,right,522,24,0,0
kosmicznispawacze,31,right,523,24,0,0
kosmicznispawacze,31,right,524,25,0,0
kosmicznispawacze,31,right,525,25,0,0
kosmicznispawacze,31,right,526,25,0,0
kosmicznispawacze,31,right,527,25,0,0
kosmicznispawacze,31,right,528,25,0,0
kosmicznispawacze,31,right,529,25,0,0
kosmicznispawacze,31,right,530,25,0,0
kosmicznispawacze,31,right,531,25,0,0
kosmicznispawacze,31,right,532,25,0,0
kosmicznispawacze,31,right,533,25,0,0
kosmicznispawacze,31,right,534,25,0,0
kosmicznispawacze,31,right,535,25,0,0
kosmicznispawacze,31,right,536,25,0,0
kosmicznispawacze,31,right,537,25,0,0
kosmicznispawacze,31,right,538,25,0,0
kosmicznispawacze,31,right,539,25,0,0
kosmicznispawacze,31,right,540,25,0,0
kosmicznispawacze,31,right,541,25,0,0
kosmicznispawacze,31,right,542,25,0,0
kosmicznispawacze,31,right,543,25,0,0
kosmicznispawacze,31,right,544,25,0,0
kosmicznispawacze,31,right,545,25,0,0
kosmicznispawacze,31,right,546,25,0,0
kosmicznispawacze,31,right,547,25,0,0
kosmicznispawacze,31,right,548,25,0,0
kosmicznispawacze,31,right,549,26,0,0
kosmicznispawacze,31,right,550,26,0,0
kosmicznispawacze,31,right,551,26,0,0
kosmicznispawacze,31,right,552,26,0,0
kosmicznispawacze,31,right,553,26,0,0
kosmicznispawacze,31,right,554,26,0,0
kosmicznispawacze,31,right,555,26,0,0
kosmicznispawacze,31,right,556,26,0,0
kosmicznispawacze,31,right,557,26,0,0
kosmicznispawacze,31,right,558,26,0,0
kosmicznispawacze,31,right,559,26,0,0
kosmicznispawacze,31,right,560,26,0,0
kosmicznispawacze,31,right,561,26,0,0
kosmicznispawacze,31,right,562,26,0,0
kosmicznispawacze,31,right,563,26,0,0
kosmicznispawacze,31,right,564,26,0,0
kosmicznispawacze,31,right,565,26,0,0
kosmicznispawacze,31,right,566,26,0,0
kosmicznispawacze,31,right,567,26,0,0
kosmicznispawacze,31,right,568,26,0,0
kosmicznispawacze,31,right,569,26,0,0
kosmicznispawacze,31,right,570,26,0,0
kosmicznispawacze,31,right,571,26,0,0
kosmicznispawacze,31,right,572,26,0,0
kosmicznispawacze,31,right,573,26,0,0
kosmicznispawacze,31,right,574,27,0,0
kosmicznispawacze,31,right,575,27,0,0
kosmicznispawacze,31,right,576,27,0,0
kosmicznispawacze,31,right,577,27,0,0
kosmicznispawacze,31,right,578,27,0,0
kosmicznispawacze,31,right,579,27,0,0
kosmicznispawacze,31,right,580,27,0,0
kosmicznispawacze,31,right,581,27,0,0
kosmicznispawacze,31,right,582,27,0,0
kosmicznispawacze,31,right,583,27,0,0
kosmicznispawacze,31,right,584,27,0,0
kosmicznispawacze,31,right,585,27,0,0
kosmicznispawacze,31,right,586,27,0,0
kosmicznispawacze,31,right,587,27,0,0
kosmicznispawacze,31,right,588,27,0,0
kosmicznispawacze,31,right,589,27,0,0
kosmicznispawacze,31,right,590,27,0,0
kosmicznispawacze,31,right,591,27,0,0
kosmicznispawacze,31,right,592,27,0,0
kosmicznispawacze,31,right,593,27,0,0
kosmicznispawacze,31,right,594,27,0,0
kosmicznispawacze,31,right,595,27,0,0
kosmicznispawacze,31,right,596,27,0,0
kosmicznispawacze,31,right,597,27,0,0
kosmicznispawacze,31,right,598,27,0,0
kosmicznispawacze,31,right,599,27,0,0
kosmicznispawacze,31,right,600,28,0,0
kosmicznispawacze,31,right,601,28,0,0
kosmicznispawacze,31,right,602,28,0,0
kosmicznispawacze,31,right,603,28,0,0
kosmicznispawacze,31,right,604,28,0,0
kosmicznispawacze,31,right,605,28,0,0
kosmicznispawacze,31,right,606,28,0,0
kosmicznispawacze,31,right,607,28,0,0
kosmicznispawacze,31,right,608,28,0,0
kosmicznispawacze,31,right,609,28,0,0
kosmicznispawacze,31,right,610,28,0,0
kosmicznispawacze,31,right,611,28,0,0
kosmicznispawacze,31,right,612,28,0,0
kosmicznispawacze,31,right,613,28,0,0
kosmicznispawacze,31,right,614,28,0,0
kosmicznispawacze,31,right,615,28,0,0
kosmicznispawacze,31,right,616,28,0,0
kosmicznispawacze,31,right,617,28,0,0
kosmicznispawacze,31,right,618,28,0,0
kosmicznispawacze,31,right,619,28,0,0
kosmicznispawacze,31,right,620,28,0,0
kosmicznispawacze,31,right,621,28,0,0
kosmicznispawacze,31,right,622,28,0,0
kosmicznispawacze,31,right,623,28,0,0
kosmicznispawacze,31,right,624,29,0,0
kosmicznispawacze,31,right,625,29,0,0
kosmicznispawacze,31,right,626,29,0,0
kosmicznispawacze,31,right,627,29,0,0
kosmicznispawacze,31,right,628,29,0,0
kosmicznispawacze,31,right,629,29,0,0
kosmicznispawacze,31,right,630,29,0,0
kosmicznispawacze,31,right,631,29,0,0
kosmicznispawacze,31,right,632,29,0,0
kosmicznispawacze,31,right,633,29,0,0
kosmicznispawacze,31,right,634,29,0,0
kosmicznispawacze,31,right,635,29,0,0
kosmicznispawacze,31,right,636,29,0,0
kosmicznispawacze,31,right,637,29,0,0
kosmicznispawacze,31,right,638,29,0,0
kosmicznispawacze,31,right,639,29,0,0
kosmicznispawacze,31,right,640,29,0,0
kosmicznispawacze,31,right,641,29,0,0
kosmicznispawacze,31,right,642,29,0,0
kosmicznispawacze,31,right,643,29,0,0
kosmicznispawacze,31,right,644,29,0,0
kosmicznispawacze,31,right,645,29,0,0
kosmicznispawacze,31,right,646,29,0,0
kosmicznispawacze,31,right,647,29,0,0
kosmicznispawacze,31,right,648,30,0,0
kosmicznispawacze,31,right,649,30,0,0
kosmicznispawacze,31,right,650,30,0,0
kosmicznispawacze,31,right,651,30,0,0
kosmicznispawacze,31,right,652,30,0,0
kosmicznispawacze,31,right,653,30,0,0
kosmicznispawacze,31,right,654,30,0,0
kosmicznispawacze,31,right,655,30,0,0
kosmicznispawacze,31,right,656,30,0,0
kosmicznispawacze,31,right,657,30,0,0
kosmicznispawacze,31,right,658,30,0,0
kosmicznispawacze,31,right,659,30,0,0
kosmicznispawacze,31,right,660,30,0,0
kosmicznispawacze,31,right,661,30,0,0
kosmicznispawacze,31,right,662,30,0,0
kosmicznispawacze,31,right,663,30,0,0
kosmicznispawacze,31,right,664,30,0,0
kosmicznispawacze,31,right,665,30,0,0
kosmicznispawacze,31,right,666,30,0,0
kosmicznispawacze,31,right,667,30,0,0
kosmicznispawacze,31,right,668,30,0,0
kosmicznispawacze,31,right,669,30,0,0
kosmicznispawacze,31,right,670,30,0,0
kosmicznispawacze,31,right,671,30,0,0
kosmicznispawacze,31,right,672,30,0,0
kosmicznispawacze,31,right,673,31,0,0
kosmicznispawacze,31,right,674,31,0,0
kosmicznispawacze,31,right,675,32,0,0
kosmicznispawacze,31,right,676,32,0,0
kosmicznispawacze,31,right,677,32,0,0
kosmicznispawacze,31,right,678,32,0,0
kosmicznispawacze,31,right,679,32,0,0
kosmicznispawacze,31,right,680,32,0,0
kosmicznispawacze,31,right,681,32,0,0
kosmicznispawacze,31,right,682,32,0,0
kosmicznispawacze,31,right,683,32,0,0
kosmicznispawacze,31,right,684,32,0,0
kosmicznispawacze,31,right,685,32,0,0
kosmicznispawacze,31,right,686,32,0,0
kosmicznispawacze,31,right,687,32,0,0
kosmicznispawacze,31,right,688,32,0,0
kosmicznispawacze,31,right,689,32,0,0
kosmicznispawacze,31,right,690,32,0,0
kosmicznispawacze,31,right,691,32,0,0
kosmicznispawacze,31,right,692,32,0,0
kosmicznispawacze,31,right,693,33,0,0
kosmicznispawacze,31,right,694,33,0,0
kosmicznispawacze,31,right,695,33,0,0
kosmicznispawacze,31,right,696,33,0,0
kosmicznispawacze,31,right,697,33,0,0
kosmicznispawacze,31,right,698,33,0,0
kosmicznispawacze,31,right,699,34,0,0
kosmicznispawacze,31,right,700,34,0,0
kosmicznispawacze,31,right,701,34,0,0
kosmicznispawacze,31,right,702,34,0,0
kosmicznispawacze,31,right,703,34,0,0
kosmicznispawacze,31,right,704,34,0,0
kosmicznispawacze,31,right,705,34,0,0
kosmicznispawacze,31,right,706,34,0,0
kosmicznispawacze,31,right,707,34,0,0
kosmicznispawacze,31,right,708,34,0,0
kosmicznispawacze,31,right,709,34,0,0
kosmicznispawacze,31,right,710,34,0,0
kosmicznispawacze,31,right,711,34,0,0
kosmicznispawacze,31,right,712,34,0,0
kosmicznispawacze,31,right,713,34,0,0
kosmicznispawacze,31,right,714,34,0,0
kosmicznispawacze,31,right,715,34,0,0
kosmicznispawacze,31,right,716,34,0,0
kosmicznispawacze,31,right,717,34,0,0
kosmicznispawacze,31,right,718,34,0,0
kosmicznispawacze,31,right,719,34,0,0
kosmicznispawacze,31,right,720,34,0,0
kosmicznispawacze,31,right,721,34,0,0
kosmicznispawacze,31,right,722,34,0,0
kosmicznispawacze,31,right,723,34,0,0
kosmicznispawacze,31,right,724,34,0,0
kosmicznispawacze,31,right,725,35,0,0
kosmicznispawacze,31,right,726,35,0,0
kosmicznispawacze,31,right,727,35,0,0
kosmicznispawacze,31,right,728,35,0,0
kosmicznispawacze,31,right,729,35,0,0
kosmicznispawacze,31,right,730,35,0,0
kosmicznispawacze,31,right,731,35,0,0
kosmicznispawacze,31,right,732,35,0,0
kosmicznispawacze,31,right,733,35,0,0
kosmicznispawacze,31,right,734,35,0,0
kosmicznispawacze,31,right,735,35,0,0
kosmicznispawacze,31,right,736,35,0,0
kosmicznispawacze,31,right,737,35,0,0
kosmicznispawacze,31,right,738,35,0,0
kosmicznispawacze,31,right,739,35,0,0
kosmicznispawacze,31,right,740,35,0,0
kosmicznispawacze,31,right,741,35,0,0
kosmicznispawacze,31,right,742,35,0,0
kosmicznispawacze,31,right,743,35,0,0
kosmicznispawacze,31,right,744,35,0,0
kosmicznispawacze,31,right,745,35,0,0
kosmicznispawacze,31,right,746,35,0,0
kosmicznispawacze,31,right,747,35,0,0
kosmicznispawacze,31,right,748,35,0,0
kosmicznispawacze,31,right,749,35,0,0
kosmicznispawacze,31,right,750,35,0,0
kosmicznispawacze,31,right,751,35,0,0
kosmicznispawacze,31,right,752,35,0,0
kosmicznispawacze,31,right,753,35,0,0
kosmicznispawacze,31,right,754,36,0,0
kosmicznispawacze,31,right,755,36,0,0
kosmicznispawacze,31,right,756,36,0,0
kosmicznispawacze,31,right,757,36,0,0
kosmicznispawacze,31,right,758,36,0,0
kosmicznispawacze,31,right,759,36,0,0