team_name,train_number,left_right,frame_number,wagon,uic_0_1,uic_label
kosmicznispawacze,50,left,0,0,locomotive,0
kosmicznispawacze,50,left,1,0,locomotive,0
kosmicznispawacze,50,left,2,0,locomotive,0
kosmicznispawacze,50,left,3,0,locomotive,0
kosmicznispawacze,50,left,4,0,locomotive,0
kosmicznispawacze,50,left,5,0,locomotive,0
kosmicznispawacze,50,left,6,0,locomotive,0
kosmicznispawacze,50,left,7,1,0,0
kosmicznispawacze,50,left,8,1,0,0
kosmicznispawacze,50,left,9,1,0,0
kosmicznispawacze,50,left,10,1,0,0
kosmicznispawacze,50,left,11,1,0,0
kosmicznispawacze,50,left,12,1,0,0
kosmicznispawacze,50,left,13,1,0,0
kosmicznispawacze,50,left,14,1,0,0
kosmicznispawacze,50,left,15,1,0,0
kosmicznispawacze,50,left,16,1,0,0
kosmicznispawacze,50,left,17,1,0,0
kosmicznispawacze,50,left,18,1,0,0
kosmicznispawacze,50,left,19,1,0,0
kosmicznispawacze,50,left,20,1,0,0
kosmicznispawacze,50,left,21,1,0,0
kosmicznispawacze,50,left,22,1,0,0
kosmicznispawacze,50,left,23,1,0,0
kosmicznispawacze,50,left,24,1,0,0
kosmicznispawacze,50,left,25,1,0,0
kosmicznispawacze,50,left,26,1,0,0
kosmicznispawacze,50,left,27,1,0,0
kosmicznispawacze,50,left,28,1,0,0
kosmicznispawacze,50,left,29,1,0,0
kosmicznispawacze,50,left,30,1,0,0
kosmicznispawacze,50,left,31,1,0,0
kosmicznispawacze,50,left,32,1,0,0
kosmicznispawacze,50,left,33,1,0,0
kosmicznispawacze,50,left,34,1,0,0
kosmicznispawacze,50,left,35,1,0,0
kosmicznispawacze,50,left,36,1,0,0
kosmicznispawacze,50,left,37,1,0,0
kosmicznispawacze,50,left,38,1,0,0
kosmicznispawacze,50,left,39,1,0,0
kosmicznispawacze,50,left,40,1,0,0
kosmicznispawacze,50,left,41,1,0,0
kosmicznispawacze,50,left,42,1,0,0
kosmicznispawacze,50,left,43,1,0,0
kosmicznispawacze,50,left,44,1,0,0
kosmicznispawacze,50,left,45,2,0,0
kosmicznispawacze,50,left,46,2,0,0
kosmicznispawacze,50,left,47,2,0,0
kosmicznispawacze,50,left,48,2,0,0
kosmicznispawacze,50,left,49,2,0,0
kosmicznispawacze,50,left,50,2,0,0
kosmicznispawacze,50,left,51,2,0,0
kosmicznispawacze,50,left,52,2,0,0
kosmicznispawacze,50,left,53,2,0,0
kosmicznispawacze,50,left,54,2,0,0
kosmicznispawacze,50,left,55,2,0,0
kosmicznispawacze,50,left,56,2,0,0
kosmicznispawacze,50,left,57,2,0,0
kosmicznispawacze,50,left,58,2,0,0
kosmicznispawacze,50,left,59,2,0,0
kosmicznispawacze,50,left,60,2,0,0
kosmicznispawacze,50,left,61,2,0,0
kosmicznispawacze,50,left,62,2,0,0
kosmicznispawacze,50,left,63,2,0,0
kosmicznispawacze,50,left,64,2,0,0
kosmicznispawacze,50,left,65,2,0,0
kosmicznispawacze,50,left,66,2,0,0
kosmicznispawacze,50,left,67,2,0,0
kosmicznispawacze,50,left,68,2,0,0
kosmicznispawacze,50,left,69,2,0,0
kosmicznispawacze,50,left,70,2,0,0
kosmicznispawacze,50,left,71,2,0,0
kosmicznispawacze,50,left,72,2,0,0
kosmicznispawacze,50,left,73,2,0,0
kosmicznispawacze,50,left,74,2,0,0
kosmicznispawacze,50,left,75,2,0,0
kosmicznispawacze,50,left,76,2,0,0
kosmicznispawacze,50,left,77,2,0,0
kosmicznispawacze,50,left,78,2,0,0
kosmicznispawacze,50,left,79,2,0,0
kosmicznispawacze,50,left,80,2,0,0
kosmicznispawacze,50,left,81,2,0,0
kosmicznispawacze,50,left,82,2,0,0
kosmicznispawacze,50,left,83,2,0,0
kosmicznispawacze,50,left,84,2,0,0
kosmicznispawacze,50,left,85,2,0,0
kosmicznispawacze,50,left,86,2,0,0
kosmicznispawacze,50,left,87,2,0,0
kosmicznispawacze,50,left,88,2,0,0
kosmicznispawacze,50,left,89,2,0,0
kosmicznispawacze,50,left,90,2,0,0
kosmicznispawacze,50,left,91,2,0,0
kosmicznispawacze,50,left,92,2,0,0
kosmicznispawacze,50,left,93,2,0,0
kosmicznispawacze,50,left,94,2,0,0
kosmicznispawacze,50,left,95,2,0,0
kosmicznispawacze,50,left,96,2,0,0
kosmicznispawacze,50,left,97,2,0,0
kosmicznispawacze,50,left,98,2,0,0
kosmicznispawacze,50,left,99,2,0,0
kosmicznispawacze,50,left,100,2,0,0
kosmicznispawacze,50,left,101,2,0,0
kosmicznispawacze,50,left,102,2,0,0
kosmicznispawacze,50,left,103,2,0,0
kosmicznispawacze,50,left,104,2,0,0
kosmicznispawacze,50,left,105,2,0,0
kosmicznispawacze,50,left,106,2,0,0
kosmicznispawacze,50,left,107,2,0,0
kosmicznispawacze,50,left,108,3,0,0
kosmicznispawacze,50,left,109,3,0,0
kosmicznispawacze,50,left,110,3,0,0
kosmicznispawacze,50,left,111,3,0,0
kosmicznispawacze,50,left,112,3,0,0
kosmicznispawacze,50,left,113,3,0,0
kosmicznispawacze,50,left,114,3,0,0
kosmicznispawacze,50,left,115,3,0,0
kosmicznispawacze,50,left,116,3,0,0
kosmicznispawacze,50,left,117,3,0,0
kosmicznispawacze,50,left,118,3,0,0
kosmicznispawacze,50,left,119,3,0,0
kosmicznispawacze,50,left,120,3,0,0
kosmicznispawacze,50,left,121,3,0,0
kosmicznispawacze,50,left,122,3,0,0
kosmicznispawacze,50,left,123,3,0,0
kosmicznispawacze,50,left,124,3,0,0
kosmicznispawacze,50,left,125,3,0,0
kosmicznispawacze,50,left,126,3,0,0
kosmicznispawacze,50,left,127,3,0,0
kosmicznispawacze,50,left,128,3,0,0
kosmicznispawacze,50,left,129,3,0,0
kosmicznispawacze,50,left,130,3,0,0
kosmicznispawacze,50,left,131,4,0,0
kosmicznispawacze,50,left,132,4,0,0
kosmicznispawacze,50,left,133,4,0,0
kosmicznispawacze,50,left,134,4,0,0
kosmicznispawacze,50,left,135,4,0,0
kosmicznispawacze,50,left,136,4,0,0
kosmicznispawacze,50,left,137,4,0,0
kosmicznispawacze,50,left,138,4,0,0
kosmicznispawacze,50,left,139,4,0,0
kosmicznispawacze,50,left,140,4,0,0
kosmicznispawacze,50,left,141,4,0,0
kosmicznispawacze,50,left,142,4,0,0
kosmicznispawacze,50,left,143,4,0,0
kosmicznispawacze,50,left,144,4,0,0
kosmicznispawacze,50,left,145,4,0,0
kosmicznispawacze,50,left,146,4,0,0
kosmicznispawacze,50,left,147,4,0,0
kosmicznispawacze,50,left,148,4,0,0
kosmicznispawacze,50,left,149,4,0,0
kosmicznispawacze,50,left,150,4,0,0
kosmicznispawacze,50,left,151,4,0,0
kosmicznispawacze,50,left,152,4,0,0
kosmicznispawacze,50,left,153,4,0,0
kosmicznispawacze,50,left,154,4,0,0
kosmicznispawacze,50,left,155,4,0,0
kosmicznispawacze,50,left,156,4,0,0
kosmicznispawacze,50,left,157,4,0,0
kosmicznispawacze,50,left,158,5,0,0
kosmicznispawacze,50,left,159,5,0,0
kosmicznispawacze,50,left,160,5,0,0
kosmicznispawacze,50,left,161,5,0,0
kosmicznispawacze,50,left,162,5,0,0
kosmicznispawacze,50,left,163,5,0,0
kosmicznispawacze,50,left,164,5,0,0
kosmicznispawacze,50,left,165,5,0,0
kosmicznispawacze,50,left,166,5,0,0
kosmicznispawacze,50,left,167,5,0,0
kosmicznispawacze,50,left,168,5,0,0
kosmicznispawacze,50,left,169,5,0,0
kosmicznispawacze,50,left,170,5,0,0
kosmicznispawacze,50,left,171,5,0,0
kosmicznispawacze,50,left,172,5,0,0
kosmicznispawacze,50,left,173,5,0,0
kosmicznispawacze,50,left,174,5,0,0
kosmicznispawacze,50,left,175,5,0,0
kosmicznispawacze,50,left,176,5,0,0
kosmicznispawacze,50,left,177,5,0,0
kosmicznispawacze,50,left,178,5,0,0
kosmicznispawacze,50,left,179,5,0,0
kosmicznispawacze,50,left,180,5,0,0
kosmicznispawacze,50,left,181,5,0,0
kosmicznispawacze,50,left,182,5,0,0
kosmicznispawacze,50,left,183,5,0,0
kosmicznispawacze,50,left,184,5,0,0
kosmicznispawacze,50,left,185,5,0,0
kosmicznispawacze,50,left,186,6,0,0
kosmicznispawacze,50,left,187,6,0,0
kosmicznispawacze,50,left,188,6,0,0
kosmicznispawacze,50,left,189,6,0,0
kosmicznispawacze,50,left,190,6,0,0
kosmicznispawacze,50,left,191,6,0,0
kosmicznispawacze,50,left,192,6,0,0
kosmicznispawacze,50,left,193,6,0,0
kosmicznispawacze,50,left,194,6,0,0
kosmicznispawacze,50,left,195,6,0,0
kosmicznispawacze,50,left,196,6,0,0
kosmicznispawacze,50,left,197,6,0,0
kosmicznispawacze,50,left,198,6,0,0
kosmicznispawacze,50,left,199,6,0,0
kosmicznispawacze,50,left,200,6,0,0
kosmicznispawacze,50,left,201,6,0,0
kosmicznispawacze,50,left,202,6,0,0
kosmicznispawacze,50,left,203,6,0,0
kosmicznispawacze,50,left,204,6,0,0
kosmicznispawacze,50,left,205,6,0,0
kosmicznispawacze,50,left,206,6,0,0
kosmicznispawacze,50,left,207,6,0,0
kosmicznispawacze,50,left,208,6,0,0
kosmicznispawacze,50,left,209,6,0,0
kosmicznispawacze,50,left,210,6,0,0
kosmicznispawacze,50,left,211,6,0,0
kosmicznispawacze,50,left,212,6,0,0
kosmicznispawacze,50,left,213,6,0,0
kosmicznispawacze,50,left,214,7,0,0
kosmicznispawacze,50,left,215,7,0,0
kosmicznispawacze,50,left,216,7,0,0
kosmicznispawacze,50,left,217,7,0,0
kosmicznispawacze,50,left,218,7,0,0
kosmicznispawacze,50,left,219,7,0,0
kosmicznispawacze,50,left,220,7,0,0
kosmicznispawacze,50,left,221,7,0,0
kosmicznispawacze,50,left,222,7,0,0
kosmicznispawacze,50,left,223,7,0,0
kosmicznispawacze,50,left,224,7,0,0
kosmicznispawacze,50,left,225,7,0,0
kosmicznispawacze,50,left,226,7,0,0
kosmicznispawacze,50,left,227,7,0,0
kosmicznispawacze,50,left,228,7,0,0
kosmicznispawacze,50,left,229,7,0,0
kosmicznispawacze,50,left,230,7,0,0
kosmicznispawacze,50,left,231,7,0,0
kosmicznispawacze,50,left,232,7,0,0
kosmicznispawacze,50,left,233,7,0,0
kosmicznispawacze,50,left,234,7,0,0
kosmicznispawacze,50,left,235,7,0,0
kosmicznispawacze,50,left,236,7,0,0
kosmicznispawacze,50,left,237,7,0,0
kosmicznispawacze,50,left,238,7,0,0
kosmicznispawacze,50,left,239,7,0,0
kosmicznispawacze,50,left,240,7,0,0
kosmicznispawacze,50,left,241,8,0,0
kosmicznispawacze,50,left,242,8,0,0
kosmicznispawacze,50,left,243,8,0,0
kosmicznispawacze,50,left,244,8,0,0
kosmicznispawacze,50,left,245,8,0,0
kosmicznispawacze,50,left,246,8,0,0
kosmicznispawacze,50,left,247,8,0,0
kosmicznispawacze,50,left,248,8,0,0
kosmicznispawacze,50,left,249,8,0,0
kosmicznispawacze,50,left,250,8,0,0
kosmicznispawacze,50,left,251,8,0,0
kosmicznispawacze,50,left,252,8,0,0
kosmicznispawacze,50,left,253,8,0,0
kosmicznispawacze,50,left,254,8,0,0
kosmicznispawacze,50,left,255,8,0,0
kosmicznispawacze,50,left,256,8,0,0
kosmicznispawacze,50,left,257,8,0,0
kosmicznispawacze,50,left,258,8,0,0
kosmicznispawacze,50,left,259,8,0,0
kosmicznispawacze,50,left,260,8,0,0
kosmicznispawacze,50,left,261,8,0,0
kosmicznispawacze,50,left,262,8,0,0
kosmicznispawacze,50,left,263,8,0,0
kosmicznispawacze,50,left,264,8,0,0
kosmicznispawacze,50,left,265,8,0,0
kosmicznispawacze,50,left,266,8,0,0
kosmicznispawacze,50,left,267,8,0,0
kosmicznispawacze,50,left,268,8,0,0
kosmicznispawacze,50,left,269,8,0,0
kosmicznispawacze,50,left,270,8,0,0
kosmicznispawacze,50,left,271,8,0,0
kosmicznispawacze,50,left,272,8,0,0
kosmicznispawacze,50,left,273,8,0,0
kosmicznispawacze,50,left,274,8,0,0
kosmicznispawacze,50,left,275,8,0,0
kosmicznispawacze,50,left,276,9,0,0
kosmicznispawacze,50,left,277,9,0,0
kosmicznispawacze,50,left,278,9,0,0
kosmicznispawacze,50,left,279,9,0,0
kosmicznispawacze,50,left,280,9,0,0
kosmicznispawacze,50,left,281,9,0,0
kosmicznispawacze,50,left,282,9,0,0
kosmicznispawacze,50,left,283,9,0,0
kosmicznispawacze,50,left,284,9,0,0
kosmicznispawacze,50,left,285,9,0,0
kosmicznispawacze,50,left,286,9,0,0
kosmicznispawacze,50,left,287,9,0,0
kosmicznispawacze,50,left,288,9,0,0
kosmicznispawacze,50,left,289,9,0,0
kosmicznispawacze,50,left,290,9,0,0
kosmicznispawacze,50,left,291,9,0,0
kosmicznispawacze,50,left,292,9,0,0
kosmicznispawacze,50,left,293,9,0,0
kosmicznispawacze,50,left,294,9,0,0
kosmicznispawacze,50,left,295,9,0,0
kosmicznispawacze,50,left,296,9,0,0
kosmicznispawacze,50,left,297,9,0,0
kosmicznispawacze,50,left,298,9,0,0
kosmicznispawacze,50,left,299,9,0,0
kosmicznispawacze,50,left,300,9,0,0
kosmicznispawacze,50,left,301,10,0,0
kosmicznispawacze,50,left,302,10,0,0
kosmicznispawacze,50,left,303,10,0,0
kosmicznispawacze,50,left,304,10,0,0
kosmicznispawacze,50,left,305,10,0,0
kosmicznispawacze,50,left,306,10,0,0
kosmicznispawacze,50,left,307,10,0,0
kosmicznispawacze,50,left,308,10,0,0
kosmicznispawacze,50,left,309,10,0,0
kosmicznispawacze,50,left,310,10,0,0
kosmicznispawacze,50,left,311,10,0,0
kosmicznispawacze,50,left,312,10,0,0
kosmicznispawacze,50,left,313,10,0,0
kosmicznispawacze,50,left,314,10,0,0
kosmicznispawacze,50,left,315,10,0,0
kosmicznispawacze,50,left,316,10,0,0
kosmicznispawacze,50,left,317,10,0,0
kosmicznispawacze,50,left,318,10,0,0
kosmicznispawacze,50,left,319,10,0,0
kosmicznispawacze,50,left,320,10,0,0
kosmicznispawacze,50,left,321,10,0,0
kosmicznispawacze,50,left,322,10,0,0
kosmicznispawacze,50,left,323,10,0,0
kosmicznispawacze,50,left,324,11,0,0
kosmicznispawacze,50,left,325,11,0,0
kosmicznispawacze,50,left,326,11,0,0
kosmicznispawacze,50,left,327,11,0,0
kosmicznispawacze,50,left,328,11,0,0
kosmicznispawacze,50,left,329,11,0,0
kosmicznispawacze,50,left,330,11,0,0
kosmicznispawacze,50,left,331,11,0,0
kosmicznispawacze,50,left,332,11,0,0
kosmicznispawacze,50,left,333,11,0,0
kosmicznispawacze,50,left,334,11,0,0
kosmicznispawacze,50,left,335,11,0,0
kosmicznispawacze,50,left,336,11,0,0
kosmicznispawacze,50,left,337,11,0,0
kosmicznispawacze,50,left,338,11,0,0
kosmicznispawacze,50,left,339,11,0,0
kosmicznispawacze,50,left,340,11,0,0
kosmicznispawacze,50,left,341,11,0,0
kosmicznispawacze,50,left,342,11,0,0
kosmicznispawacze,50,left,343,11,0,0
kosmicznispawacze,50,left,344,11,0,0
kosmicznispawacze,50,left,345,11,0,0
kosmicznispawacze,50,left,346,11,0,0
kosmicznispawacze,50,left,347,11,0,0
kosmicznispawacze,50,left,348,12,0,0
kosmicznispawacze,50,left,349,12,0,0
kosmicznispawacze,50,left,350,12,0,0
kosmicznispawacze,50,left,351,12,0,0
kosmicznispawacze,50,left,352,12,0,0
kosmicznispawacze,50,left,353,12,0,0
kosmicznispawacze,50,left,354,12,0,0
kosmicznispawacze,50,left,355,12,0,0
kosmicznispawacze,50,left,356,12,0,0
kosmicznispawacze,50,left,357,12,0,0
kosmicznispawacze,50,left,358,12,0,0
kosmicznispawacze,50,left,359,12,0,0
kosmicznispawacze,50,left,360,12,0,0
kosmicznispawacze,50,left,361,12,0,0
kosmicznispawacze,50,left,362,12,0,0
kosmicznispawacze,50,left,363,12,0,0
kosmicznispawacze,50,left,364,12,0,0
kosmicznispawacze,50,left,365,12,0,0
kosmicznispawacze,50,left,366,12,0,0
kosmicznispawacze,50,left,367,12,0,0
kosmicznispawacze,50,left,368,12,0,0
kosmicznispawacze,50,left,369,12,0,0
kosmicznispawacze,50,left,370,12,0,0
kosmicznispawacze,50,left,371,12,0,0
kosmicznispawacze,50,left,372,12,0,0
kosmicznispawacze,50,left,373,13,0,0
kosmicznispawacze,50,left,374,13,0,0
kosmicznispawacze,50,left,375,13,0,0
kosmicznispawacze,50,left,376,13,0,0
kosmicznispawacze,50,left,377,13,0,0
kosmicznispawacze,50,left,378,13,0,0
kosmicznispawacze,50,left,379,13,0,0
kosmicznispawacze,50,left,380,13,0,0
kosmicznispawacze,50,left,381,13,0,0
kosmicznispawacze,50,left,382,13,0,0
kosmicznispawacze,50,left,383,13,0,0
kosmicznispawacze,50,left,384,13,0,0
kosmicznispawacze,50,left,385,13,0,0
kosmicznispawacze,50,left,386,13,0,0
kosmicznispawacze,50,left,387,13,0,0
kosmicznispawacze,50,left,388,13,0,0
kosmicznispawacze,50,left,389,13,0,0
kosmicznispawacze,50,left,390,13,0,0
kosmicznispawacze,50,left,391,13,0,0
kosmicznispawacze,50,left,392,13,0,0
kosmicznispawacze,50,left,393,13,0,0
kosmicznispawacze,50,left,394,13,0,0
kosmicznispawacze,50,left,395,13,0,0
kosmicznispawacze,50,left,396,13,0,0
kosmicznispawacze,50,left,397,13,0,0
kosmicznispawacze,50,left,398,13,0,0
kosmicznispawacze,50,left,399,13,0,0
kosmicznispawacze,50,left,400,13,0,0
kosmicznispawacze,50,left,401,13,0,0
kosmicznispawacze,50,left,402,13,0,0
kosmicznispawacze,50,left,403,13,0,0
kosmicznispawacze,50,left,404,13,0,0
kosmicznispawacze,50,left,405,13,0,0
kosmicznispawacze,50,left,406,13,0,0
kosmicznispawacze,50,left,407,13,0,0
kosmicznispawacze,50,left,408,13,0,0
kosmicznispawacze,50,left,409,13,0,0
kosmicznispawacze,50,left,410,13,0,0
kosmicznispawacze,50,left,411,13,0,0
kosmicznispawacze,50,left,412,13,0,0
kosmicznispawacze,50,left,413,13,0,0
kosmicznispawacze,50,left,414,14,0,0
kosmicznispawacze,50,left,415,14,0,0
kosmicznispawacze,50,left,416,14,0,0
kosmicznispawacze,50,left,417,14,0,0
kosmicznispawacze,50,left,418,14,0,0
kosmicznispawacze,50,left,419,14,0,0
kosmicznispawacze,50,left,420,14,0,0
kosmicznispawacze,50,left,421,14,0,0
kosmicznispawacze,50,left,422,14,0,0
kosmicznispawacze,50,left,423,14,0,0
kosmicznispawacze,50,left,424,14,0,0
kosmicznispawacze,50,left,425,14,0,0
kosmicznispawacze,50,left,426,14,0,0
kosmicznispawacze,50,left,427,14,0,0
kosmicznispawacze,50,left,428,14,0,0
kosmicznispawacze,50,left,429,14,0,0
kosmicznispawacze,50,left,430,14,0,0
kosmicznispawacze,50,left,431,14,0,0
kosmicznispawacze,50,left,432,14,0,0
kosmicznispawacze,50,left,433,14,0,0
kosmicznispawacze,50,left,434,15,0,0
kosmicznispawacze,50,left,435,15,0,0
kosmicznispawacze,50,left,436,15,0,0
kosmicznispawacze,50,left,437,15,0,0
kosmicznispawacze,50,left,438,15,0,0
kosmicznispawacze,50,left,439,15,0,0
kosmicznispawacze,50,left,440,15,0,0
kosmicznispawacze,50,left,441,15,0,0
kosmicznispawacze,50,left,442,15,0,0
kosmicznispawacze,50,left,443,15,0,0
kosmicznispawacze,50,left,444,15,0,0
kosmicznispawacze,50,left,445,15,0,0
kosmicznispawacze,50,left,446,15,0,0
kosmicznispawacze,50,left,447,15,0,0
kosmicznispawacze,50,left,448,15,0,0
kosmicznispawacze,50,left,449,15,0,0
kosmicznispawacze,50,left,450,15,0,0
kosmicznispawacze,50,left,451,15,0,0
kosmicznispawacze,50,left,452,15,0,0
kosmicznispawacze,50,left,453,15,0,0
kosmicznispawacze,50,left,454,15,0,0
kosmicznispawacze,50,left,455,15,0,0
kosmicznispawacze,50,left,456,15,0,0
kosmicznispawacze,50,left,457,16,0,0
kosmicznispawacze,50,left,458,16,0,0
kosmicznispawacze,50,left,459,16,0,0
kosmicznispawacze,50,left,460,16,0,0
kosmicznispawacze,50,left,461,16,0,0
kosmicznispawacze,50,left,462,16,0,0
kosmicznispawacze,50,left,463,16,0,0
kosmicznispawacze,50,left,464,16,0,0
kosmicznispawacze,50,left,465,16,0,0
kosmicznispawacze,50,left,466,16,0,0
kosmicznispawacze,50,left,467,16,0,0
kosmicznispawacze,50,left,468,16,0,0
kosmicznispawacze,50,left,469,16,0,0
kosmicznispawacze,50,left,470,16,0,0
kosmicznispawacze,50,left,471,16,0,0
kosmicznispawacze,50,left,472,16,0,0
kosmicznispawacze,50,left,473,16,0,0
kosmicznispawacze,50,left,474,16,0,0
kosmicznispawacze,50,left,475,16,0,0
kosmicznispawacze,50,left,476,16,0,0
kosmicznispawacze,50,left,477,17,0,0
kosmicznispawacze,50,left,478,17,0,0
kosmicznispawacze,50,left,479,17,0,0
kosmicznispawacze,50,left,480,17,0,0
kosmicznispawacze,50,left,481,17,0,0
kosmicznispawacze,50,left,482,17,0,0
kosmicznispawacze,50,left,483,17,0,0
kosmicznispawacze,50,left,484,17,0,0
kosmicznispawacze,50,left,485,17,0,0
kosmicznispawacze,50,left,486,17,0,0
kosmicznispawacze,50,left,487,17,0,0
kosmicznispawacze,50,left,488,17,0,0
kosmicznispawacze,50,left,489,17,0,0
kosmicznispawacze,50,left,490,17,0,0
kosmicznispawacze,50,left,491,17,0,0
kosmicznispawacze,50,left,492,17,0,0
kosmicznispawacze,50,left,493,17,0,0
kosmicznispawacze,50,left,494,17,0,0
kosmicznispawacze,50,left,495,17,0,0
kosmicznispawacze,50,left,496,17,0,0
kosmicznispawacze,50,left,497,17,0,0
kosmicznispawacze,50,left,498,17,0,0
kosmicznispawacze,50,left,503,17,0,0
kosmicznispawacze,50,left,504,17,0,0
kosmicznispawacze,50,left,505,17,0,0
kosmicznispawacze,50,left,506,17,0,0
kosmicznispawacze,50,left,507,17,0,0
kosmicznispawacze,50,left,508,17,0,0
kosmicznispawacze,50,left,509,17,0,0
kosmicznispawacze,50,left,510,17,0,0