team_name,train_number,left_right,frame_number,wagon,uic_0_1,uic_label
kosmicznispawacze,55,right,0,0,locomotive,0
kosmicznispawacze,55,right,1,0,locomotive,0
kosmicznispawacze,55,right,2,0,locomotive,0
kosmicznispawacze,55,right,3,0,locomotive,0
kosmicznispawacze,55,right,4,1,0,0
kosmicznispawacze,55,right,5,1,0,0
kosmicznispawacze,55,right,6,1,0,0
kosmicznispawacze,55,right,7,1,0,0
kosmicznispawacze,55,right,8,1,0,0
kosmicznispawacze,55,right,9,1,0,0
kosmicznispawacze,55,right,10,1,0,0
kosmicznispawacze,55,right,11,1,0,0
kosmicznispawacze,55,right,12,1,0,0
kosmicznispawacze,55,right,13,1,0,0
kosmicznispawacze,55,right,14,1,0,0
kosmicznispawacze,55,right,15,1,0,0
kosmicznispawacze,55,right,16,2,0,0
kosmicznispawacze,55,right,17,2,0,0
kosmicznispawacze,55,right,18,2,0,0
kosmicznispawacze,55,right,19,2,0,0
kosmicznispawacze,55,right,20,2,0,0
kosmicznispawacze,55,right,21,2,0,0
kosmicznispawacze,55,right,22,2,0,0
kosmicznispawacze,55,right,23,2,0,0
kosmicznispawacze,55,right,24,3,0,0
kosmicznispawacze,55,right,25,3,0,0
kosmicznispawacze,55,right,26,3,0,0
kosmicznispawacze,55,right,27,3,0,0
kosmicznispawacze,55,right,28,3,0,0
kosmicznispawacze,55,right,29,3,0,0
kosmicznispawacze,55,right,30,3,0,0
kosmicznispawacze,55,right,31,3,0,0
kosmicznispawacze,55,right,32,3,0,0
kosmicznispawacze,55,right,33,3,0,0
kosmicznispawacze,55,right,34,3,0,0
kosmicznispawacze,55,right,35,3,0,0
kosmicznispawacze,55,right,36,3,0,0
kosmicznispawacze,55,right,37,3,0,0
kosmicznispawacze,55,right,38,3,0,0
kosmicznispawacze,55,right,39,3,0,0
kosmicznispawacze,55,right,40,3,0,0
kosmicznispawacze,55,right,41,3,0,0
kosmicznispawacze,55,right,42,3,0,0
kosmicznispawacze,55,right,43,3,0,0
kosmicznispawacze,55,right,44,3,0,0
kosmicznispawacze,55,right,45,3,0,0
kosmicznispawacze,55,right,46,4,0,0
kosmicznispawacze,55,right,47,4,0,0
kosmicznispawacze,55,right,48,4,0,0
kosmicznispawacze,55,right,49,4,0,0
kosmicznispawacze,55,right,50,4,0,0
kosmicznispawacze,55,right,51,4,0,0
kosmicznispawacze,55,right,52,4,0,0
kosmicznispawacze,55,right,53,4,0,0
kosmicznispawacze,55,right,54,4,0,0
kosmicznispawacze,55,right,55,4,0,0
kosmicznispawacze,55,right,56,4,0,0
kosmicznispawacze,55,right,57,4,0,0
kosmicznispawacze,55,right,58,4,0,0
kosmicznispawacze,55,right,59,4,0,0
kosmicznispawacze,55,right,60,4,0,0
kosmicznispawacze,55,right,61,4,0,0
kosmicznispawacze,55,right,62,4,0,0
kosmicznispawacze,55,right,63,4,0,0
kosmicznispawacze,55,right,64,4,0,0
kosmicznispawacze,55,right,65,4,0,0
kosmicznispawacze,55,right,66,4,0,0
kosmicznispawacze,55,right,67,5,0,0
kosmicznispawacze,55,right,68,5,0,0
kosmicznispawacze,55,right,69,5,0,0
kosmicznispawacze,55,right,70,5,0,0
kosmicznispawacze,55,right,71,5,0,0
kosmicznispawacze,55,right,72,6,0,0
kosmicznispawacze,55,right,73,6,0,0
kosmicznispawacze,55,right,74,6,0,0
kosmicznispawacze,55,right,75,6,0,0
kosmicznispawacze,55,right,76,6,0,0
kosmicznispawacze,55,right,77,6,0,0
kosmicznispawacze,55,right,78,6,0,0
kosmicznispawacze,55,right,79,6,0,0
kosmicznispawacze,55,right,80,6,0,0
kosmicznispawacze,55,right,81,6,0,0
kosmicznispawacze,55,right,82,6,0,0
kosmicznispawacze,55,right,83,6,0,0
kosmicznispawacze,55,right,84,6,0,0
kosmicznispawacze,55,right,85,6,0,0
kosmicznispawacze,55,right,86,6,0,0
kosmicznispawacze,55,right,87,6,0,0
kosmicznispawacze,55,right,88,7,0,0
kosmicznispawacze,55,right,89,7,0,0
kosmicznispawacze,55,right,90,7,0,0
kosmicznispawacze,55,right,91,7,0,0
kosmicznispawacze,55,right,92,7,0,0
kosmicznispawacze,55,right,93,7,0,0
kosmicznispawacze,55,right,94,7,0,0
kosmicznispawacze,55,right,95,7,0,0
kosmicznispawacze,55,right,96,7,0,0
kosmicznispawacze,55,right,97,7,0,0
kosmicznispawacze,55,right,98,7,0,0
kosmicznispawacze,55,right,99,7,0,0
kosmicznispawacze,55,right,100,7,0,0
kosmicznispawacze,55,right,101,7,0,0
kosmicznispawacze,55,right,102,7,0,0
kosmicznispawacze,55,right,103,7,0,0
kosmicznispawacze,55,right,104,7,0,0
kosmicznispawacze,55,right,105,7,0,0
kosmicznispawacze,55,right,106,7,0,0
kosmicznispawacze,55,right,107,7,0,0
kosmicznispawacze,55,right,108,7,0,0
kosmicznispawacze,55,right,109,7,0,0
kosmicznispawacze,55,right,110,7,0,0
kosmicznispawacze,55,right,111,8,0,0
kosmicznispawacze,55,right,112,8,0,0
kosmicznispawacze,55,right,113,8,0,0
kosmicznispawacze,55,right,114,8,0,0
kosmicznispawacze,55,right,115,8,0,0
kosmicznispawacze,55,right,116,8,0,0
kosmicznispawacze,55,right,117,8,0,0
kosmicznispawacze,55,right,118,8,0,0
kosmicznispawacze,55,right,119,8,0,0
kosmicznispawacze,55,right,120,8,0,0
kosmicznispawacze,55,right,121,8,0,0
kosmicznispawacze,55,right,122,8,0,0
kosmicznispawacze,55,right,123,8,0,0
kosmicznispawacze,55,right,124,8,0,0
kosmicznispawacze,55,right,125,8,0,0
kosmicznispawacze,55,right,126,8,0,0
kosmicznispawacze,55,right,127,8,0,0
kosmicznispawacze,55,right,128,8,0,0
kosmicznispawacze,55,right,129,8,0,0
kosmicznispawacze,55,right,130,8,0,0
kosmicznispawacze,55,right,131,8,0,0
kosmicznispawacze,55,right,132,8,0,0
kosmicznispawacze,55,right,133,8,0,0
kosmicznispawacze,55,right,134,8,0,0
kosmicznispawacze,55,right,135,8,0,0
kosmicznispawacze,55,right,136,8,0,0
kosmicznispawacze,55,right,137,8,0,0
kosmicznispawacze,55,right,138,8,0,0
kosmicznispawacze,55,right,139,8,0,0
kosmicznispawacze,55,right,140,8,0,0
kosmicznispawacze,55,right,141,8,0,0
kosmicznispawacze,55,right,142,8,0,0
kosmicznispawacze,55,right,143,8,0,0
kosmicznispawacze,55,right,144,8,0,0
kosmicznispawacze,55,right,145,8,0,0
kosmicznispawacze,55,right,146,8,0,0
kosmicznispawacze,55,right,147,8,0,0
kosmicznispawacze,55,right,148,8,0,0
kosmicznispawacze,55,right,149,8,0,0
kosmicznispawacze,55,right,150,8,0,0
kosmicznispawacze,55,right,151,8,0,0
kosmicznispawacze,55,right,152,9,0,0
kosmicznispawacze,55,right,153,9,0,0
kosmicznispawacze,55,right,154,9,0,0
kosmicznispawacze,55,right,155,9,0,0
kosmicznispawacze,55,right,156,9,0,0
kosmicznispawacze,55,right,157,9,0,0
kosmicznispawacze,55,right,158,10,0,0
kosmicznispawacze,55,right,159,10,0,0
kosmicznispawacze,55,right,160,10,0,0
kosmicznispawacze,55,right,161,10,0,0
kosmicznispawacze,55,right,162,10,0,0
kosmicznispawacze,55,right,163,10,0,0
kosmicznispawacze,55,right,164,10,0,0
kosmicznispawacze,55,right,165,10,0,0
kosmicznispawacze,55,right,166,10,0,0
kosmicznispawacze,55,right,167,10,0,0
kosmicznispawacze,55,right,168,10,0,0
kosmicznispawacze,55,right,169,10,0,0
kosmicznispawacze,55,right,170,10,0,0
kosmicznispawacze,55,right,171,10,0,0
kosmicznispawacze,55,right,172,10,0,0
kosmicznispawacze,55,right,173,10,0,0
kosmicznispawacze,55,right,174,10,0,0
kosmicznispawacze,55,right,175,10,0,0
kosmicznispawacze,55,right,176,10,0,0
kosmicznispawacze,55,right,177,10,0,0
kosmicznispawacze,55,right,178,10,0,0
kosmicznispawacze,55,right,179,10,0,0
kosmicznispawacze,55,right,180,11,0,0
kosmicznispawacze,55,right,181,11,0,0
kosmicznispawacze,55,right,182,11,0,0
kosmicznispawacze,55,right,183,11,0,0
kosmicznispawacze,55,right,184,11,0,0
kosmicznispawacze,55,right,185,11,0,0
kosmicznispawacze,55,right,186,11,0,0
kosmicznispawacze,55,right,187,11,0,0
kosmicznispawacze,55,right,188,11,0,0
kosmicznispawacze,55,right,189,11,0,0
kosmicznispawacze,55,right,190,11,0,0
kosmicznispawacze,55,right,191,11,0,0
kosmicznispawacze,55,right,192,11,0,0
kosmicznispawacze,55,right,193,11,0,0
kosmicznispawacze,55,right,194,11,0,0
kosmicznispawacze,55,right,195,11,0,0
kosmicznispawacze,55,right,196,11,0,0
kosmicznispawacze,55,right,197,11,0,0
kosmicznispawacze,55,right,198,11,0,0
kosmicznispawacze,55,right,199,11,0,0
kosmicznispawacze,55,right,200,11,0,0
kosmicznispawacze,55,right,201,11,0,0
kosmicznispawacze,55,right,202,11,0,0
kosmicznispawacze,55,right,203,12,0,0
kosmicznispawacze,55,right,204,12,0,0
kosmicznispawacze,55,right,205,12,0,0
kosmicznispawacze,55,right,206,12,0,0
kosmicznispawacze,55,right,207,12,0,0
kosmicznispawacze,55,right,208,12,0,0
kosmicznispawacze,55,right,209,12,0,0
kosmicznispawacze,55,right,210,12,0,0
kosmicznispawacze,55,right,211,12,0,0
kosmicznispawacze,55,right,212,12,0,0
kosmicznispawacze,55,right,213,12,0,0
kosmicznispawacze,55,right,214,12,0,0
kosmicznispawacze,55,right,215,12,0,0
kosmicznispawacze,55,right,216,12,0,0
kosmicznispawacze,55,right,217,12,0,0
kosmicznispawacze,55,right,218,12,0,0
kosmicznispawacze,55,right,219,12,0,0
kosmicznispawacze,55,right,220,12,0,0
kosmicznispawacze,55,right,221,12,0,0
kosmicznispawacze,55,right,222,12,0,0
kosmicznispawacze,55,right,223,12,0,0
kosmicznispawacze,55,right,224,13,0,0
kosmicznispawacze,55,right,225,13,0,0
kosmicznispawacze,55,right,226,13,0,0
kosmicznispawacze,55,right,227,13,0,0
kosmicznispawacze,55,right,228,13,0,0
kosmicznispawacze,55,right,229,13,0,0
kosmicznispawacze,55,right,230,13,0,0
kosmicznispawacze,55,right,231,13,0,0
kosmicznispawacze,55,right,232,13,0,0
kosmicznispawacze,55,right,233,13,0,0
kosmicznispawacze,55,right,234,13,0,0
kosmicznispawacze,55,right,235,13,0,0
kosmicznispawacze,55,right,236,13,0,0
kosmicznispawacze,55,right,237,13,0,0
kosmicznispawacze,55,right,238,13,0,0
kosmicznispawacze,55,right,239,13,0,0
kosmicznispawacze,55,right,240,13,0,0
kosmicznispawacze,55,right,241,13,0,0
kosmicznispawacze,55,right,242,13,0,0
kosmicznispawacze,55,right,243,13,0,0
kosmicznispawacze,55,right,244,13,0,0
kosmicznispawacze,55,right,245,14,0,0
kosmicznispawacze,55,right,246,14,0,0
kosmicznispawacze,55,right,247,14,0,0
kosmicznispawacze,55,right,248,14,0,0
kosmicznispawacze,55,right,249,14,0,0
kosmicznispawacze,55,right,250,14,0,0
kosmicznispawacze,55,right,251,14,0,0
kosmicznispawacze,55,right,252,14,0,0
kosmicznispawacze,55,right,253,14,0,0
kosmicznispawacze,55,right,254,14,0,0
kosmicznispawacze,55,right,255,14,0,0
kosmicznispawacze,55,right,256,14,0,0
kosmicznispawacze,55,right,257,14,0,0
kosmicznispawacze,55,right,258,14,0,0
kosmicznispawacze,55,right,259,14,0,0
kosmicznispawacze,55,right,260,14,0,0
kosmicznispawacze,55,right,261,14,0,0
kosmicznispawacze,55,right,262,14,0,0
kosmicznispawacze,55,right,263,15,0,0
kosmicznispawacze,55,right,264,15,0,0
kosmicznispawacze,55,right,265,15,0,0
kosmicznispawacze,55,right,266,15,0,0
kosmicznispawacze,55,right,267,15,0,0
kosmicznispawacze,55,right,268,16,0,0
kosmicznispawacze,55,right,269,16,0,0
kosmicznispawacze,55,right,270,16,0,0
kosmicznispawacze,55,right,271,16,0,0
kosmicznispawacze,55,right,272,16,0,0
kosmicznispawacze,55,right,273,16,0,0
kosmicznispawacze,55,right,274,16,0,0
kosmicznispawacze,55,right,275,16,0,0
kosmicznispawacze,55,right,276,16,0,0
kosmicznispawacze,55,right,277,16,0,0
kosmicznispawacze,55,right,278,16,0,0
kosmicznispawacze,55,right,279,16,0,0
kosmicznispawacze,55,right,280,16,0,0
kosmicznispawacze,55,right,281,16,0,0
kosmicznispawacze,55,right,282,16,0,0
kosmicznispawacze,55,right,283,16,0,0
kosmicznispawacze,55,right,284,16,0,0
kosmicznispawacze,55,right,285,16,0,0
kosmicznispawacze,55,right,286,16,0,0
kosmicznispawacze,55,right,287,16,0,0
kosmicznispawacze,55,right,288,16,0,0
kosmicznispawacze,55,right,289,16,0,0
kosmicznispawacze,55,right,290,16,0,0
kosmicznispawacze,55,right,291,16,0,0
kosmicznispawacze,55,right,292,16,0,0
kosmicznispawacze,55,right,293,17,0,0
kosmicznispawacze,55,right,294,17,0,0
kosmicznispawacze,55,right,295,17,0,0
kosmicznispawacze,55,right,296,17,0,0
kosmicznispawacze,55,right,297,17,0,0
kosmicznispawacze,55,right,298,17,0,0
kosmicznispawacze,55,right,299,17,0,0
kosmicznispawacze,55,right,300,17,0,0
kosmicznispawacze,55,right,301,17,0,0
kosmicznispawacze,55,right,302,17,0,0
kosmicznispawacze,55,right,303,17,0,0
kosmicznispawacze,55,right,304,17,0,0
kosmicznispawacze,55,right,305,17,0,0
kosmicznispawacze,55,right,306,17,0,0
kosmicznispawacze,55,right,307,17,0,0
kosmicznispawacze,55,right,308,17,0,0
kosmicznispawacze,55,right,309,17,0,0
kosmicznispawacze,55,right,310,17,0,0
kosmicznispawacze,55,right,311,17,0,0
kosmicznispawacze,55,right,312,17,0,0
kosmicznispawacze,55,right,313,17,0,0
kosmicznispawacze,55,right,314,17,0,0
kosmicznispawacze,55,right,315,17,0,0
kosmicznispawacze,55,right,316,17,0,0
kosmicznispawacze,55,right,317,17,0,0
kosmicznispawacze,55,right,318,18,0,0
kosmicznispawacze,55,right,319,18,0,0
kosmicznispawacze,55,right,320,18,0,0
kosmicznispawacze,55,right,321,18,0,0
kosmicznispawacze,55,right,322,18,0,0
kosmicznispawacze,55,right,323,18,0,0
kosmicznispawacze,55,right,324,18,0,0
kosmicznispawacze,55,right,325,18,0,0
kosmicznispawacze,55,right,326,18,0,0
kosmicznispawacze,55,right,327,18,0,0
kosmicznispawacze,55,right,328,18,0,0
kosmicznispawacze,55,right,329,18,0,0
kosmicznispawacze,55,right,330,18,0,0
kosmicznispawacze,55,right,331,18,0,0
kosmicznispawacze,55,right,332,18,0,0
kosmicznispawacze,55,right,333,18,0,0
kosmicznispawacze,55,right,334,18,0,0
kosmicznispawacze,55,right,335,18,0,0
kosmicznispawacze,55,right,336,18,0,0
kosmicznispawacze,55,right,337,18,0,0
kosmicznispawacze,55,right,338,18,0,0
kosmicznispawacze,55,right,339,18,0,0
kosmicznispawacze,55,right,340,19,0,0
kosmicznispawacze,55,right,341,19,0,0
kosmicznispawacze,55,right,342,19,0,0
kosmicznispawacze,55,right,343,19,0,0
kosmicznispawacze,55,right,344,19,0,0
kosmicznispawacze,55,right,345,19,0,0
kosmicznispawacze,55,right,346,19,0,0
kosmicznispawacze,55,right,347,19,0,0
kosmicznispawacze,55,right,348,19,0,0
kosmicznispawacze,55,right,349,19,0,0
kosmicznispawacze,55,right,350,19,0,0
kosmicznispawacze,55,right,351,19,0,0
kosmicznispawacze,55,right,352,19,0,0
kosmicznispawacze,55,right,353,19,0,0
kosmicznispawacze,55,right,354,19,0,0
kosmicznispawacze,55,right,355,19,0,0
kosmicznispawacze,55,right,356,19,0,0
kosmicznispawacze,55,right,357,19,0,0
kosmicznispawacze,55,right,358,19,0,0
kosmicznispawacze,55,right,359,19,0,0
kosmicznispawacze,55,right,360,19,0,0
kosmicznispawacze,55,right,361,19,0,0
kosmicznispawacze,55,right,362,19,0,0
kosmicznispawacze,55,right,363,20,0,0
kosmicznispawacze,55,right,364,20,0,0
kosmicznispawacze,55,right,365,20,0,0
kosmicznispawacze,55,right,366,20,0,0
kosmicznispawacze,55,right,367,20,0,0
kosmicznispawacze,55,right,368,20,0,0
kosmicznispawacze,55,right,369,20,0,0