team_name,train_number,left_right,frame_number,wagon,uic_0_1,uic_label
kosmicznispawacze,38,left,0,0,locomotive,0
kosmicznispawacze,38,left,1,0,locomotive,0
kosmicznispawacze,38,left,2,0,locomotive,0
kosmicznispawacze,38,left,3,0,locomotive,0
kosmicznispawacze,38,left,4,0,locomotive,0
kosmicznispawacze,38,left,5,0,locomotive,0
kosmicznispawacze,38,left,6,0,locomotive,0
kosmicznispawacze,38,left,7,0,locomotive,0
kosmicznispawacze,38,left,8,0,locomotive,0
kosmicznispawacze,38,left,9,0,locomotive,0
kosmicznispawacze,38,left,10,0,locomotive,0
kosmicznispawacze,38,left,11,0,locomotive,0
kosmicznispawacze,38,left,12,0,locomotive,0
kosmicznispawacze,38,left,13,0,locomotive,0
kosmicznispawacze,38,left,14,0,locomotive,0
kosmicznispawacze,38,left,15,0,locomotive,0
kosmicznispawacze,38,left,16,0,locomotive,0
kosmicznispawacze,38,left,17,0,locomotive,0
kosmicznispawacze,38,left,18,0,locomotive,0
kosmicznispawacze,38,left,19,0,locomotive,0
kosmicznispawacze,38,left,20,0,locomotive,0
kosmicznispawacze,38,left,21,0,locomotive,0
kosmicznispawacze,38,left,22,0,locomotive,0
kosmicznispawacze,38,left,23,0,locomotive,0
kosmicznispawacze,38,left,24,0,locomotive,0
kosmicznispawacze,38,left,25,0,locomotive,0
kosmicznispawacze,38,left,26,0,locomotive,0
kosmicznispawacze,38,left,27,0,locomotive,0
kosmicznispawacze,38,left,28,0,locomotive,0
kosmicznispawacze,38,left,29,0,locomotive,0
kosmicznispawacze,38,left,30,0,locomotive,0
kosmicznispawacze,38,left,31,0,locomotive,0
kosmicznispawacze,38,left,32,0,locomotive,0
kosmicznispawacze,38,left,33,0,locomotive,0
kosmicznispawacze,38,left,34,0,locomotive,0
kosmicznispawacze,38,left,35,0,locomotive,0
kosmicznispawacze,38,left,36,0,locomotive,0
kosmicznispawacze,38,left,37,0,locomotive,0
kosmicznispawacze,38,left,38,0,locomotive,0
kosmicznispawacze,38,left,39,0,locomotive,0
kosmicznispawacze,38,left,40,0,locomotive,0
kosmicznispawacze,38,left,41,0,locomotive,0
kosmicznispawacze,38,left,42,0,locomotive,0
kosmicznispawacze,38,left,43,0,locomotive,0
kosmicznispawacze,38,left,44,0,locomotive,0
kosmicznispawacze,38,left,45,0,locomotive,0
kosmicznispawacze,38,left,46,0,locomotive,0
kosmicznispawacze,38,left,47,0,locomotive,0
kosmicznispawacze,38,left,48,0,locomotive,0
kosmicznispawacze,38,left,49,0,locomotive,0
kosmicznispawacze,38,left,50,0,locomotive,0
kosmicznispawacze,38,left,51,0,locomotive,0
kosmicznispawacze,38,left,52,0,locomotive,0
kosmicznispawacze,38,left,53,0,locomotive,0
kosmicznispawacze,38,left,54,0,locomotive,0
kosmicznispawacze,38,left,55,0,locomotive,0
kosmicznispawacze,38,left,56,0,locomotive,0
kosmicznispawacze,38,left,57,0,locomotive,0
kosmicznispawacze,38,left,58,0,locomotive,0
kosmicznispawacze,38,left,59,0,locomotive,0
kosmicznispawacze,38,left,60,0,locomotive,0
kosmicznispawacze,38,left,61,1,0,0
kosmicznispawacze,38,left,62,1,0,0
kosmicznispawacze,38,left,63,1,0,0
kosmicznispawacze,38,left,64,1,0,0
kosmicznispawacze,38,left,65,1,0,0
kosmicznispawacze,38,left,66,1,0,0
kosmicznispawacze,38,left,67,1,0,0
kosmicznispawacze,38,left,68,1,0,0
kosmicznispawacze,38,left,69,1,0,0
kosmicznispawacze,38,left,70,1,0,0
kosmicznispawacze,38,left,71,1,0,0
kosmicznispawacze,38,left,72,1,0,0
kosmicznispawacze,38,left,73,1,0,0
kosmicznispawacze,38,left,74,1,0,0
kosmicznispawacze,38,left,75,1,0,0
kosmicznispawacze,38,left,76,1,0,0
kosmicznispawacze,38,left,77,1,0,0
kosmicznispawacze,38,left,78,1,0,0
kosmicznispawacze,38,left,79,1,0,0
kosmicznispawacze,38,left,80,1,0,0
kosmicznispawacze,38,left,81,1,0,0
kosmicznispawacze,38,left,82,1,0,0
kosmicznispawacze,38,left,83,1,0,0
kosmicznispawacze,38,left,84,1,0,0
kosmicznispawacze,38,left,85,1,0,0
kosmicznispawacze,38,left,86,1,0,0
kosmicznispawacze,38,left,87,1,0,0
kosmicznispawacze,38,left,88,1,0,0
kosmicznispawacze,38,left,89,1,0,0
kosmicznispawacze,38,left,90,1,0,0
kosmicznispawacze,38,left,91,1,0,0
kosmicznispawacze,38,left,92,1,0,0
kosmicznispawacze,38,left,93,2,0,0
kosmicznispawacze,38,left,94,2,0,0
kosmicznispawacze,38,left,95,2,0,0
kosmicznispawacze,38,left,96,2,0,0
kosmicznispawacze,38,left,97,2,0,0
kosmicznispawacze,38,left,98,2,0,0
kosmicznispawacze,38,left,99,2,0,0
kosmicznispawacze,38,left,100,2,0,0
kosmicznispawacze,38,left,101,2,0,0
kosmicznispawacze,38,left,102,2,0,0
kosmicznispawacze,38,left,103,2,0,0
kosmicznispawacze,38,left,104,2,0,0
kosmicznispawacze,38,left,105,2,0,0
kosmicznispawacze,38,left,106,2,0,0
kosmicznispawacze,38,left,107,2,0,0
kosmicznispawacze,38,left,108,2,0,0
kosmicznispawacze,38,left,109,2,0,0
kosmicznispawacze,38,left,110,2,0,0
kosmicznispawacze,38,left,111,2,0,0
kosmicznispawacze,38,left,112,2,0,0
kosmicznispawacze,38,left,113,2,0,0
kosmicznispawacze,38,left,114,2,0,0
kosmicznispawacze,38,left,115,2,0,0
kosmicznispawacze,38,left,116,2,0,0
kosmicznispawacze,38,left,117,2,0,0
kosmicznispawacze,38,left,118,2,0,0
kosmicznispawacze,38,left,119,2,0,0
kosmicznispawacze,38,left,120,2,0,0
kosmicznispawacze,38,left,121,3,0,0
kosmicznispawacze,38,left,122,3,0,0
kosmicznispawacze,38,left,123,3,0,0
kosmicznispawacze,38,left,124,3,0,0
kosmicznispawacze,38,left,125,3,0,0
kosmicznispawacze,38,left,126,3,0,0
kosmicznispawacze,38,left,127,3,0,0
kosmicznispawacze,38,left,128,3,0,0
kosmicznispawacze,38,left,129,3,0,0
kosmicznispawacze,38,left,130,3,0,0
kosmicznispawacze,38,left,131,3,0,0
kosmicznispawacze,38,left,132,3,0,0
kosmicznispawacze,38,left,133,3,0,0
kosmicznispawacze,38,left,134,3,0,0
kosmicznispawacze,38,left,135,3,0,0
kosmicznispawacze,38,left,136,3,0,0
kosmicznispawacze,38,left,137,3,0,0
kosmicznispawacze,38,left,138,3,0,0
kosmicznispawacze,38,left,139,3,0,0
kosmicznispawacze,38,left,140,3,0,0
kosmicznispawacze,38,left,141,3,0,0
kosmicznispawacze,38,left,142,3,0,0
kosmicznispawacze,38,left,143,3,0,0
kosmicznispawacze,38,left,144,3,0,0
kosmicznispawacze,38,left,145,3,0,0
kosmicznispawacze,38,left,146,3,0,0
kosmicznispawacze,38,left,147,3,0,0
kosmicznispawacze,38,left,148,3,0,0
kosmicznispawacze,38,left,149,3,0,0
kosmicznispawacze,38,left,150,3,0,0
kosmicznispawacze,38,left,151,4,0,0
kosmicznispawacze,38,left,152,4,0,0
kosmicznispawacze,38,left,153,4,0,0
kosmicznispawacze,38,left,154,4,0,0
kosmicznispawacze,38,left,155,4,0,0
kosmicznispawacze,38,left,156,4,0,0
kosmicznispawacze,38,left,157,4,0,0
kosmicznispawacze,38,left,158,4,0,0
kosmicznispawacze,38,left,159,4,0,0
kosmicznispawacze,38,left,160,4,0,0
kosmicznispawacze,38,left,161,4,0,0
kosmicznispawacze,38,left,162,4,0,0
kosmicznispawacze,38,left,163,4,0,0
kosmicznispawacze,38,left,164,4,0,0
kosmicznispawacze,38,left,165,4,0,0
kosmicznispawacze,38,left,166,4,0,0
kosmicznispawacze,38,left,167,4,0,0
kosmicznispawacze,38,left,168,4,0,0
kosmicznispawacze,38,left,169,4,0,0
kosmicznispawacze,38,left,170,4,0,0
kosmicznispawacze,38,left,171,4,0,0
kosmicznispawacze,38,left,172,4,0,0
kosmicznispawacze,38,left,173,4,0,0
kosmicznispawacze,38,left,174,4,0,0
kosmicznispawacze,38,left,175,4,0,0
kosmicznispawacze,38,left,176,4,0,0
kosmicznispawacze,38,left,177,4,0,0
kosmicznispawacze,38,left,178,4,0,0
kosmicznispawacze,38,left,179,4,0,0
kosmicznispawacze,38,left,180,4,0,0
kosmicznispawacze,38,left,181,4,0,0
kosmicznispawacze,38,left,182,4,0,0
kosmicznispawacze,38,left,183,4,0,0
kosmicznispawacze,38,left,184,4,0,0
kosmicznispawacze,38,left,185,4,0,0
kosmicznispawacze,38,left,186,4,0,0
kosmicznispawacze,38,left,187,4,0,0
kosmicznispawacze,38,left,188,4,0,0
kosmicznispawacze,38,left,189,4,0,0
kosmicznispawacze,38,left,190,4,0,0
kosmicznispawacze,38,left,191,4,0,0
kosmicznispawacze,38,left,192,4,0,0