team_name,train_number,left_right,frame_number,wagon,uic_0_1,uic_label
kosmicznispawacze,57,left,0,0,locomotive,0
kosmicznispawacze,57,left,1,0,locomotive,0
kosmicznispawacze,57,left,3,1,0,0
kosmicznispawacze,57,left,8,1,0,0
kosmicznispawacze,57,left,304,1,0,0
kosmicznispawacze,57,left,2,1,0,0
kosmicznispawacze,57,left,4,1,0,0
kosmicznispawacze,57,left,5,2,0,0
kosmicznispawacze,57,left,6,2,0,0
kosmicznispawacze,57,left,7,2,0,0
kosmicznispawacze,57,left,9,2,0,0
kosmicznispawacze,57,left,10,2,0,0
kosmicznispawacze,57,left,11,2,0,0
kosmicznispawacze,57,left,12,2,0,0
kosmicznispawacze,57,left,13,2,0,0
kosmicznispawacze,57,left,14,2,0,0
kosmicznispawacze,57,left,15,2,0,0
kosmicznispawacze,57,left,16,2,0,0
kosmicznispawacze,57,left,17,2,0,0
kosmicznispawacze,57,left,18,2,0,0
kosmicznispawacze,57,left,19,2,0,0
kosmicznispawacze,57,left,20,2,0,0
kosmicznispawacze,57,left,21,2,0,0
kosmicznispawacze,57,left,22,2,0,0
kosmicznispawacze,57,left,23,2,0,0
kosmicznispawacze,57,left,24,2,0,0
kosmicznispawacze,57,left,25,2,0,0
kosmicznispawacze,57,left,26,2,0,0
kosmicznispawacze,57,left,27,2,0,0
kosmicznispawacze,57,left,28,3,0,0
kosmicznispawacze,57,left,29,3,0,0
kosmicznispawacze,57,left,30,3,0,0
kosmicznispawacze,57,left,31,3,0,0
kosmicznispawacze,57,left,32,3,0,0
kosmicznispawacze,57,left,33,3,0,0
kosmicznispawacze,57,left,34,3,0,0
kosmicznispawacze,57,left,35,3,0,0
kosmicznispawacze,57,left,36,3,0,0
kosmicznispawacze,57,left,37,3,0,0
kosmicznispawacze,57,left,38,3,0,0
kosmicznispawacze,57,left,39,3,0,0
kosmicznispawacze,57,left,40,3,0,0
kosmicznispawacze,57,left,41,3,0,0
kosmicznispawacze,57,left,42,3,0,0
kosmicznispawacze,57,left,43,3,0,0
kosmicznispawacze,57,left,44,3,0,0
kosmicznispawacze,57,left,45,3,0,0
kosmicznispawacze,57,left,46,3,0,0
kosmicznispawacze,57,left,47,3,0,0
kosmicznispawacze,57,left,48,3,0,0
kosmicznispawacze,57,left,49,3,0,0
kosmicznispawacze,57,left,50,3,0,0
kosmicznispawacze,57,left,51,3,0,0
kosmicznispawacze,57,left,52,3,0,0
kosmicznispawacze,57,left,53,3,0,0
kosmicznispawacze,57,left,54,4,0,0
kosmicznispawacze,57,left,55,4,0,0
kosmicznispawacze,57,left,56,4,0,0
kosmicznispawacze,57,left,57,4,0,0
kosmicznispawacze,57,left,58,4,0,0
kosmicznispawacze,57,left,59,4,0,0
kosmicznispawacze,57,left,60,4,0,0
kosmicznispawacze,57,left,61,4,0,0
kosmicznispawacze,57,left,62,4,0,0
kosmicznispawacze,57,left,63,4,0,0
kosmicznispawacze,57,left,64,4,0,0
kosmicznispawacze,57,left,65,4,0,0
kosmicznispawacze,57,left,66,4,0,0
kosmicznispawacze,57,left,67,4,0,0
kosmicznispawacze,57,left,68,4,0,0
kosmicznispawacze,57,left,69,4,0,0
kosmicznispawacze,57,left,70,4,0,0
kosmicznispawacze,57,left,71,4,0,0
kosmicznispawacze,57,left,72,4,0,0
kosmicznispawacze,57,left,73,4,0,0
kosmicznispawacze,57,left,74,4,0,0
kosmicznispawacze,57,left,75,4,0,0
kosmicznispawacze,57,left,76,4,0,0
kosmicznispawacze,57,left,77,4,0,0
kosmicznispawacze,57,left,78,4,0,0
kosmicznispawacze,57,left,79,5,0,0
kosmicznispawacze,57,left,80,5,0,0
kosmicznispawacze,57,left,81,5,0,0
kosmicznispawacze,57,left,82,5,0,0
kosmicznispawacze,57,left,83,5,0,0
kosmicznispawacze,57,left,84,5,0,0
kosmicznispawacze,57,left,85,5,0,0
kosmicznispawacze,57,left,86,5,0,0
kosmicznispawacze,57,left,87,5,0,0
kosmicznispawacze,57,left,88,5,0,0
kosmicznispawacze,57,left,89,5,0,0
kosmicznispawacze,57,left,90,5,0,0
kosmicznispawacze,57,left,91,5,0,0
kosmicznispawacze,57,left,92,5,0,0
kosmicznispawacze,57,left,93,5,0,0
kosmicznispawacze,57,left,94,5,0,0
kosmicznispawacze,57,left,95,5,0,0
kosmicznispawacze,57,left,96,5,0,0
kosmicznispawacze,57,left,97,5,0,0
kosmicznispawacze,57,left,98,5,0,0
kosmicznispawacze,57,left,99,5,0,0
kosmicznispawacze,57,left,100,5,0,0
kosmicznispawacze,57,left,101,5,0,0
kosmicznispawacze,57,left,102,5,0,0
kosmicznispawacze,57,left,103,5,0,0
kosmicznispawacze,57,left,104,5,0,0
kosmicznispawacze,57,left,105,5,0,0
kosmicznispawacze,57,left,106,5,0,0
kosmicznispawacze,57,left,107,5,0,0
kosmicznispawacze,57,left,108,5,0,0
kosmicznispawacze,57,left,109,5,0,0
kosmicznispawacze,57,left,110,5,0,0
kosmicznispawacze,57,left,111,5,0,0
kosmicznispawacze,57,left,112,5,0,0
kosmicznispawacze,57,left,113,5,0,0
kosmicznispawacze,57,left,114,5,0,0
kosmicznispawacze,57,left,115,5,0,0
kosmicznispawacze,57,left,116,5,0,0
kosmicznispawacze,57,left,117,5,0,0
kosmicznispawacze,57,left,118,5,0,0
kosmicznispawacze,57,left,119,5,0,0
kosmicznispawacze,57,left,120,5,0,0
kosmicznispawacze,57,left,121,5,0,0
kosmicznispawacze,57,left,122,5,0,0
kosmicznispawacze,57,left,123,5,0,0
kosmicznispawacze,57,left,124,5,0,0
kosmicznispawacze,57,left,125,5,0,0
kosmicznispawacze,57,left,126,5,0,0
kosmicznispawacze,57,left,127,5,0,0
kosmicznispawacze,57,left,128,5,0,0
kosmicznispawacze,57,left,129,5,0,0
kosmicznispawacze,57,left,130,5,0,0
kosmicznispawacze,57,left,131,5,0,0
kosmicznispawacze,57,left,132,5,0,0
kosmicznispawacze,57,left,133,5,0,0
kosmicznispawacze,57,left,134,5,0,0
kosmicznispawacze,57,left,135,5,0,0
kosmicznispawacze,57,left,136,5,0,0
kosmicznispawacze,57,left,137,5,0,0
kosmicznispawacze,57,left,138,5,0,0
kosmicznispawacze,57,left,139,5,0,0
kosmicznispawacze,57,left,140,5,0,0
kosmicznispawacze,57,left,141,5,0,0
kosmicznispawacze,57,left,142,5,0,0
kosmicznispawacze,57,left,143,5,0,0
kosmicznispawacze,57,left,144,5,0,0
kosmicznispawacze,57,left,145,5,0,0
kosmicznispawacze,57,left,146,5,0,0
kosmicznispawacze,57,left,147,5,0,0
kosmicznispawacze,57,left,148,5,0,0
kosmicznispawacze,57,left,149,5,0,0
kosmicznispawacze,57,left,150,5,0,0
kosmicznispawacze,57,left,151,5,0,0
kosmicznispawacze,57,left,152,5,0,0
kosmicznispawacze,57,left,153,5,0,0
kosmicznispawacze,57,left,154,5,0,0
kosmicznispawacze,57,left,155,5,0,0
kosmicznispawacze,57,left,156,5,0,0
kosmicznispawacze,57,left,157,5,0,0
kosmicznispawacze,57,left,158,5,0,0
kosmicznispawacze,57,left,159,5,0,0
kosmicznispawacze,57,left,160,5,0,0
kosmicznispawacze,57,left,161,5,0,0
kosmicznispawacze,57,left,162,5,0,0
kosmicznispawacze,57,left,163,5,0,0
kosmicznispawacze,57,left,164,5,0,0
kosmicznispawacze,57,left,165,5,0,0
kosmicznispawacze,57,left,166,5,0,0
kosmicznispawacze,57,left,167,5,0,0
kosmicznispawacze,57,left,168,5,0,0
kosmicznispawacze,57,left,169,6,0,0
kosmicznispawacze,57,left,170,6,0,0
kosmicznispawacze,57,left,171,6,0,0
kosmicznispawacze,57,left,172,6,0,0
kosmicznispawacze,57,left,173,6,0,0
kosmicznispawacze,57,left,174,6,0,0
kosmicznispawacze,57,left,175,6,0,0
kosmicznispawacze,57,left,176,6,0,0
kosmicznispawacze,57,left,177,6,0,0
kosmicznispawacze,57,left,178,6,0,0
kosmicznispawacze,57,left,179,6,0,0
kosmicznispawacze,57,left,180,6,0,0
kosmicznispawacze,57,left,181,6,0,0
kosmicznispawacze,57,left,182,6,0,0
kosmicznispawacze,57,left,183,6,0,0
kosmicznispawacze,57,left,184,6,0,0
kosmicznispawacze,57,left,185,6,0,0
kosmicznispawacze,57,left,186,6,0,0
kosmicznispawacze,57,left,187,6,0,0
kosmicznispawacze,57,left,188,6,0,0
kosmicznispawacze,57,left,189,6,0,0
kosmicznispawacze,57,left,190,6,0,0
kosmicznispawacze,57,left,191,6,0,0
kosmicznispawacze,57,left,192,6,0,0
kosmicznispawacze,57,left,193,6,0,0
kosmicznispawacze,57,left,194,6,0,0
kosmicznispawacze,57,left,195,6,0,0
kosmicznispawacze,57,left,196,6,0,0
kosmicznispawacze,57,left,197,6,0,0
kosmicznispawacze,57,left,198,6,0,0
kosmicznispawacze,57,left,199,6,0,0
kosmicznispawacze,57,left,200,6,0,0
kosmicznispawacze,57,left,201,6,0,0
kosmicznispawacze,57,left,202,6,0,0
kosmicznispawacze,57,left,203,6,0,0
kosmicznispawacze,57,left,204,6,0,0
kosmicznispawacze,57,left,205,6,0,0
kosmicznispawacze,57,left,206,6,0,0
kosmicznispawacze,57,left,207,6,0,0
kosmicznispawacze,57,left,208,6,0,0
kosmicznispawacze,57,left,209,6,0,0
kosmicznispawacze,57,left,210,6,0,0
kosmicznispawacze,57,left,211,6,0,0
kosmicznispawacze,57,left,212,6,0,0
kosmicznispawacze,57,left,213,6,0,0
kosmicznispawacze,57,left,214,6,0,0
kosmicznispawacze,57,left,215,6,0,0
kosmicznispawacze,57,left,216,6,0,0
kosmicznispawacze,57,left,217,6,0,0
kosmicznispawacze,57,left,218,6,0,0
kosmicznispawacze,57,left,219,6,0,0
kosmicznispawacze,57,left,220,7,0,0
kosmicznispawacze,57,left,221,7,0,0
kosmicznispawacze,57,left,222,7,0,0
kosmicznispawacze,57,left,223,7,0,0
kosmicznispawacze,57,left,224,7,0,0
kosmicznispawacze,57,left,225,7,0,0
kosmicznispawacze,57,left,226,7,0,0
kosmicznispawacze,57,left,227,7,0,0
kosmicznispawacze,57,left,228,7,0,0
kosmicznispawacze,57,left,229,7,0,0
kosmicznispawacze,57,left,230,7,0,0
kosmicznispawacze,57,left,231,7,0,0
kosmicznispawacze,57,left,232,7,0,0
kosmicznispawacze,57,left,233,7,0,0
kosmicznispawacze,57,left,234,7,0,0
kosmicznispawacze,57,left,235,7,0,0
kosmicznispawacze,57,left,236,7,0,0
kosmicznispawacze,57,left,237,7,0,0
kosmicznispawacze,57,left,238,7,0,0
kosmicznispawacze,57,left,239,7,0,0
kosmicznispawacze,57,left,240,7,0,0
kosmicznispawacze,57,left,241,7,0,0
kosmicznispawacze,57,left,242,7,0,0
kosmicznispawacze,57,left,243,8,0,0
kosmicznispawacze,57,left,244,8,0,0
kosmicznispawacze,57,left,245,8,0,0
kosmicznispawacze,57,left,246,8,0,0
kosmicznispawacze,57,left,247,8,0,0
kosmicznispawacze,57,left,248,8,0,0
kosmicznispawacze,57,left,249,8,0,0
kosmicznispawacze,57,left,250,8,0,0
kosmicznispawacze,57,left,251,8,0,0
kosmicznispawacze,57,left,252,8,0,0
kosmicznispawacze,57,left,253,8,0,0
kosmicznispawacze,57,left,254,8,0,0
kosmicznispawacze,57,left,255,8,0,0
kosmicznispawacze,57,left,256,8,0,0
kosmicznispawacze,57,left,257,8,0,0
kosmicznispawacze,57,left,258,8,0,0
kosmicznispawacze,57,left,259,8,0,0
kosmicznispawacze,57,left,260,8,0,0
kosmicznispawacze,57,left,261,8,0,0
kosmicznispawacze,57,left,262,8,0,0
kosmicznispawacze,57,left,263,8,0,0
kosmicznispawacze,57,left,264,8,0,0
kosmicznispawacze,57,left,265,8,0,0
kosmicznispawacze,57,left,266,8,0,0
kosmicznispawacze,57,left,267,8,0,0
kosmicznispawacze,57,left,268,8,0,0
kosmicznispawacze,57,left,269,9,0,0
kosmicznispawacze,57,left,270,9,0,0
kosmicznispawacze,57,left,271,9,0,0
kosmicznispawacze,57,left,272,9,0,0
kosmicznispawacze,57,left,273,9,0,0
kosmicznispawacze,57,left,274,9,0,0
kosmicznispawacze,57,left,275,9,0,0
kosmicznispawacze,57,left,276,9,0,0
kosmicznispawacze,57,left,277,9,0,0
kosmicznispawacze,57,left,278,9,0,0
kosmicznispawacze,57,left,279,9,0,0
kosmicznispawacze,57,left,280,9,0,0
kosmicznispawacze,57,left,281,9,0,0
kosmicznispawacze,57,left,282,9,0,0
kosmicznispawacze,57,left,283,9,0,0
kosmicznispawacze,57,left,284,9,0,0
kosmicznispawacze,57,left,285,9,0,0
kosmicznispawacze,57,left,286,9,0,0
kosmicznispawacze,57,left,287,9,0,0
kosmicznispawacze,57,left,288,9,0,0
kosmicznispawacze,57,left,289,9,0,0
kosmicznispawacze,57,left,290,9,0,0
kosmicznispawacze,57,left,291,9,0,0
kosmicznispawacze,57,left,292,9,0,0
kosmicznispawacze,57,left,293,9,0,0
kosmicznispawacze,57,left,294,9,0,0
kosmicznispawacze,57,left,295,9,0,0
kosmicznispawacze,57,left,296,9,0,0
kosmicznispawacze,57,left,297,10,0,0
kosmicznispawacze,57,left,298,10,0,0
kosmicznispawacze,57,left,299,10,0,0
kosmicznispawacze,57,left,300,10,0,0
kosmicznispawacze,57,left,301,10,0,0
kosmicznispawacze,57,left,302,10,0,0
kosmicznispawacze,57,left,303,10,0,0
kosmicznispawacze,57,left,304,10,0,0
kosmicznispawacze,57,left,305,10,0,0
kosmicznispawacze,57,left,306,10,0,0
kosmicznispawacze,57,left,307,10,0,0
kosmicznispawacze,57,left,308,10,0,0
kosmicznispawacze,57,left,309,10,0,0
kosmicznispawacze,57,left,310,10,0,0
kosmicznispawacze,57,left,311,10,0,0
kosmicznispawacze,57,left,312,10,0,0
kosmicznispawacze,57,left,313,10,0,0
kosmicznispawacze,57,left,314,10,0,0
kosmicznispawacze,57,left,315,10,0,0
kosmicznispawacze,57,left,316,10,0,0
kosmicznispawacze,57,left,317,10,0,0
kosmicznispawacze,57,left,318,10,0,0
kosmicznispawacze,57,left,319,10,0,0
kosmicznispawacze,57,left,320,10,0,0
kosmicznispawacze,57,left,321,10,0,0
kosmicznispawacze,57,left,322,10,0,0
kosmicznispawacze,57,left,323,10,0,0
kosmicznispawacze,57,left,324,10,0,0
kosmicznispawacze,57,left,325,10,0,0
kosmicznispawacze,57,left,326,10,0,0
kosmicznispawacze,57,left,327,10,0,0
kosmicznispawacze,57,left,328,10,0,0
kosmicznispawacze,57,left,329,10,0,0
kosmicznispawacze,57,left,330,10,0,0
kosmicznispawacze,57,left,331,10,0,0
kosmicznispawacze,57,left,332,11,0,0
kosmicznispawacze,57,left,333,11,0,0
kosmicznispawacze,57,left,334,11,0,0
kosmicznispawacze,57,left,335,11,0,0
kosmicznispawacze,57,left,336,11,0,0
kosmicznispawacze,57,left,337,11,0,0
kosmicznispawacze,57,left,338,11,0,0
kosmicznispawacze,57,left,339,11,0,0
kosmicznispawacze,57,left,340,11,0,0
kosmicznispawacze,57,left,341,11,0,0
kosmicznispawacze,57,left,342,11,0,0
kosmicznispawacze,57,left,343,11,0,0
kosmicznispawacze,57,left,344,11,0,0
kosmicznispawacze,57,left,345,11,0,0
kosmicznispawacze,57,left,346,11,0,0
kosmicznispawacze,57,left,347,11,0,0
kosmicznispawacze,57,left,348,11,0,0
kosmicznispawacze,57,left,349,11,0,0
kosmicznispawacze,57,left,350,11,0,0
kosmicznispawacze,57,left,351,11,0,0
kosmicznispawacze,57,left,352,11,0,0
kosmicznispawacze,57,left,353,11,0,0
kosmicznispawacze,57,left,354,11,0,0
kosmicznispawacze,57,left,355,11,0,0
kosmicznispawacze,57,left,356,11,0,0
kosmicznispawacze,57,left,357,11,0,0
kosmicznispawacze,57,left,358,11,0,0
kosmicznispawacze,57,left,359,12,0,0
kosmicznispawacze,57,left,360,12,0,0
kosmicznispawacze,57,left,361,12,0,0
kosmicznispawacze,57,left,362,12,0,0
kosmicznispawacze,57,left,363,12,0,0
kosmicznispawacze,57,left,364,12,0,0
kosmicznispawacze,57,left,365,12,0,0