team_name,train_number,left_right,frame_number,wagon,uic_0_1,uic_label
kosmicznispawacze,27,left,0,0,locomotive,0
kosmicznispawacze,27,left,1,0,locomotive,0
kosmicznispawacze,27,left,2,0,locomotive,0
kosmicznispawacze,27,left,3,0,locomotive,0
kosmicznispawacze,27,left,4,0,locomotive,0
kosmicznispawacze,27,left,5,0,locomotive,0
kosmicznispawacze,27,left,6,0,locomotive,0
kosmicznispawacze,27,left,7,0,locomotive,0
kosmicznispawacze,27,left,8,0,locomotive,0
kosmicznispawacze,27,left,9,0,locomotive,0
kosmicznispawacze,27,left,10,0,locomotive,0
kosmicznispawacze,27,left,11,0,locomotive,0
kosmicznispawacze,27,left,12,0,locomotive,0
kosmicznispawacze,27,left,13,0,locomotive,0
kosmicznispawacze,27,left,14,0,locomotive,0
kosmicznispawacze,27,left,15,0,locomotive,0
kosmicznispawacze,27,left,16,0,locomotive,0
kosmicznispawacze,27,left,17,0,locomotive,0
kosmicznispawacze,27,left,18,0,locomotive,0
kosmicznispawacze,27,left,19,0,locomotive,0
kosmicznispawacze,27,left,20,0,locomotive,0
kosmicznispawacze,27,left,21,0,locomotive,0
kosmicznispawacze,27,left,22,0,locomotive,0
kosmicznispawacze,27,left,23,0,locomotive,0
kosmicznispawacze,27,left,24,0,locomotive,0
kosmicznispawacze,27,left,25,0,locomotive,0
kosmicznispawacze,27,left,26,0,locomotive,0
kosmicznispawacze,27,left,27,0,locomotive,0
kosmicznispawacze,27,left,28,0,locomotive,0
kosmicznispawacze,27,left,29,0,locomotive,0
kosmicznispawacze,27,left,30,0,locomotive,0
kosmicznispawacze,27,left,31,0,locomotive,0
kosmicznispawacze,27,left,32,0,locomotive,0
kosmicznispawacze,27,left,33,0,locomotive,0
kosmicznispawacze,27,left,34,0,locomotive,0
kosmicznispawacze,27,left,35,0,locomotive,0
kosmicznispawacze,27,left,36,0,locomotive,0
kosmicznispawacze,27,left,37,0,locomotive,0
kosmicznispawacze,27,left,38,0,locomotive,0
kosmicznispawacze,27,left,39,1,0,0
kosmicznispawacze,27,left,40,1,0,0
kosmicznispawacze,27,left,41,2,0,0
kosmicznispawacze,27,left,42,2,0,0
kosmicznispawacze,27,left,43,2,0,0
kosmicznispawacze,27,left,44,2,0,0
kosmicznispawacze,27,left,45,2,0,0
kosmicznispawacze,27,left,46,2,0,0
kosmicznispawacze,27,left,47,2,0,0
kosmicznispawacze,27,left,48,2,0,0
kosmicznispawacze,27,left,49,2,0,0
kosmicznispawacze,27,left,50,2,0,0
kosmicznispawacze,27,left,51,2,0,0
kosmicznispawacze,27,left,52,2,0,0
kosmicznispawacze,27,left,53,2,0,0
kosmicznispawacze,27,left,54,2,0,0
kosmicznispawacze,27,left,55,2,0,0
kosmicznispawacze,27,left,56,2,0,0
kosmicznispawacze,27,left,57,2,0,0
kosmicznispawacze,27,left,58,2,0,0
kosmicznispawacze,27,left,59,2,0,0
kosmicznispawacze,27,left,60,2,0,0
kosmicznispawacze,27,left,61,2,0,0
kosmicznispawacze,27,left,62,2,0,0
kosmicznispawacze,27,left,63,2,0,0
kosmicznispawacze,27,left,64,2,0,0
kosmicznispawacze,27,left,65,2,0,0
kosmicznispawacze,27,left,66,2,0,0
kosmicznispawacze,27,left,67,2,0,0
kosmicznispawacze,27,left,68,2,0,0
kosmicznispawacze,27,left,69,2,0,0
kosmicznispawacze,27,left,70,2,0,0
kosmicznispawacze,27,left,71,2,0,0
kosmicznispawacze,27,left,72,3,0,0
kosmicznispawacze,27,left,73,3,0,0
kosmicznispawacze,27,left,74,3,0,0
kosmicznispawacze,27,left,75,3,0,0
kosmicznispawacze,27,left,76,3,0,0
kosmicznispawacze,27,left,77,3,0,0
kosmicznispawacze,27,left,78,3,0,0
kosmicznispawacze,27,left,79,3,0,0
kosmicznispawacze,27,left,80,3,0,0
kosmicznispawacze,27,left,81,3,0,0
kosmicznispawacze,27,left,82,3,0,0
kosmicznispawacze,27,left,83,3,0,0
kosmicznispawacze,27,left,84,3,0,0
kosmicznispawacze,27,left,85,3,0,0
kosmicznispawacze,27,left,86,3,0,0
kosmicznispawacze,27,left,87,3,0,0
kosmicznispawacze,27,left,88,3,0,0
kosmicznispawacze,27,left,89,3,0,0
kosmicznispawacze,27,left,90,3,0,0
kosmicznispawacze,27,left,91,3,0,0
kosmicznispawacze,27,left,92,3,0,0
kosmicznispawacze,27,left,93,3,0,0
kosmicznispawacze,27,left,94,3,0,0
kosmicznispawacze,27,left,95,3,0,0
kosmicznispawacze,27,left,96,3,0,0
kosmicznispawacze,27,left,97,3,0,0
kosmicznispawacze,27,left,98,3,0,0
kosmicznispawacze,27,left,99,3,0,0
kosmicznispawacze,27,left,100,3,0,0
kosmicznispawacze,27,left,101,3,0,0
kosmicznispawacze,27,left,102,3,0,0
kosmicznispawacze,27,left,103,4,0,0
kosmicznispawacze,27,left,104,4,0,0
kosmicznispawacze,27,left,105,4,0,0
kosmicznispawacze,27,left,106,4,0,0
kosmicznispawacze,27,left,107,4,0,0
kosmicznispawacze,27,left,108,4,0,0
kosmicznispawacze,27,left,109,4,0,0
kosmicznispawacze,27,left,110,4,0,0
kosmicznispawacze,27,left,111,4,0,0
kosmicznispawacze,27,left,112,4,0,0
kosmicznispawacze,27,left,113,4,0,0
kosmicznispawacze,27,left,114,4,0,0
kosmicznispawacze,27,left,115,4,0,0
kosmicznispawacze,27,left,116,4,0,0
kosmicznispawacze,27,left,117,4,0,0
kosmicznispawacze,27,left,118,4,0,0
kosmicznispawacze,27,left,119,4,0,0
kosmicznispawacze,27,left,120,4,0,0
kosmicznispawacze,27,left,121,4,0,0
kosmicznispawacze,27,left,122,4,0,0
kosmicznispawacze,27,left,123,4,0,0
kosmicznispawacze,27,left,124,4,0,0
kosmicznispawacze,27,left,125,4,0,0
kosmicznispawacze,27,left,126,4,0,0
kosmicznispawacze,27,left,127,4,0,0
kosmicznispawacze,27,left,128,4,0,0
kosmicznispawacze,27,left,129,4,0,0
kosmicznispawacze,27,left,130,4,0,0
kosmicznispawacze,27,left,131,4,0,0
kosmicznispawacze,27,left,132,4,0,0
kosmicznispawacze,27,left,133,4,0,0
kosmicznispawacze,27,left,134,4,0,0
kosmicznispawacze,27,left,135,4,0,0
kosmicznispawacze,27,left,136,4,0,0
kosmicznispawacze,27,left,137,5,0,0
kosmicznispawacze,27,left,138,5,0,0
kosmicznispawacze,27,left,139,5,0,0
kosmicznispawacze,27,left,140,5,0,0
kosmicznispawacze,27,left,141,5,0,0
kosmicznispawacze,27,left,142,5,0,0
kosmicznispawacze,27,left,143,5,0,0
kosmicznispawacze,27,left,144,5,0,0
kosmicznispawacze,27,left,145,5,0,0
kosmicznispawacze,27,left,146,5,0,0
kosmicznispawacze,27,left,147,5,0,0
kosmicznispawacze,27,left,148,5,0,0
kosmicznispawacze,27,left,149,5,0,0
kosmicznispawacze,27,left,150,5,0,0
kosmicznispawacze,27,left,151,5,0,0
kosmicznispawacze,27,left,152,5,0,0
kosmicznispawacze,27,left,153,5,0,0
kosmicznispawacze,27,left,154,5,0,0
kosmicznispawacze,27,left,155,5,0,0
kosmicznispawacze,27,left,156,5,0,0
kosmicznispawacze,27,left,157,5,0,0
kosmicznispawacze,27,left,158,5,0,0
kosmicznispawacze,27,left,159,5,0,0
kosmicznispawacze,27,left,160,5,0,0
kosmicznispawacze,27,left,161,5,0,0
kosmicznispawacze,27,left,162,5,0,0
kosmicznispawacze,27,left,163,5,0,0
kosmicznispawacze,27,left,164,5,0,0
kosmicznispawacze,27,left,165,5,0,0
kosmicznispawacze,27,left,166,5,0,0
kosmicznispawacze,27,left,167,5,0,0
kosmicznispawacze,27,left,168,5,0,0
kosmicznispawacze,27,left,169,5,0,0
kosmicznispawacze,27,left,170,5,0,0
kosmicznispawacze,27,left,171,6,0,0
kosmicznispawacze,27,left,172,6,0,0
kosmicznispawacze,27,left,173,6,0,0
kosmicznispawacze,27,left,174,6,0,0
kosmicznispawacze,27,left,175,6,0,0
kosmicznispawacze,27,left,176,6,0,0
kosmicznispawacze,27,left,177,6,0,0
kosmicznispawacze,27,left,178,6,0,0
kosmicznispawacze,27,left,179,6,0,0
kosmicznispawacze,27,left,180,6,0,0
kosmicznispawacze,27,left,181,6,0,0
kosmicznispawacze,27,left,182,6,0,0
kosmicznispawacze,27,left,183,6,0,0
kosmicznispawacze,27,left,184,6,0,0
kosmicznispawacze,27,left,185,6,0,0
kosmicznispawacze,27,left,186,6,0,0
kosmicznispawacze,27,left,187,6,0,0
kosmicznispawacze,27,left,188,6,0,0
kosmicznispawacze,27,left,189,6,0,0
kosmicznispawacze,27,left,190,6,0,0
kosmicznispawacze,27,left,191,6,0,0
kosmicznispawacze,27,left,192,6,0,0
kosmicznispawacze,27,left,193,6,0,0
kosmicznispawacze,27,left,194,6,0,0
kosmicznispawacze,27,left,195,6,0,0
kosmicznispawacze,27,left,196,6,0,0
kosmicznispawacze,27,left,197,6,0,0
kosmicznispawacze,27,left,198,6,0,0
kosmicznispawacze,27,left,199,6,0,0
kosmicznispawacze,27,left,200,6,0,0
kosmicznispawacze,27,left,201,6,0,0
kosmicznispawacze,27,left,202,7,0,0
kosmicznispawacze,27,left,203,7,0,0
kosmicznispawacze,27,left,204,7,0,0
kosmicznispawacze,27,left,205,7,0,0
kosmicznispawacze,27,left,206,7,0,0
kosmicznispawacze,27,left,207,7,0,0
kosmicznispawacze,27,left,208,7,0,0
kosmicznispawacze,27,left,209,7,0,0
kosmicznispawacze,27,left,210,7,0,0
kosmicznispawacze,27,left,211,7,0,0
kosmicznispawacze,27,left,212,7,0,0
kosmicznispawacze,27,left,213,7,0,0
kosmicznispawacze,27,left,214,7,0,0
kosmicznispawacze,27,left,215,7,0,0
kosmicznispawacze,27,left,216,7,0,0
kosmicznispawacze,27,left,217,7,0,0
kosmicznispawacze,27,left,218,7,0,0
kosmicznispawacze,27,left,219,7,0,0
kosmicznispawacze,27,left,220,7,0,0
kosmicznispawacze,27,left,221,7,0,0
kosmicznispawacze,27,left,222,7,0,0
kosmicznispawacze,27,left,223,7,0,0
kosmicznispawacze,27,left,224,7,0,0
kosmicznispawacze,27,left,225,7,0,0
kosmicznispawacze,27,left,226,7,0,0
kosmicznispawacze,27,left,227,7,0,0
kosmicznispawacze,27,left,228,7,0,0
kosmicznispawacze,27,left,229,7,0,0
kosmicznispawacze,27,left,230,7,0,0
kosmicznispawacze,27,left,231,7,0,0
kosmicznispawacze,27,left,232,7,0,0
kosmicznispawacze,27,left,233,7,0,0
kosmicznispawacze,27,left,234,7,0,0
kosmicznispawacze,27,left,235,7,0,0
kosmicznispawacze,27,left,236,7,0,0
kosmicznispawacze,27,left,237,7,0,0
kosmicznispawacze,27,left,238,7,0,0
kosmicznispawacze,27,left,239,7,0,0
kosmicznispawacze,27,left,240,7,0,0
kosmicznispawacze,27,left,241,7,0,0
kosmicznispawacze,27,left,242,7,0,0
kosmicznispawacze,27,left,243,7,0,0
kosmicznispawacze,27,left,244,8,0,0
kosmicznispawacze,27,left,245,8,0,0
kosmicznispawacze,27,left,246,8,0,0
kosmicznispawacze,27,left,247,8,0,0
kosmicznispawacze,27,left,248,8,0,0
kosmicznispawacze,27,left,249,8,0,0
kosmicznispawacze,27,left,250,8,0,0
kosmicznispawacze,27,left,251,8,0,0
kosmicznispawacze,27,left,252,8,0,0
kosmicznispawacze,27,left,253,8,0,0
kosmicznispawacze,27,left,254,8,0,0
kosmicznispawacze,27,left,255,8,0,0
kosmicznispawacze,27,left,256,8,0,0
kosmicznispawacze,27,left,257,8,0,0
kosmicznispawacze,27,left,258,8,0,0
kosmicznispawacze,27,left,259,8,0,0
kosmicznispawacze,27,left,260,8,0,0
kosmicznispawacze,27,left,261,8,0,0
kosmicznispawacze,27,left,262,8,0,0
kosmicznispawacze,27,left,263,8,0,0
kosmicznispawacze,27,left,264,8,0,0
kosmicznispawacze,27,left,265,8,0,0
kosmicznispawacze,27,left,266,8,0,0
kosmicznispawacze,27,left,267,8,0,0
kosmicznispawacze,27,left,268,8,0,0
kosmicznispawacze,27,left,269,8,0,0
kosmicznispawacze,27,left,270,8,0,0
kosmicznispawacze,27,left,271,8,0,0
kosmicznispawacze,27,left,272,8,0,0
kosmicznispawacze,27,left,273,8,0,0
kosmicznispawacze,27,left,274,8,0,0
kosmicznispawacze,27,left,275,8,0,0
kosmicznispawacze,27,left,276,8,0,0
kosmicznispawacze,27,left,277,8,0,0
kosmicznispawacze,27,left,278,8,0,0
kosmicznispawacze,27,left,279,8,0,0
kosmicznispawacze,27,left,280,8,0,0
kosmicznispawacze,27,left,281,8,0,0
kosmicznispawacze,27,left,282,8,0,0
kosmicznispawacze,27,left,283,8,0,0
kosmicznispawacze,27,left,284,8,0,0
kosmicznispawacze,27,left,285,8,0,0
kosmicznispawacze,27,left,286,8,0,0
kosmicznispawacze,27,left,287,8,0,0
kosmicznispawacze,27,left,288,8,0,0
kosmicznispawacze,27,left,289,8,0,0
kosmicznispawacze,27,left,290,8,0,0
kosmicznispawacze,27,left,291,8,0,0
kosmicznispawacze,27,left,292,8,0,0
kosmicznispawacze,27,left,293,8,0,0
kosmicznispawacze,27,left,294,8,0,0
kosmicznispawacze,27,left,295,8,0,0
kosmicznispawacze,27,left,296,8,0,0
kosmicznispawacze,27,left,297,8,0,0
kosmicznispawacze,27,left,298,8,0,0
kosmicznispawacze,27,left,299,8,0,0
kosmicznispawacze,27,left,300,8,0,0
kosmicznispawacze,27,left,301,8,0,0
kosmicznispawacze,27,left,302,8,0,0
kosmicznispawacze,27,left,303,8,0,0
kosmicznispawacze,27,left,304,8,0,0
kosmicznispawacze,27,left,305,8,0,0
kosmicznispawacze,27,left,306,8,0,0
kosmicznispawacze,27,left,307,8,0,0
kosmicznispawacze,27,left,308,8,0,0
kosmicznispawacze,27,left,309,8,0,0
kosmicznispawacze,27,left,310,8,0,0
kosmicznispawacze,27,left,311,8,0,0
kosmicznispawacze,27,left,312,8,0,0
kosmicznispawacze,27,left,313,8,0,0
kosmicznispawacze,27,left,314,8,0,0
kosmicznispawacze,27,left,315,8,0,0
kosmicznispawacze,27,left,316,8,0,0
kosmicznispawacze,27,left,317,8,0,0
kosmicznispawacze,27,left,318,8,0,0
kosmicznispawacze,27,left,319,8,0,0
kosmicznispawacze,27,left,320,8,0,0
kosmicznispawacze,27,left,321,8,0,0
kosmicznispawacze,27,left,322,8,0,0
kosmicznispawacze,27,left,323,8,0,0
kosmicznispawacze,27,left,324,8,0,0
kosmicznispawacze,27,left,325,8,0,0
kosmicznispawacze,27,left,326,8,0,0
kosmicznispawacze,27,left,327,8,0,0
kosmicznispawacze,27,left,328,8,0,0
kosmicznispawacze,27,left,329,8,0,0
kosmicznispawacze,27,left,330,8,0,0
kosmicznispawacze,27,left,331,8,0,0
kosmicznispawacze,27,left,332,8,0,0
kosmicznispawacze,27,left,333,8,0,0
kosmicznispawacze,27,left,334,8,0,0
kosmicznispawacze,27,left,335,8,0,0
kosmicznispawacze,27,left,336,8,0,0
kosmicznispawacze,27,left,337,8,0,0
kosmicznispawacze,27,left,338,8,0,0
kosmicznispawacze,27,left,339,8,0,0
kosmicznispawacze,27,left,340,8,0,0
kosmicznispawacze,27,left,341,8,0,0
kosmicznispawacze,27,left,342,8,0,0
kosmicznispawacze,27,left,343,8,0,0
kosmicznispawacze,27,left,344,8,0,0
kosmicznispawacze,27,left,345,9,0,0
kosmicznispawacze,27,left,346,9,0,0
kosmicznispawacze,27,left,347,9,0,0
kosmicznispawacze,27,left,348,9,0,0
kosmicznispawacze,27,left,349,9,0,0
kosmicznispawacze,27,left,350,9,0,0
kosmicznispawacze,27,left,351,9,0,0
kosmicznispawacze,27,left,352,9,0,0
kosmicznispawacze,27,left,353,9,0,0
kosmicznispawacze,27,left,354,9,0,0
kosmicznispawacze,27,left,355,9,0,0
kosmicznispawacze,27,left,356,9,0,0
kosmicznispawacze,27,left,357,9,0,0
kosmicznispawacze,27,left,358,9,0,0
kosmicznispawacze,27,left,359,9,0,0
kosmicznispawacze,27,left,360,9,0,0
kosmicznispawacze,27,left,361,9,0,0
kosmicznispawacze,27,left,362,9,0,0
kosmicznispawacze,27,left,363,9,0,0
kosmicznispawacze,27,left,364,9,0,0
kosmicznispawacze,27,left,365,9,0,0
kosmicznispawacze,27,left,366,9,0,0
kosmicznispawacze,27,left,367,9,0,0
kosmicznispawacze,27,left,368,9,0,0
kosmicznispawacze,27,left,369,9,0,0
kosmicznispawacze,27,left,370,9,0,0
kosmicznispawacze,27,left,371,9,0,0
kosmicznispawacze,27,left,372,9,0,0
kosmicznispawacze,27,left,373,9,0,0
kosmicznispawacze,27,left,374,10,0,0
kosmicznispawacze,27,left,375,10,0,0
kosmicznispawacze,27,left,376,10,0,0
kosmicznispawacze,27,left,377,10,0,0
kosmicznispawacze,27,left,378,10,0,0
kosmicznispawacze,27,left,379,10,0,0
kosmicznispawacze,27,left,380,10,0,0
kosmicznispawacze,27,left,381,10,0,0
kosmicznispawacze,27,left,382,10,0,0
kosmicznispawacze,27,left,383,10,0,0
kosmicznispawacze,27,left,384,10,0,0
kosmicznispawacze,27,left,385,10,0,0
kosmicznispawacze,27,left,386,10,0,0
kosmicznispawacze,27,left,387,10,0,0
kosmicznispawacze,27,left,388,10,0,0
kosmicznispawacze,27,left,389,10,0,0
kosmicznispawacze,27,left,390,10,0,0
kosmicznispawacze,27,left,391,10,0,0
kosmicznispawacze,27,left,392,10,0,0
kosmicznispawacze,27,left,393,10,0,0
kosmicznispawacze,27,left,394,10,0,0
kosmicznispawacze,27,left,395,10,0,0
kosmicznispawacze,27,left,396,10,0,0
kosmicznispawacze,27,left,397,10,0,0
kosmicznispawacze,27,left,398,10,0,0
kosmicznispawacze,27,left,399,10,0,0
kosmicznispawacze,27,left,400,10,0,0
kosmicznispawacze,27,left,401,10,0,0
kosmicznispawacze,27,left,402,10,0,0
kosmicznispawacze,27,left,403,10,0,0
kosmicznispawacze,27,left,404,10,0,0
kosmicznispawacze,27,left,405,10,0,0
kosmicznispawacze,27,left,406,10,0,0
kosmicznispawacze,27,left,407,10,0,0
kosmicznispawacze,27,left,408,10,0,0
kosmicznispawacze,27,left,409,10,0,0
kosmicznispawacze,27,left,410,10,0,0
kosmicznispawacze,27,left,411,10,0,0
kosmicznispawacze,27,left,412,10,0,0
kosmicznispawacze,27,left,413,10,0,0
kosmicznispawacze,27,left,414,10,0,0
kosmicznispawacze,27,left,415,10,0,0
kosmicznispawacze,27,left,416,10,0,0
kosmicznispawacze,27,left,417,10,0,0
kosmicznispawacze,27,left,418,10,0,0
kosmicznispawacze,27,left,419,10,0,0
kosmicznispawacze,27,left,420,10,0,0
kosmicznispawacze,27,left,421,10,0,0
kosmicznispawacze,27,left,422,10,0,0
kosmicznispawacze,27,left,423,10,0,0
kosmicznispawacze,27,left,424,10,0,0
kosmicznispawacze,27,left,425,10,0,0
kosmicznispawacze,27,left,426,10,0,0
kosmicznispawacze,27,left,427,10,0,0
kosmicznispawacze,27,left,428,10,0,0
kosmicznispawacze,27,left,429,11,0,0
kosmicznispawacze,27,left,430,11,0,0
kosmicznispawacze,27,left,431,11,0,0
kosmicznispawacze,27,left,432,11,0,0
kosmicznispawacze,27,left,433,11,0,0
kosmicznispawacze,27,left,434,11,0,0
kosmicznispawacze,27,left,435,11,0,0
kosmicznispawacze,27,left,436,11,0,0
kosmicznispawacze,27,left,437,11,0,0
kosmicznispawacze,27,left,438,11,0,0
kosmicznispawacze,27,left,439,11,0,0
kosmicznispawacze,27,left,440,11,0,0
kosmicznispawacze,27,left,441,11,0,0
kosmicznispawacze,27,left,442,11,0,0
kosmicznispawacze,27,left,443,11,0,0
kosmicznispawacze,27,left,444,11,0,0
kosmicznispawacze,27,left,445,11,0,0
kosmicznispawacze,27,left,446,11,0,0
kosmicznispawacze,27,left,447,11,0,0
kosmicznispawacze,27,left,448,11,0,0
kosmicznispawacze,27,left,449,11,0,0
kosmicznispawacze,27,left,450,11,0,0
kosmicznispawacze,27,left,451,11,0,0
kosmicznispawacze,27,left,452,11,0,0
kosmicznispawacze,27,left,453,11,0,0
kosmicznispawacze,27,left,454,11,0,0
kosmicznispawacze,27,left,455,11,0,0
kosmicznispawacze,27,left,456,11,0,0
kosmicznispawacze,27,left,457,11,0,0
kosmicznispawacze,27,left,458,11,0,0
kosmicznispawacze,27,left,459,11,0,0
kosmicznispawacze,27,left,460,11,0,0
kosmicznispawacze,27,left,461,11,0,0
kosmicznispawacze,27,left,462,11,0,0
kosmicznispawacze,27,left,463,11,0,0
kosmicznispawacze,27,left,464,11,0,0
kosmicznispawacze,27,left,465,11,0,0
kosmicznispawacze,27,left,466,11,0,0
kosmicznispawacze,27,left,467,11,0,0
kosmicznispawacze,27,left,468,11,0,0
kosmicznispawacze,27,left,469,11,0,0
kosmicznispawacze,27,left,470,11,0,0
kosmicznispawacze,27,left,471,11,0,0
kosmicznispawacze,27,left,472,11,0,0
kosmicznispawacze,27,left,473,11,0,0
kosmicznispawacze,27,left,474,11,0,0
kosmicznispawacze,27,left,475,11,0,0
kosmicznispawacze,27,left,476,11,0,0
kosmicznispawacze,27,left,477,11,0,0
kosmicznispawacze,27,left,478,11,0,0
kosmicznispawacze,27,left,479,11,0,0
kosmicznispawacze,27,left,480,11,0,0
kosmicznispawacze,27,left,481,11,0,0
kosmicznispawacze,27,left,482,11,0,0
kosmicznispawacze,27,left,483,11,0,0
kosmicznispawacze,27,left,484,11,0,0
kosmicznispawacze,27,left,485,11,0,0
kosmicznispawacze,27,left,486,11,0,0
kosmicznispawacze,27,left,487,11,0,0
kosmicznispawacze,27,left,488,11,0,0
kosmicznispawacze,27,left,489,11,0,0
kosmicznispawacze,27,left,490,11,0,0
kosmicznispawacze,27,left,491,11,0,0
kosmicznispawacze,27,left,492,11,0,0
kosmicznispawacze,27,left,493,11,0,0
kosmicznispawacze,27,left,494,11,0,0
kosmicznispawacze,27,left,495,11,0,0
kosmicznispawacze,27,left,496,11,0,0
kosmicznispawacze,27,left,497,11,0,0
kosmicznispawacze,27,left,498,11,0,0
kosmicznispawacze,27,left,499,11,0,0
kosmicznispawacze,27,left,500,11,0,0
kosmicznispawacze,27,left,501,11,0,0
kosmicznispawacze,27,left,502,11,0,0
kosmicznispawacze,27,left,503,11,0,0
kosmicznispawacze,27,left,504,11,0,0
kosmicznispawacze,27,left,505,11,0,0
kosmicznispawacze,27,left,506,11,0,0
kosmicznispawacze,27,left,507,11,0,0
kosmicznispawacze,27,left,508,11,0,0
kosmicznispawacze,27,left,509,11,0,0
kosmicznispawacze,27,left,510,11,0,0
kosmicznispawacze,27,left,511,11,0,0
kosmicznispawacze,27,left,512,11,0,0
kosmicznispawacze,27,left,513,11,0,0
kosmicznispawacze,27,left,514,11,0,0
kosmicznispawacze,27,left,515,11,0,0
kosmicznispawacze,27,left,516,11,0,0
kosmicznispawacze,27,left,517,11,0,0
kosmicznispawacze,27,left,518,11,0,0
kosmicznispawacze,27,left,519,11,0,0
kosmicznispawacze,27,left,520,11,0,0
kosmicznispawacze,27,left,521,11,0,0
kosmicznispawacze,27,left,522,11,0,0
kosmicznispawacze,27,left,523,11,0,0
kosmicznispawacze,27,left,524,11,0,0
kosmicznispawacze,27,left,525,11,0,0
kosmicznispawacze,27,left,526,11,0,0
kosmicznispawacze,27,left,527,11,0,0
kosmicznispawacze,27,left,528,11,0,0
kosmicznispawacze,27,left,529,11,0,0
kosmicznispawacze,27,left,530,11,0,0
kosmicznispawacze,27,left,531,11,0,0
kosmicznispawacze,27,left,532,11,0,0
kosmicznispawacze,27,left,533,11,0,0
kosmicznispawacze,27,left,534,11,0,0
kosmicznispawacze,27,left,535,11,0,0
kosmicznispawacze,27,left,536,11,0,0
kosmicznispawacze,27,left,537,11,0,0
kosmicznispawacze,27,left,538,11,0,0
kosmicznispawacze,27,left,539,11,0,0
kosmicznispawacze,27,left,540,11,0,0
kosmicznispawacze,27,left,541,12,0,0
kosmicznispawacze,27,left,542,12,0,0
kosmicznispawacze,27,left,543,12,0,0
kosmicznispawacze,27,left,544,12,0,0
kosmicznispawacze,27,left,545,12,0,0
kosmicznispawacze,27,left,546,12,0,0
kosmicznispawacze,27,left,547,12,0,0
kosmicznispawacze,27,left,548,12,0,0
kosmicznispawacze,27,left,549,12,0,0
kosmicznispawacze,27,left,550,12,0,0
kosmicznispawacze,27,left,551,12,0,0
kosmicznispawacze,27,left,552,12,0,0
kosmicznispawacze,27,left,553,12,0,0
kosmicznispawacze,27,left,554,12,0,0
kosmicznispawacze,27,left,555,12,0,0
kosmicznispawacze,27,left,556,12,0,0
kosmicznispawacze,27,left,557,12,0,0
kosmicznispawacze,27,left,558,12,0,0
kosmicznispawacze,27,left,559,12,0,0
kosmicznispawacze,27,left,560,12,0,0
kosmicznispawacze,27,left,561,12,0,0
kosmicznispawacze,27,left,562,12,0,0
kosmicznispawacze,27,left,563,12,0,0
kosmicznispawacze,27,left,564,12,0,0
kosmicznispawacze,27,left,565,12,0,0
kosmicznispawacze,27,left,566,12,0,0
kosmicznispawacze,27,left,567,12,0,0
kosmicznispawacze,27,left,568,12,0,0
kosmicznispawacze,27,left,569,12,0,0
kosmicznispawacze,27,left,570,12,0,0
kosmicznispawacze,27,left,571,12,0,0
kosmicznispawacze,27,left,572,12,0,0
kosmicznispawacze,27,left,573,13,0,0
kosmicznispawacze,27,left,574,13,0,0
kosmicznispawacze,27,left,575,13,0,0
kosmicznispawacze,27,left,576,13,0,0
kosmicznispawacze,27,left,577,13,0,0
kosmicznispawacze,27,left,578,13,0,0
kosmicznispawacze,27,left,579,13,0,0
kosmicznispawacze,27,left,580,13,0,0
kosmicznispawacze,27,left,581,13,0,0
kosmicznispawacze,27,left,582,13,0,0
kosmicznispawacze,27,left,583,13,0,0
kosmicznispawacze,27,left,584,13,0,0
kosmicznispawacze,27,left,585,13,0,0
kosmicznispawacze,27,left,586,13,0,0
kosmicznispawacze,27,left,587,13,0,0
kosmicznispawacze,27,left,588,13,0,0
kosmicznispawacze,27,left,589,13,0,0
kosmicznispawacze,27,left,590,13,0,0
kosmicznispawacze,27,left,591,13,0,0
kosmicznispawacze,27,left,592,13,0,0
kosmicznispawacze,27,left,593,13,0,0
kosmicznispawacze,27,left,594,13,0,0
kosmicznispawacze,27,left,595,13,0,0
kosmicznispawacze,27,left,596,13,0,0
kosmicznispawacze,27,left,597,13,0,0
kosmicznispawacze,27,left,598,13,0,0
kosmicznispawacze,27,left,599,13,0,0
kosmicznispawacze,27,left,600,13,0,0
kosmicznispawacze,27,left,601,13,0,0
kosmicznispawacze,27,left,602,13,0,0
kosmicznispawacze,27,left,603,13,0,0
kosmicznispawacze,27,left,604,13,0,0
kosmicznispawacze,27,left,605,13,0,0
kosmicznispawacze,27,left,606,14,0,0
kosmicznispawacze,27,left,607,14,0,0
kosmicznispawacze,27,left,608,14,0,0
kosmicznispawacze,27,left,609,14,0,0
kosmicznispawacze,27,left,610,14,0,0
kosmicznispawacze,27,left,611,14,0,0
kosmicznispawacze,27,left,612,14,0,0
kosmicznispawacze,27,left,613,14,0,0
kosmicznispawacze,27,left,614,14,0,0
kosmicznispawacze,27,left,615,14,0,0
kosmicznispawacze,27,left,616,14,0,0
kosmicznispawacze,27,left,617,14,0,0
kosmicznispawacze,27,left,618,14,0,0
kosmicznispawacze,27,left,619,14,0,0
kosmicznispawacze,27,left,620,14,0,0
kosmicznispawacze,27,left,621,14,0,0
kosmicznispawacze,27,left,622,14,0,0
kosmicznispawacze,27,left,623,14,0,0
kosmicznispawacze,27,left,624,14,0,0
kosmicznispawacze,27,left,625,14,0,0
kosmicznispawacze,27,left,626,14,0,0
kosmicznispawacze,27,left,627,14,0,0
kosmicznispawacze,27,left,628,14,0,0
kosmicznispawacze,27,left,629,14,0,0
kosmicznispawacze,27,left,630,14,0,0
kosmicznispawacze,27,left,631,14,0,0
kosmicznispawacze,27,left,632,14,0,0
kosmicznispawacze,27,left,633,14,0,0
kosmicznispawacze,27,left,634,14,0,0
kosmicznispawacze,27,left,635,14,0,0
kosmicznispawacze,27,left,636,14,0,0
kosmicznispawacze,27,left,637,14,0,0
kosmicznispawacze,27,left,638,14,0,0
kosmicznispawacze,27,left,639,15,0,0
kosmicznispawacze,27,left,640,15,0,0
kosmicznispawacze,27,left,641,15,0,0
kosmicznispawacze,27,left,642,15,0,0
kosmicznispawacze,27,left,643,15,0,0
kosmicznispawacze,27,left,644,15,0,0
kosmicznispawacze,27,left,645,15,0,0
kosmicznispawacze,27,left,646,15,0,0
kosmicznispawacze,27,left,647,15,0,0
kosmicznispawacze,27,left,648,15,0,0
kosmicznispawacze,27,left,649,15,0,0
kosmicznispawacze,27,left,650,15,0,0
kosmicznispawacze,27,left,651,15,0,0
kosmicznispawacze,27,left,652,15,0,0
kosmicznispawacze,27,left,653,15,0,0
kosmicznispawacze,27,left,654,15,0,0
kosmicznispawacze,27,left,655,15,0,0
kosmicznispawacze,27,left,656,15,0,0
kosmicznispawacze,27,left,657,15,0,0
kosmicznispawacze,27,left,658,15,0,0
kosmicznispawacze,27,left,659,15,0,0
kosmicznispawacze,27,left,660,15,0,0
kosmicznispawacze,27,left,661,15,0,0
kosmicznispawacze,27,left,662,15,0,0
kosmicznispawacze,27,left,663,15,0,0
kosmicznispawacze,27,left,664,15,0,0
kosmicznispawacze,27,left,665,15,0,0
kosmicznispawacze,27,left,666,15,0,0
kosmicznispawacze,27,left,667,15,0,0
kosmicznispawacze,27,left,668,15,0,0
kosmicznispawacze,27,left,669,15,0,0
kosmicznispawacze,27,left,670,15,0,0
kosmicznispawacze,27,left,671,15,0,0
kosmicznispawacze,27,left,672,15,0,0
kosmicznispawacze,27,left,673,16,0,0
kosmicznispawacze,27,left,674,16,0,0
kosmicznispawacze,27,left,675,16,0,0
kosmicznispawacze,27,left,676,16,0,0
kosmicznispawacze,27,left,677,16,0,0
kosmicznispawacze,27,left,678,16,0,0
kosmicznispawacze,27,left,679,16,0,0
kosmicznispawacze,27,left,680,16,0,0
kosmicznispawacze,27,left,681,16,0,0
kosmicznispawacze,27,left,682,16,0,0
kosmicznispawacze,27,left,683,16,0,0
kosmicznispawacze,27,left,684,16,0,0
kosmicznispawacze,27,left,685,16,0,0
kosmicznispawacze,27,left,686,16,0,0
kosmicznispawacze,27,left,687,16,0,0
kosmicznispawacze,27,left,688,16,0,0
kosmicznispawacze,27,left,689,16,0,0
kosmicznispawacze,27,left,690,16,0,0
kosmicznispawacze,27,left,691,16,0,0
kosmicznispawacze,27,left,692,16,0,0
kosmicznispawacze,27,left,693,16,0,0
kosmicznispawacze,27,left,694,16,0,0
kosmicznispawacze,27,left,695,16,0,0
kosmicznispawacze,27,left,696,16,0,0
kosmicznispawacze,27,left,697,16,0,0
kosmicznispawacze,27,left,698,16,0,0
kosmicznispawacze,27,left,699,16,0,0
kosmicznispawacze,27,left,700,16,0,0
kosmicznispawacze,27,left,701,16,0,0
kosmicznispawacze,27,left,702,16,0,0
kosmicznispawacze,27,left,703,16,0,0
kosmicznispawacze,27,left,704,16,0,0
kosmicznispawacze,27,left,705,16,0,0
kosmicznispawacze,27,left,706,16,0,0
kosmicznispawacze,27,left,707,16,0,0
kosmicznispawacze,27,left,708,16,0,0
kosmicznispawacze,27,left,709,16,0,0
kosmicznispawacze,27,left,710,16,0,0
kosmicznispawacze,27,left,711,16,0,0
kosmicznispawacze,27,left,712,16,0,0
kosmicznispawacze,27,left,713,16,0,0
kosmicznispawacze,27,left,714,16,0,0
kosmicznispawacze,27,left,715,16,0,0
kosmicznispawacze,27,left,716,16,0,0
kosmicznispawacze,27,left,717,16,0,0
kosmicznispawacze,27,left,718,16,0,0
kosmicznispawacze,27,left,719,16,0,0
kosmicznispawacze,27,left,720,16,0,0
kosmicznispawacze,27,left,721,16,0,0
kosmicznispawacze,27,left,722,16,0,0
kosmicznispawacze,27,left,723,16,0,0
kosmicznispawacze,27,left,724,16,0,0
kosmicznispawacze,27,left,725,16,0,0
kosmicznispawacze,27,left,726,16,0,0
kosmicznispawacze,27,left,727,16,0,0
kosmicznispawacze,27,left,728,16,0,0
kosmicznispawacze,27,left,729,16,0,0
kosmicznispawacze,27,left,730,16,0,0
kosmicznispawacze,27,left,731,16,0,0
kosmicznispawacze,27,left,732,16,0,0
kosmicznispawacze,27,left,733,16,0,0
kosmicznispawacze,27,left,734,16,0,0
kosmicznispawacze,27,left,735,16,0,0
kosmicznispawacze,27,left,736,16,0,0
kosmicznispawacze,27,left,737,16,0,0
kosmicznispawacze,27,left,738,16,0,0
kosmicznispawacze,27,left,739,16,0,0
kosmicznispawacze,27,left,740,16,0,0
kosmicznispawacze,27,left,741,16,0,0
kosmicznispawacze,27,left,742,16,0,0
kosmicznispawacze,27,left,743,16,0,0
kosmicznispawacze,27,left,744,16,0,0
kosmicznispawacze,27,left,745,16,0,0
kosmicznispawacze,27,left,746,16,0,0
kosmicznispawacze,27,left,747,16,0,0
kosmicznispawacze,27,left,748,16,0,0
kosmicznispawacze,27,left,749,16,0,0
kosmicznispawacze,27,left,750,16,0,0
kosmicznispawacze,27,left,751,16,0,0
kosmicznispawacze,27,left,752,16,0,0
kosmicznispawacze,27,left,753,16,0,0
kosmicznispawacze,27,left,754,16,0,0
kosmicznispawacze,27,left,755,16,0,0
kosmicznispawacze,27,left,756,16,0,0
kosmicznispawacze,27,left,757,16,0,0
kosmicznispawacze,27,left,758,16,0,0
kosmicznispawacze,27,left,759,16,0,0
kosmicznispawacze,27,left,760,16,0,0
kosmicznispawacze,27,left,761,16,0,0
kosmicznispawacze,27,left,762,16,0,0
kosmicznispawacze,27,left,763,16,0,0
kosmicznispawacze,27,left,764,16,0,0
kosmicznispawacze,27,left,765,16,0,0
kosmicznispawacze,27,left,766,16,0,0
kosmicznispawacze,27,left,767,16,0,0
kosmicznispawacze,27,left,768,16,0,0
kosmicznispawacze,27,left,769,16,0,0
kosmicznispawacze,27,left,770,17,0,0
kosmicznispawacze,27,left,771,17,0,0
kosmicznispawacze,27,left,772,17,0,0
kosmicznispawacze,27,left,773,17,0,0
kosmicznispawacze,27,left,774,17,0,0
kosmicznispawacze,27,left,775,17,0,0
kosmicznispawacze,27,left,776,17,0,0
kosmicznispawacze,27,left,777,17,0,0
kosmicznispawacze,27,left,778,17,0,0
kosmicznispawacze,27,left,779,17,0,0
kosmicznispawacze,27,left,780,17,0,0
kosmicznispawacze,27,left,781,17,0,0
kosmicznispawacze,27,left,782,17,0,0
kosmicznispawacze,27,left,783,17,0,0
kosmicznispawacze,27,left,784,17,0,0
kosmicznispawacze,27,left,785,17,0,0
kosmicznispawacze,27,left,786,17,0,0
kosmicznispawacze,27,left,787,17,0,0
kosmicznispawacze,27,left,788,17,0,0
kosmicznispawacze,27,left,789,17,0,0
kosmicznispawacze,27,left,790,17,0,0
kosmicznispawacze,27,left,791,17,0,0
kosmicznispawacze,27,left,792,17,0,0
kosmicznispawacze,27,left,793,17,0,0
kosmicznispawacze,27,left,794,17,0,0
kosmicznispawacze,27,left,795,17,0,0
kosmicznispawacze,27,left,796,17,0,0
kosmicznispawacze,27,left,797,17,0,0
kosmicznispawacze,27,left,798,17,0,0
kosmicznispawacze,27,left,799,18,0,0
kosmicznispawacze,27,left,800,18,0,0
kosmicznispawacze,27,left,801,18,0,0
kosmicznispawacze,27,left,802,18,0,0
kosmicznispawacze,27,left,803,18,0,0
kosmicznispawacze,27,left,804,18,0,0
kosmicznispawacze,27,left,805,18,0,0
kosmicznispawacze,27,left,806,18,0,0
kosmicznispawacze,27,left,807,18,0,0
kosmicznispawacze,27,left,808,18,0,0
kosmicznispawacze,27,left,809,18,0,0
kosmicznispawacze,27,left,810,18,0,0
kosmicznispawacze,27,left,811,18,0,0
kosmicznispawacze,27,left,812,18,0,0
kosmicznispawacze,27,left,813,18,0,0
kosmicznispawacze,27,left,814,18,0,0
kosmicznispawacze,27,left,815,18,0,0
kosmicznispawacze,27,left,816,18,0,0
kosmicznispawacze,27,left,817,18,0,0
kosmicznispawacze,27,left,818,18,0,0
kosmicznispawacze,27,left,819,18,0,0
kosmicznispawacze,27,left,820,18,0,0
kosmicznispawacze,27,left,821,18,0,0
kosmicznispawacze,27,left,822,18,0,0
kosmicznispawacze,27,left,823,18,0,0
kosmicznispawacze,27,left,824,18,0,0
kosmicznispawacze,27,left,825,18,0,0
kosmicznispawacze,27,left,826,18,0,0
kosmicznispawacze,27,left,827,18,0,0
kosmicznispawacze,27,left,828,18,0,0
kosmicznispawacze,27,left,829,18,0,0
kosmicznispawacze,27,left,830,18,0,0
kosmicznispawacze,27,left,831,18,0,0
kosmicznispawacze,27,left,832,18,0,0
kosmicznispawacze,27,left,833,18,0,0
kosmicznispawacze,27,left,834,18,0,0
kosmicznispawacze,27,left,835,18,0,0
kosmicznispawacze,27,left,836,18,0,0
kosmicznispawacze,27,left,837,18,0,0
kosmicznispawacze,27,left,838,18,0,0
kosmicznispawacze,27,left,839,18,0,0
kosmicznispawacze,27,left,840,18,0,0
kosmicznispawacze,27,left,841,18,0,0
kosmicznispawacze,27,left,842,18,0,0
kosmicznispawacze,27,left,843,18,0,0
kosmicznispawacze,27,left,844,18,0,0
kosmicznispawacze,27,left,845,18,0,0
kosmicznispawacze,27,left,846,18,0,0
kosmicznispawacze,27,left,847,18,0,0
kosmicznispawacze,27,left,848,18,0,0
kosmicznispawacze,27,left,849,18,0,0
kosmicznispawacze,27,left,850,18,0,0
kosmicznispawacze,27,left,851,18,0,0
kosmicznispawacze,27,left,852,18,0,0
kosmicznispawacze,27,left,853,18,0,0
kosmicznispawacze,27,left,854,18,0,0
kosmicznispawacze,27,left,855,18,0,0
kosmicznispawacze,27,left,856,18,0,0
kosmicznispawacze,27,left,857,18,0,0
kosmicznispawacze,27,left,858,18,0,0
kosmicznispawacze,27,left,859,18,0,0
kosmicznispawacze,27,left,860,18,0,0
kosmicznispawacze,27,left,861,18,0,0
kosmicznispawacze,27,left,862,18,0,0
kosmicznispawacze,27,left,863,18,0,0
kosmicznispawacze,27,left,864,18,0,0
kosmicznispawacze,27,left,865,18,0,0
kosmicznispawacze,27,left,866,18,0,0
kosmicznispawacze,27,left,867,18,0,0
kosmicznispawacze,27,left,868,18,0,0
kosmicznispawacze,27,left,869,18,0,0
kosmicznispawacze,27,left,870,18,0,0
kosmicznispawacze,27,left,871,18,0,0
kosmicznispawacze,27,left,872,18,0,0
kosmicznispawacze,27,left,873,18,0,0
kosmicznispawacze,27,left,874,18,0,0
kosmicznispawacze,27,left,875,18,0,0
kosmicznispawacze,27,left,876,18,0,0
kosmicznispawacze,27,left,877,18,0,0
kosmicznispawacze,27,left,878,18,0,0
kosmicznispawacze,27,left,879,18,0,0
kosmicznispawacze,27,left,880,18,0,0
kosmicznispawacze,27,left,881,18,0,0
kosmicznispawacze,27,left,882,18,0,0
kosmicznispawacze,27,left,883,18,0,0
kosmicznispawacze,27,left,884,18,0,0
kosmicznispawacze,27,left,885,18,0,0
kosmicznispawacze,27,left,886,18,0,0
kosmicznispawacze,27,left,887,18,0,0
kosmicznispawacze,27,left,888,18,0,0
kosmicznispawacze,27,left,889,18,0,0
kosmicznispawacze,27,left,890,18,0,0
kosmicznispawacze,27,left,891,18,0,0
kosmicznispawacze,27,left,892,18,0,0
kosmicznispawacze,27,left,893,18,0,0
kosmicznispawacze,27,left,894,18,0,0
kosmicznispawacze,27,left,895,18,0,0
kosmicznispawacze,27,left,896,18,0,0
kosmicznispawacze,27,left,897,18,0,0
kosmicznispawacze,27,left,898,18,0,0
kosmicznispawacze,27,left,899,18,0,0
kosmicznispawacze,27,left,900,18,0,0
kosmicznispawacze,27,left,901,18,0,0
kosmicznispawacze,27,left,902,18,0,0
kosmicznispawacze,27,left,903,18,0,0
kosmicznispawacze,27,left,904,18,0,0
kosmicznispawacze,27,left,905,18,0,0
kosmicznispawacze,27,left,906,18,0,0
kosmicznispawacze,27,left,907,18,0,0
kosmicznispawacze,27,left,908,18,0,0
kosmicznispawacze,27,left,909,18,0,0
kosmicznispawacze,27,left,910,18,0,0
kosmicznispawacze,27,left,911,18,0,0
kosmicznispawacze,27,left,912,18,0,0
kosmicznispawacze,27,left,913,18,0,0
kosmicznispawacze,27,left,914,18,0,0
kosmicznispawacze,27,left,915,18,0,0
kosmicznispawacze,27,left,916,18,0,0
kosmicznispawacze,27,left,917,18,0,0
kosmicznispawacze,27,left,918,18,0,0
kosmicznispawacze,27,left,919,18,0,0
kosmicznispawacze,27,left,920,18,0,0
kosmicznispawacze,27,left,921,18,0,0
kosmicznispawacze,27,left,922,18,0,0
kosmicznispawacze,27,left,923,18,0,0
kosmicznispawacze,27,left,924,18,0,0
kosmicznispawacze,27,left,925,18,0,0
kosmicznispawacze,27,left,926,18,0,0
kosmicznispawacze,27,left,927,18,0,0
kosmicznispawacze,27,left,928,18,0,0
kosmicznispawacze,27,left,929,18,0,0
kosmicznispawacze,27,left,930,18,0,0
kosmicznispawacze,27,left,931,18,0,0
kosmicznispawacze,27,left,932,18,0,0
kosmicznispawacze,27,left,933,18,0,0
kosmicznispawacze,27,left,934,18,0,0
kosmicznispawacze,27,left,935,18,0,0
kosmicznispawacze,27,left,936,18,0,0
kosmicznispawacze,27,left,937,18,0,0
kosmicznispawacze,27,left,938,18,0,0
kosmicznispawacze,27,left,939,18,0,0
kosmicznispawacze,27,left,940,18,0,0
kosmicznispawacze,27,left,941,18,0,0
kosmicznispawacze,27,left,942,18,0,0
kosmicznispawacze,27,left,943,18,0,0
kosmicznispawacze,27,left,944,18,0,0
kosmicznispawacze,27,left,945,18,0,0
kosmicznispawacze,27,left,946,18,0,0
kosmicznispawacze,27,left,947,18,0,0
kosmicznispawacze,27,left,948,18,0,0
kosmicznispawacze,27,left,949,18,0,0
kosmicznispawacze,27,left,950,18,0,0
kosmicznispawacze,27,left,951,18,0,0
kosmicznispawacze,27,left,952,18,0,0
kosmicznispawacze,27,left,953,18,0,0
kosmicznispawacze,27,left,954,18,0,0
kosmicznispawacze,27,left,955,18,0,0
kosmicznispawacze,27,left,956,18,0,0
kosmicznispawacze,27,left,957,18,0,0
kosmicznispawacze,27,left,958,18,0,0
kosmicznispawacze,27,left,959,18,0,0
kosmicznispawacze,27,left,960,18,0,0
kosmicznispawacze,27,left,961,18,0,0
kosmicznispawacze,27,left,962,18,0,0
kosmicznispawacze,27,left,963,18,0,0
kosmicznispawacze,27,left,964,18,0,0
kosmicznispawacze,27,left,965,18,0,0
kosmicznispawacze,27,left,966,18,0,0
kosmicznispawacze,27,left,967,18,0,0
kosmicznispawacze,27,left,968,18,0,0
kosmicznispawacze,27,left,969,18,0,0
kosmicznispawacze,27,left,970,18,0,0
kosmicznispawacze,27,left,971,18,0,0
kosmicznispawacze,27,left,972,18,0,0
kosmicznispawacze,27,left,973,18,0,0
kosmicznispawacze,27,left,974,18,0,0
kosmicznispawacze,27,left,975,18,0,0
kosmicznispawacze,27,left,976,18,0,0
kosmicznispawacze,27,left,977,18,0,0
kosmicznispawacze,27,left,978,18,0,0
kosmicznispawacze,27,left,979,18,0,0
kosmicznispawacze,27,left,980,18,0,0
kosmicznispawacze,27,left,981,18,0,0
kosmicznispawacze,27,left,982,18,0,0
kosmicznispawacze,27,left,983,18,0,0
kosmicznispawacze,27,left,984,18,0,0
kosmicznispawacze,27,left,985,18,0,0
kosmicznispawacze,27,left,986,18,0,0
kosmicznispawacze,27,left,987,18,0,0
kosmicznispawacze,27,left,988,18,0,0
kosmicznispawacze,27,left,989,18,0,0
kosmicznispawacze,27,left,990,18,0,0
kosmicznispawacze,27,left,991,18,0,0
kosmicznispawacze,27,left,992,18,0,0
kosmicznispawacze,27,left,993,18,0,0
kosmicznispawacze,27,left,994,18,0,0
kosmicznispawacze,27,left,995,18,0,0
kosmicznispawacze,27,left,996,18,0,0
kosmicznispawacze,27,left,997,18,0,0
kosmicznispawacze,27,left,998,18,0,0
kosmicznispawacze,27,left,999,18,0,0
kosmicznispawacze,27,left,1000,18,0,0
kosmicznispawacze,27,left,1001,18,0,0
kosmicznispawacze,27,left,1002,18,0,0
kosmicznispawacze,27,left,1003,18,0,0
kosmicznispawacze,27,left,1004,18,0,0
kosmicznispawacze,27,left,1005,18,0,0
kosmicznispawacze,27,left,1006,18,0,0
kosmicznispawacze,27,left,1007,18,0,0
kosmicznispawacze,27,left,1008,18,0,0
kosmicznispawacze,27,left,1009,18,0,0
kosmicznispawacze,27,left,1010,18,0,0
kosmicznispawacze,27,left,1011,18,0,0
kosmicznispawacze,27,left,1012,18,0,0
kosmicznispawacze,27,left,1013,18,0,0
kosmicznispawacze,27,left,1014,18,0,0
kosmicznispawacze,27,left,1015,18,0,0
kosmicznispawacze,27,left,1016,18,0,0
kosmicznispawacze,27,left,1017,18,0,0
kosmicznispawacze,27,left,1018,18,0,0
kosmicznispawacze,27,left,1019,18,0,0
kosmicznispawacze,27,left,1020,18,0,0
kosmicznispawacze,27,left,1021,18,0,0
kosmicznispawacze,27,left,1022,18,0,0
kosmicznispawacze,27,left,1023,18,0,0
kosmicznispawacze,27,left,1024,18,0,0
kosmicznispawacze,27,left,1025,18,0,0
kosmicznispawacze,27,left,1026,18,0,0
kosmicznispawacze,27,left,1027,18,0,0
kosmicznispawacze,27,left,1028,18,0,0
kosmicznispawacze,27,left,1029,18,0,0
kosmicznispawacze,27,left,1030,18,0,0
kosmicznispawacze,27,left,1031,18,0,0
kosmicznispawacze,27,left,1032,18,0,0
kosmicznispawacze,27,left,1033,18,0,0
kosmicznispawacze,27,left,1034,18,0,0
kosmicznispawacze,27,left,1035,18,0,0
kosmicznispawacze,27,left,1036,18,0,0
kosmicznispawacze,27,left,1037,18,0,0
kosmicznispawacze,27,left,1038,18,0,0
kosmicznispawacze,27,left,1039,18,0,0
kosmicznispawacze,27,left,1040,18,0,0
kosmicznispawacze,27,left,1041,18,0,0
kosmicznispawacze,27,left,1042,18,0,0
kosmicznispawacze,27,left,1043,18,0,0
kosmicznispawacze,27,left,1044,18,0,0
kosmicznispawacze,27,left,1045,18,0,0
kosmicznispawacze,27,left,1046,18,0,0
kosmicznispawacze,27,left,1047,18,0,0
kosmicznispawacze,27,left,1048,18,0,0
kosmicznispawacze,27,left,1049,18,0,0
kosmicznispawacze,27,left,1050,18,0,0
kosmicznispawacze,27,left,1051,18,0,0
kosmicznispawacze,27,left,1052,18,0,0
kosmicznispawacze,27,left,1053,18,0,0
kosmicznispawacze,27,left,1054,18,0,0
kosmicznispawacze,27,left,1055,18,0,0
kosmicznispawacze,27,left,1056,18,0,0
kosmicznispawacze,27,left,1057,18,0,0
kosmicznispawacze,27,left,1058,18,0,0
kosmicznispawacze,27,left,1059,18,0,0
kosmicznispawacze,27,left,1060,18,0,0
kosmicznispawacze,27,left,1061,18,0,0
kosmicznispawacze,27,left,1062,18,0,0
kosmicznispawacze,27,left,1063,18,0,0
kosmicznispawacze,27,left,1064,18,0,0
kosmicznispawacze,27,left,1065,18,0,0
kosmicznispawacze,27,left,1066,18,0,0
kosmicznispawacze,27,left,1067,18,0,0
kosmicznispawacze,27,left,1068,18,0,0
kosmicznispawacze,27,left,1069,18,0,0
kosmicznispawacze,27,left,1070,18,0,0
kosmicznispawacze,27,left,1071,18,0,0
kosmicznispawacze,27,left,1072,18,0,0
kosmicznispawacze,27,left,1073,18,0,0
kosmicznispawacze,27,left,1074,18,0,0
kosmicznispawacze,27,left,1075,18,0,0
kosmicznispawacze,27,left,1076,18,0,0
kosmicznispawacze,27,left,1077,19,0,0
kosmicznispawacze,27,left,1078,19,0,0
kosmicznispawacze,27,left,1079,19,0,0
kosmicznispawacze,27,left,1080,19,0,0
kosmicznispawacze,27,left,1081,19,0,0
kosmicznispawacze,27,left,1082,19,0,0
kosmicznispawacze,27,left,1083,19,0,0
kosmicznispawacze,27,left,1084,19,0,0
kosmicznispawacze,27,left,1085,19,0,0
kosmicznispawacze,27,left,1086,19,0,0
kosmicznispawacze,27,left,1087,19,0,0
kosmicznispawacze,27,left,1088,19,0,0
kosmicznispawacze,27,left,1089,19,0,0
kosmicznispawacze,27,left,1090,19,0,0
kosmicznispawacze,27,left,1091,19,0,0
kosmicznispawacze,27,left,1092,19,0,0
kosmicznispawacze,27,left,1093,19,0,0
kosmicznispawacze,27,left,1094,19,0,0
kosmicznispawacze,27,left,1095,19,0,0
kosmicznispawacze,27,left,1096,19,0,0
kosmicznispawacze,27,left,1097,19,0,0
kosmicznispawacze,27,left,1098,19,0,0
kosmicznispawacze,27,left,1099,19,0,0
kosmicznispawacze,27,left,1100,19,0,0
kosmicznispawacze,27,left,1101,19,0,0
kosmicznispawacze,27,left,1102,19,0,0
kosmicznispawacze,27,left,1103,19,0,0
kosmicznispawacze,27,left,1104,19,0,0
kosmicznispawacze,27,left,1105,19,0,0
kosmicznispawacze,27,left,1106,19,0,0
kosmicznispawacze,27,left,1107,19,0,0
kosmicznispawacze,27,left,1108,19,0,0
kosmicznispawacze,27,left,1109,20,0,0
kosmicznispawacze,27,left,1110,20,0,0
kosmicznispawacze,27,left,1111,20,0,0
kosmicznispawacze,27,left,1112,20,0,0
kosmicznispawacze,27,left,1113,20,0,0
kosmicznispawacze,27,left,1114,20,0,0
kosmicznispawacze,27,left,1115,20,0,0
kosmicznispawacze,27,left,1116,20,0,0
kosmicznispawacze,27,left,1117,20,0,0
kosmicznispawacze,27,left,1118,20,0,0
kosmicznispawacze,27,left,1119,20,0,0
kosmicznispawacze,27,left,1120,20,0,0
kosmicznispawacze,27,left,1121,20,0,0
kosmicznispawacze,27,left,1122,20,0,0
kosmicznispawacze,27,left,1123,20,0,0
kosmicznispawacze,27,left,1124,20,0,0
kosmicznispawacze,27,left,1125,20,0,0
kosmicznispawacze,27,left,1126,20,0,0
kosmicznispawacze,27,left,1127,20,0,0
kosmicznispawacze,27,left,1128,20,0,0
kosmicznispawacze,27,left,1129,20,0,0
kosmicznispawacze,27,left,1130,20,0,0
kosmicznispawacze,27,left,1131,20,0,0
kosmicznispawacze,27,left,1132,20,0,0
kosmicznispawacze,27,left,1133,20,0,0
kosmicznispawacze,27,left,1134,20,0,0
kosmicznispawacze,27,left,1135,20,0,0
kosmicznispawacze,27,left,1136,20,0,0
kosmicznispawacze,27,left,1137,20,0,0
kosmicznispawacze,27,left,1138,20,0,0
kosmicznispawacze,27,left,1139,20,0,0
kosmicznispawacze,27,left,1140,21,0,0
kosmicznispawacze,27,left,1141,21,0,0
kosmicznispawacze,27,left,1142,21,0,0
kosmicznispawacze,27,left,1143,21,0,0
kosmicznispawacze,27,left,1144,21,0,0
kosmicznispawacze,27,left,1145,21,0,0
kosmicznispawacze,27,left,1146,21,0,0
kosmicznispawacze,27,left,1147,21,0,0
kosmicznispawacze,27,left,1148,21,0,0
kosmicznispawacze,27,left,1149,21,0,0
kosmicznispawacze,27,left,1150,21,0,0
kosmicznispawacze,27,left,1151,21,0,0
kosmicznispawacze,27,left,1152,21,0,0
kosmicznispawacze,27,left,1153,21,0,0
kosmicznispawacze,27,left,1154,21,0,0