team_name,train_number,left_right,frame_number,wagon,uic_0_1,uic_label
kosmicznispawacze,45,right,0,0,locomotive,0
kosmicznispawacze,45,right,1,0,locomotive,0
kosmicznispawacze,45,right,2,0,locomotive,0
kosmicznispawacze,45,right,3,0,locomotive,0
kosmicznispawacze,45,right,4,0,locomotive,0
kosmicznispawacze,45,right,5,0,locomotive,0
kosmicznispawacze,45,right,6,0,locomotive,0
kosmicznispawacze,45,right,7,0,locomotive,0
kosmicznispawacze,45,right,8,0,locomotive,0
kosmicznispawacze,45,right,9,0,locomotive,0
kosmicznispawacze,45,right,10,0,locomotive,0
kosmicznispawacze,45,right,11,0,locomotive,0
kosmicznispawacze,45,right,12,0,locomotive,0
kosmicznispawacze,45,right,13,0,locomotive,0
kosmicznispawacze,45,right,14,0,locomotive,0
kosmicznispawacze,45,right,15,0,locomotive,0
kosmicznispawacze,45,right,16,0,locomotive,0
kosmicznispawacze,45,right,17,0,locomotive,0
kosmicznispawacze,45,right,18,0,locomotive,0
kosmicznispawacze,45,right,19,0,locomotive,0
kosmicznispawacze,45,right,20,0,locomotive,0
kosmicznispawacze,45,right,21,0,locomotive,0
kosmicznispawacze,45,right,22,0,locomotive,0
kosmicznispawacze,45,right,23,0,locomotive,0
kosmicznispawacze,45,right,24,0,locomotive,0
kosmicznispawacze,45,right,25,0,locomotive,0
kosmicznispawacze,45,right,26,0,locomotive,0
kosmicznispawacze,45,right,27,0,locomotive,0
kosmicznispawacze,45,right,28,0,locomotive,0
kosmicznispawacze,45,right,29,0,locomotive,0
kosmicznispawacze,45,right,30,0,locomotive,0
kosmicznispawacze,45,right,31,1,0,0
kosmicznispawacze,45,right,32,1,0,0
kosmicznispawacze,45,right,33,1,0,0
kosmicznispawacze,45,right,34,1,0,0
kosmicznispawacze,45,right,35,1,0,0
kosmicznispawacze,45,right,36,1,0,0
kosmicznispawacze,45,right,37,1,0,0
kosmicznispawacze,45,right,38,1,0,0
kosmicznispawacze,45,right,39,1,0,0
kosmicznispawacze,45,right,40,1,0,0
kosmicznispawacze,45,right,41,1,0,0
kosmicznispawacze,45,right,42,1,0,0
kosmicznispawacze,45,right,43,1,0,0
kosmicznispawacze,45,right,44,1,0,0
kosmicznispawacze,45,right,45,1,0,0
kosmicznispawacze,45,right,46,1,0,0
kosmicznispawacze,45,right,47,1,0,0
kosmicznispawacze,45,right,48,1,0,0
kosmicznispawacze,45,right,49,1,0,0
kosmicznispawacze,45,right,50,1,0,0
kosmicznispawacze,45,right,51,1,0,0
kosmicznispawacze,45,right,52,1,0,0
kosmicznispawacze,45,right,53,1,0,0
kosmicznispawacze,45,right,54,1,0,0
kosmicznispawacze,45,right,55,1,0,0
kosmicznispawacze,45,right,56,2,0,0
kosmicznispawacze,45,right,57,2,0,0
kosmicznispawacze,45,right,58,2,0,0
kosmicznispawacze,45,right,59,2,0,0
kosmicznispawacze,45,right,60,2,0,0
kosmicznispawacze,45,right,61,2,0,0
kosmicznispawacze,45,right,62,2,0,0
kosmicznispawacze,45,right,63,2,0,0
kosmicznispawacze,45,right,64,2,0,0
kosmicznispawacze,45,right,65,2,0,0
kosmicznispawacze,45,right,66,2,0,0
kosmicznispawacze,45,right,67,2,0,0
kosmicznispawacze,45,right,68,2,0,0
kosmicznispawacze,45,right,69,2,0,0
kosmicznispawacze,45,right,70,2,0,0
kosmicznispawacze,45,right,71,2,0,0
kosmicznispawacze,45,right,72,2,0,0
kosmicznispawacze,45,right,73,2,0,0
kosmicznispawacze,45,right,74,2,0,0
kosmicznispawacze,45,right,75,2,0,0
kosmicznispawacze,45,right,76,2,0,0
kosmicznispawacze,45,right,77,2,0,0
kosmicznispawacze,45,right,78,2,0,0
kosmicznispawacze,45,right,79,2,0,0
kosmicznispawacze,45,right,80,2,0,0
kosmicznispawacze,45,right,81,2,0,0
kosmicznispawacze,45,right,82,3,0,0
kosmicznispawacze,45,right,83,3,0,0
kosmicznispawacze,45,right,84,3,0,0
kosmicznispawacze,45,right,85,3,0,0
kosmicznispawacze,45,right,86,3,0,0
kosmicznispawacze,45,right,87,3,0,0
kosmicznispawacze,45,right,88,3,0,0
kosmicznispawacze,45,right,89,3,0,0
kosmicznispawacze,45,right,90,3,0,0
kosmicznispawacze,45,right,91,3,0,0
kosmicznispawacze,45,right,92,3,0,0
kosmicznispawacze,45,right,93,3,0,0
kosmicznispawacze,45,right,94,3,0,0
kosmicznispawacze,45,right,95,3,0,0
kosmicznispawacze,45,right,96,3,0,0
kosmicznispawacze,45,right,97,3,0,0
kosmicznispawacze,45,right,98,3,0,0
kosmicznispawacze,45,right,99,3,0,0
kosmicznispawacze,45,right,100,3,0,0
kosmicznispawacze,45,right,101,3,0,0
kosmicznispawacze,45,right,102,3,0,0
kosmicznispawacze,45,right,103,3,0,0
kosmicznispawacze,45,right,104,3,0,0
kosmicznispawacze,45,right,105,3,0,0
kosmicznispawacze,45,right,106,3,0,0
kosmicznispawacze,45,right,107,3,0,0
kosmicznispawacze,45,right,108,3,0,0
kosmicznispawacze,45,right,109,4,0,0
kosmicznispawacze,45,right,110,4,0,0
kosmicznispawacze,45,right,111,4,0,0
kosmicznispawacze,45,right,112,4,0,0
kosmicznispawacze,45,right,113,4,0,0
kosmicznispawacze,45,right,114,4,0,0
kosmicznispawacze,45,right,115,4,0,0
kosmicznispawacze,45,right,116,4,0,0
kosmicznispawacze,45,right,117,4,0,0
kosmicznispawacze,45,right,118,4,0,0
kosmicznispawacze,45,right,119,4,0,0
kosmicznispawacze,45,right,120,4,0,0
kosmicznispawacze,45,right,121,4,0,0
kosmicznispawacze,45,right,122,4,0,0
kosmicznispawacze,45,right,123,4,0,0
kosmicznispawacze,45,right,124,4,0,0
kosmicznispawacze,45,right,125,4,0,0
kosmicznispawacze,45,right,126,4,0,0
kosmicznispawacze,45,right,127,4,0,0
kosmicznispawacze,45,right,128,4,0,0
kosmicznispawacze,45,right,129,4,0,0
kosmicznispawacze,45,right,130,4,0,0
kosmicznispawacze,45,right,131,4,0,0
kosmicznispawacze,45,right,132,4,0,0
kosmicznispawacze,45,right,133,4,0,0
kosmicznispawacze,45,right,134,4,0,0
kosmicznispawacze,45,right,135,4,0,0
kosmicznispawacze,45,right,136,5,0,0
kosmicznispawacze,45,right,137,5,0,0
kosmicznispawacze,45,right,138,5,0,0
kosmicznispawacze,45,right,139,5,0,0
kosmicznispawacze,45,right,140,5,0,0
kosmicznispawacze,45,right,141,5,0,0
kosmicznispawacze,45,right,142,5,0,0
kosmicznispawacze,45,right,143,5,0,0
kosmicznispawacze,45,right,144,5,0,0
kosmicznispawacze,45,right,145,5,0,0
kosmicznispawacze,45,right,146,5,0,0
kosmicznispawacze,45,right,147,5,0,0
kosmicznispawacze,45,right,148,5,0,0
kosmicznispawacze,45,right,149,5,0,0
kosmicznispawacze,45,right,150,5,0,0
kosmicznispawacze,45,right,151,5,0,0
kosmicznispawacze,45,right,152,5,0,0
kosmicznispawacze,45,right,153,5,0,0
kosmicznispawacze,45,right,154,5,0,0
kosmicznispawacze,45,right,155,5,0,0
kosmicznispawacze,45,right,156,5,0,0
kosmicznispawacze,45,right,157,5,0,0
kosmicznispawacze,45,right,158,5,0,0
kosmicznispawacze,45,right,159,5,0,0
kosmicznispawacze,45,right,160,5,0,0
kosmicznispawacze,45,right,161,5,0,0
kosmicznispawacze,45,right,162,6,0,0
kosmicznispawacze,45,right,163,6,0,0
kosmicznispawacze,45,right,164,6,0,0
kosmicznispawacze,45,right,165,6,0,0
kosmicznispawacze,45,right,166,6,0,0
kosmicznispawacze,45,right,167,6,0,0
kosmicznispawacze,45,right,168,6,0,0
kosmicznispawacze,45,right,169,6,0,0
kosmicznispawacze,45,right,170,6,0,0
kosmicznispawacze,45,right,171,6,0,0
kosmicznispawacze,45,right,172,6,0,0
kosmicznispawacze,45,right,173,6,0,0
kosmicznispawacze,45,right,174,6,0,0
kosmicznispawacze,45,right,175,6,0,0
kosmicznispawacze,45,right,176,6,0,0
kosmicznispawacze,45,right,177,6,0,0
kosmicznispawacze,45,right,178,6,0,0
kosmicznispawacze,45,right,179,6,0,0
kosmicznispawacze,45,right,180,6,0,0
kosmicznispawacze,45,right,181,6,0,0
kosmicznispawacze,45,right,182,6,0,0
kosmicznispawacze,45,right,183,6,0,0
kosmicznispawacze,45,right,184,6,0,0
kosmicznispawacze,45,right,185,6,0,0
kosmicznispawacze,45,right,186,6,0,0
kosmicznispawacze,45,right,187,6,0,0
kosmicznispawacze,45,right,188,6,0,0
kosmicznispawacze,45,right,189,7,0,0
kosmicznispawacze,45,right,190,7,0,0
kosmicznispawacze,45,right,191,7,0,0
kosmicznispawacze,45,right,192,7,0,0
kosmicznispawacze,45,right,193,7,0,0
kosmicznispawacze,45,right,194,7,0,0
kosmicznispawacze,45,right,195,7,0,0
kosmicznispawacze,45,right,196,7,0,0
kosmicznispawacze,45,right,197,7,0,0
kosmicznispawacze,45,right,198,7,0,0
kosmicznispawacze,45,right,199,7,0,0