team_name,train_number,left_right,frame_number,wagon,uic_0_1,uic_label
kosmicznispawacze,3,left,0,0,locomotive,0
kosmicznispawacze,3,left,1,0,locomotive,0
kosmicznispawacze,3,left,2,0,locomotive,0
kosmicznispawacze,3,left,3,1,0,0
kosmicznispawacze,3,left,4,1,0,0
kosmicznispawacze,3,left,5,1,0,0
kosmicznispawacze,3,left,6,1,0,0
kosmicznispawacze,3,left,7,1,0,0
kosmicznispawacze,3,left,8,1,0,0
kosmicznispawacze,3,left,9,1,0,0
kosmicznispawacze,3,left,10,1,0,0
kosmicznispawacze,3,left,11,1,0,0
kosmicznispawacze,3,left,12,1,0,0
kosmicznispawacze,3,left,13,1,0,0
kosmicznispawacze,3,left,14,1,0,0
kosmicznispawacze,3,left,15,1,0,0
kosmicznispawacze,3,left,16,1,0,0
kosmicznispawacze,3,left,17,1,0,0
kosmicznispawacze,3,left,18,1,0,0
kosmicznispawacze,3,left,19,1,0,0
kosmicznispawacze,3,left,20,1,0,0
kosmicznispawacze,3,left,21,2,0,0
kosmicznispawacze,3,left,22,2,0,0
kosmicznispawacze,3,left,23,2,0,0
kosmicznispawacze,3,left,24,2,0,0
kosmicznispawacze,3,left,25,2,0,0
kosmicznispawacze,3,left,26,2,0,0
kosmicznispawacze,3,left,27,2,0,0
kosmicznispawacze,3,left,28,2,0,0
kosmicznispawacze,3,left,29,2,0,0
kosmicznispawacze,3,left,30,2,0,0
kosmicznispawacze,3,left,31,2,0,0
kosmicznispawacze,3,left,32,2,0,0
kosmicznispawacze,3,left,33,2,0,0
kosmicznispawacze,3,left,34,2,0,0
kosmicznispawacze,3,left,35,2,0,0
kosmicznispawacze,3,left,36,2,0,0
kosmicznispawacze,3,left,37,2,0,0
kosmicznispawacze,3,left,38,2,0,0
kosmicznispawacze,3,left,39,3,0,0
kosmicznispawacze,3,left,40,3,0,0
kosmicznispawacze,3,left,41,3,0,0
kosmicznispawacze,3,left,42,3,0,0
kosmicznispawacze,3,left,43,3,0,0
kosmicznispawacze,3,left,44,3,0,0
kosmicznispawacze,3,left,45,3,0,0
kosmicznispawacze,3,left,46,3,0,0
kosmicznispawacze,3,left,47,3,0,0
kosmicznispawacze,3,left,48,3,0,0
kosmicznispawacze,3,left,49,3,0,0
kosmicznispawacze,3,left,50,3,0,0
kosmicznispawacze,3,left,51,3,0,0
kosmicznispawacze,3,left,52,3,0,0
kosmicznispawacze,3,left,53,3,0,0
kosmicznispawacze,3,left,54,3,0,0
kosmicznispawacze,3,left,55,3,0,0
kosmicznispawacze,3,left,56,3,0,0
kosmicznispawacze,3,left,57,4,0,0
kosmicznispawacze,3,left,58,4,0,0
kosmicznispawacze,3,left,59,4,0,0
kosmicznispawacze,3,left,60,4,0,0
kosmicznispawacze,3,left,61,4,0,0
kosmicznispawacze,3,left,62,4,0,0
kosmicznispawacze,3,left,63,4,0,0
kosmicznispawacze,3,left,64,4,0,0
kosmicznispawacze,3,left,65,4,0,0
kosmicznispawacze,3,left,66,4,0,0
kosmicznispawacze,3,left,67,4,0,0
kosmicznispawacze,3,left,68,4,0,0
kosmicznispawacze,3,left,69,4,0,0
kosmicznispawacze,3,left,70,4,0,0
kosmicznispawacze,3,left,71,4,0,0
kosmicznispawacze,3,left,72,4,0,0
kosmicznispawacze,3,left,73,4,0,0
kosmicznispawacze,3,left,74,4,0,0
kosmicznispawacze,3,left,75,4,0,0
kosmicznispawacze,3,left,76,4,0,0
kosmicznispawacze,3,left,77,5,0,0
kosmicznispawacze,3,left,78,5,0,0
kosmicznispawacze,3,left,79,5,0,0
kosmicznispawacze,3,left,80,5,0,0
kosmicznispawacze,3,left,81,5,0,0
kosmicznispawacze,3,left,82,5,0,0
kosmicznispawacze,3,left,83,5,0,0
kosmicznispawacze,3,left,84,5,0,0
kosmicznispawacze,3,left,85,5,0,0
kosmicznispawacze,3,left,86,5,0,0
kosmicznispawacze,3,left,87,5,0,0
kosmicznispawacze,3,left,88,5,0,0
kosmicznispawacze,3,left,89,5,0,0
kosmicznispawacze,3,left,90,5,0,0
kosmicznispawacze,3,left,91,5,0,0
kosmicznispawacze,3,left,92,5,0,0
kosmicznispawacze,3,left,93,5,0,0
kosmicznispawacze,3,left,94,5,0,0
kosmicznispawacze,3,left,95,5,0,0
kosmicznispawacze,3,left,96,5,0,0
kosmicznispawacze,3,left,97,6,0,0
kosmicznispawacze,3,left,98,6,0,0
kosmicznispawacze,3,left,99,6,0,0
kosmicznispawacze,3,left,100,6,0,0
kosmicznispawacze,3,left,101,6,0,0
kosmicznispawacze,3,left,102,6,0,0
kosmicznispawacze,3,left,103,6,0,0
kosmicznispawacze,3,left,104,6,0,0
kosmicznispawacze,3,left,105,6,0,0
kosmicznispawacze,3,left,106,6,0,0
kosmicznispawacze,3,left,107,6,0,0
kosmicznispawacze,3,left,108,6,0,0
kosmicznispawacze,3,left,109,6,0,0
kosmicznispawacze,3,left,110,6,0,0
kosmicznispawacze,3,left,111,6,0,0
kosmicznispawacze,3,left,112,6,0,0
kosmicznispawacze,3,left,113,6,0,0
kosmicznispawacze,3,left,114,6,0,0
kosmicznispawacze,3,left,115,6,0,0
kosmicznispawacze,3,left,116,6,0,0
kosmicznispawacze,3,left,117,7,0,0
kosmicznispawacze,3,left,118,7,0,0
kosmicznispawacze,3,left,119,7,0,0
kosmicznispawacze,3,left,120,7,0,0
kosmicznispawacze,3,left,121,7,0,0
kosmicznispawacze,3,left,122,7,0,0
kosmicznispawacze,3,left,123,7,0,0
kosmicznispawacze,3,left,124,7,0,0
kosmicznispawacze,3,left,125,7,0,0
kosmicznispawacze,3,left,126,7,0,0
kosmicznispawacze,3,left,127,7,0,0
kosmicznispawacze,3,left,128,7,0,0
kosmicznispawacze,3,left,129,7,0,0
kosmicznispawacze,3,left,130,7,0,0
kosmicznispawacze,3,left,131,7,0,0
kosmicznispawacze,3,left,132,7,0,0
kosmicznispawacze,3,left,133,7,0,0
kosmicznispawacze,3,left,134,7,0,0
kosmicznispawacze,3,left,135,7,0,0
kosmicznispawacze,3,left,136,7,0,0
kosmicznispawacze,3,left,137,7,0,0
kosmicznispawacze,3,left,138,7,0,0
kosmicznispawacze,3,left,139,7,0,0
kosmicznispawacze,3,left,140,7,0,0
kosmicznispawacze,3,left,141,7,0,0
kosmicznispawacze,3,left,142,7,0,0
kosmicznispawacze,3,left,143,7,0,0
kosmicznispawacze,3,left,144,7,0,0
kosmicznispawacze,3,left,145,7,0,0
kosmicznispawacze,3,left,146,7,0,0
kosmicznispawacze,3,left,147,7,0,0
kosmicznispawacze,3,left,148,7,0,0
kosmicznispawacze,3,left,149,7,0,0
kosmicznispawacze,3,left,150,7,0,0
kosmicznispawacze,3,left,151,7,0,0
kosmicznispawacze,3,left,152,7,0,0
kosmicznispawacze,3,left,153,7,0,0
kosmicznispawacze,3,left,154,7,0,0
kosmicznispawacze,3,left,155,7,0,0
kosmicznispawacze,3,left,156,7,0,0
kosmicznispawacze,3,left,157,7,0,0
kosmicznispawacze,3,left,158,7,0,0
kosmicznispawacze,3,left,159,8,0,0
kosmicznispawacze,3,left,160,8,0,0
kosmicznispawacze,3,left,161,8,0,0
kosmicznispawacze,3,left,162,8,0,0
kosmicznispawacze,3,left,163,8,0,0
kosmicznispawacze,3,left,164,8,0,0
kosmicznispawacze,3,left,165,8,0,0
kosmicznispawacze,3,left,166,8,0,0
kosmicznispawacze,3,left,167,8,0,0
kosmicznispawacze,3,left,168,8,0,0
kosmicznispawacze,3,left,169,8,0,0
kosmicznispawacze,3,left,170,8,0,0
kosmicznispawacze,3,left,171,8,0,0
kosmicznispawacze,3,left,172,8,0,0
kosmicznispawacze,3,left,173,8,0,0
kosmicznispawacze,3,left,174,8,0,0
kosmicznispawacze,3,left,175,8,0,0
kosmicznispawacze,3,left,176,8,0,0
kosmicznispawacze,3,left,177,8,0,0
kosmicznispawacze,3,left,178,8,0,0
kosmicznispawacze,3,left,179,8,0,0
kosmicznispawacze,3,left,180,8,0,0
kosmicznispawacze,3,left,181,8,0,0
kosmicznispawacze,3,left,182,8,0,0
kosmicznispawacze,3,left,183,9,0,0
kosmicznispawacze,3,left,184,9,0,0
kosmicznispawacze,3,left,185,9,0,0
kosmicznispawacze,3,left,186,9,0,0
kosmicznispawacze,3,left,187,9,0,0
kosmicznispawacze,3,left,188,9,0,0
kosmicznispawacze,3,left,189,9,0,0
kosmicznispawacze,3,left,190,9,0,0
kosmicznispawacze,3,left,191,9,0,0
kosmicznispawacze,3,left,192,9,0,0
kosmicznispawacze,3,left,193,9,0,0
kosmicznispawacze,3,left,194,9,0,0
kosmicznispawacze,3,left,195,9,0,0
kosmicznispawacze,3,left,196,9,0,0
kosmicznispawacze,3,left,197,9,0,0
kosmicznispawacze,3,left,198,9,0,0
kosmicznispawacze,3,left,199,9,0,0
kosmicznispawacze,3,left,200,9,0,0
kosmicznispawacze,3,left,201,9,0,0
kosmicznispawacze,3,left,202,9,0,0
kosmicznispawacze,3,left,203,9,0,0
kosmicznispawacze,3,left,204,9,0,0
kosmicznispawacze,3,left,205,9,0,0
kosmicznispawacze,3,left,206,9,0,0
kosmicznispawacze,3,left,207,9,0,0
kosmicznispawacze,3,left,208,9,0,0
kosmicznispawacze,3,left,209,10,0,0
kosmicznispawacze,3,left,210,10,0,0
kosmicznispawacze,3,left,211,10,0,0
kosmicznispawacze,3,left,212,10,0,0
kosmicznispawacze,3,left,213,10,0,0
kosmicznispawacze,3,left,214,10,0,0
kosmicznispawacze,3,left,215,10,0,0
kosmicznispawacze,3,left,216,10,0,0
kosmicznispawacze,3,left,217,10,0,0
kosmicznispawacze,3,left,218,10,0,0
kosmicznispawacze,3,left,219,10,0,0
kosmicznispawacze,3,left,220,10,0,0
kosmicznispawacze,3,left,221,10,0,0
kosmicznispawacze,3,left,222,10,0,0
kosmicznispawacze,3,left,223,10,0,0
kosmicznispawacze,3,left,224,10,0,0
kosmicznispawacze,3,left,225,10,0,0
kosmicznispawacze,3,left,226,10,0,0
kosmicznispawacze,3,left,227,10,0,0
kosmicznispawacze,3,left,228,10,0,0
kosmicznispawacze,3,left,229,10,0,0
kosmicznispawacze,3,left,230,10,0,0
kosmicznispawacze,3,left,231,10,0,0
kosmicznispawacze,3,left,232,10,0,0
kosmicznispawacze,3,left,233,10,0,0
kosmicznispawacze,3,left,234,10,0,0
kosmicznispawacze,3,left,235,10,0,0
kosmicznispawacze,3,left,236,11,0,0
kosmicznispawacze,3,left,237,11,0,0
kosmicznispawacze,3,left,238,11,0,0
kosmicznispawacze,3,left,239,11,0,0
kosmicznispawacze,3,left,240,11,0,0
kosmicznispawacze,3,left,241,11,0,0
kosmicznispawacze,3,left,242,11,0,0
kosmicznispawacze,3,left,243,11,0,0
kosmicznispawacze,3,left,244,11,0,0
kosmicznispawacze,3,left,245,11,0,0
kosmicznispawacze,3,left,246,11,0,0
kosmicznispawacze,3,left,247,11,0,0
kosmicznispawacze,3,left,248,11,0,0
kosmicznispawacze,3,left,249,11,0,0
kosmicznispawacze,3,left,250,11,0,0
kosmicznispawacze,3,left,251,11,0,0
kosmicznispawacze,3,left,252,11,0,0
kosmicznispawacze,3,left,253,11,0,0
kosmicznispawacze,3,left,254,11,0,0
kosmicznispawacze,3,left,255,11,0,0
kosmicznispawacze,3,left,256,11,0,0
kosmicznispawacze,3,left,257,11,0,0
kosmicznispawacze,3,left,258,11,0,0
kosmicznispawacze,3,left,259,11,0,0
kosmicznispawacze,3,left,260,11,0,0
kosmicznispawacze,3,left,261,11,0,0
kosmicznispawacze,3,left,262,11,0,0
kosmicznispawacze,3,left,263,11,0,0
kosmicznispawacze,3,left,264,11,0,0
kosmicznispawacze,3,left,265,12,0,0
kosmicznispawacze,3,left,266,12,0,0
kosmicznispawacze,3,left,267,12,0,0
kosmicznispawacze,3,left,268,12,0,0
kosmicznispawacze,3,left,269,12,0,0
kosmicznispawacze,3,left,270,12,0,0
kosmicznispawacze,3,left,271,12,0,0
kosmicznispawacze,3,left,272,12,0,0
kosmicznispawacze,3,left,273,12,0,0
kosmicznispawacze,3,left,274,12,0,0
kosmicznispawacze,3,left,275,12,0,0
kosmicznispawacze,3,left,276,12,0,0
kosmicznispawacze,3,left,277,12,0,0
kosmicznispawacze,3,left,278,12,0,0
kosmicznispawacze,3,left,279,12,0,0
kosmicznispawacze,3,left,280,12,0,0
kosmicznispawacze,3,left,281,12,0,0
kosmicznispawacze,3,left,282,12,0,0
kosmicznispawacze,3,left,283,12,0,0
kosmicznispawacze,3,left,284,12,0,0
kosmicznispawacze,3,left,285,12,0,0
kosmicznispawacze,3,left,286,12,0,0
kosmicznispawacze,3,left,287,12,0,0
kosmicznispawacze,3,left,288,12,0,0
kosmicznispawacze,3,left,289,12,0,0
kosmicznispawacze,3,left,290,12,0,0
kosmicznispawacze,3,left,291,13,0,0
kosmicznispawacze,3,left,292,13,0,0
kosmicznispawacze,3,left,293,13,0,0
kosmicznispawacze,3,left,294,13,0,0
kosmicznispawacze,3,left,295,13,0,0
kosmicznispawacze,3,left,296,13,0,0
kosmicznispawacze,3,left,297,13,0,0
kosmicznispawacze,3,left,298,13,0,0
kosmicznispawacze,3,left,299,13,0,0
kosmicznispawacze,3,left,300,13,0,0
kosmicznispawacze,3,left,301,13,0,0
kosmicznispawacze,3,left,302,13,0,0
kosmicznispawacze,3,left,303,13,0,0
kosmicznispawacze,3,left,304,13,0,0
kosmicznispawacze,3,left,305,13,0,0
kosmicznispawacze,3,left,306,13,0,0
kosmicznispawacze,3,left,307,13,0,0
kosmicznispawacze,3,left,308,13,0,0
kosmicznispawacze,3,left,309,13,0,0
kosmicznispawacze,3,left,310,13,0,0
kosmicznispawacze,3,left,311,13,0,0
kosmicznispawacze,3,left,312,13,0,0
kosmicznispawacze,3,left,313,13,0,0
kosmicznispawacze,3,left,314,13,0,0
kosmicznispawacze,3,left,315,13,0,0
kosmicznispawacze,3,left,316,13,0,0
kosmicznispawacze,3,left,317,13,0,0
kosmicznispawacze,3,left,318,13,0,0
kosmicznispawacze,3,left,319,13,0,0
kosmicznispawacze,3,left,320,14,0,0
kosmicznispawacze,3,left,321,14,0,0
kosmicznispawacze,3,left,322,14,0,0
kosmicznispawacze,3,left,323,14,0,0
kosmicznispawacze,3,left,324,14,0,0
kosmicznispawacze,3,left,325,14,0,0
kosmicznispawacze,3,left,326,14,0,0
kosmicznispawacze,3,left,327,14,0,0
kosmicznispawacze,3,left,328,14,0,0
kosmicznispawacze,3,left,329,14,0,0
kosmicznispawacze,3,left,330,14,0,0
kosmicznispawacze,3,left,331,14,0,0
kosmicznispawacze,3,left,332,14,0,0
kosmicznispawacze,3,left,333,14,0,0
kosmicznispawacze,3,left,334,14,0,0
kosmicznispawacze,3,left,335,14,0,0
kosmicznispawacze,3,left,336,14,0,0
kosmicznispawacze,3,left,337,14,0,0
kosmicznispawacze,3,left,338,14,0,0
kosmicznispawacze,3,left,339,14,0,0
kosmicznispawacze,3,left,340,14,0,0
kosmicznispawacze,3,left,341,14,0,0
kosmicznispawacze,3,left,342,14,0,0
kosmicznispawacze,3,left,343,14,0,0
kosmicznispawacze,3,left,344,14,0,0
kosmicznispawacze,3,left,345,14,0,0
kosmicznispawacze,3,left,346,14,0,0
kosmicznispawacze,3,left,347,14,0,0
kosmicznispawacze,3,left,348,14,0,0
kosmicznispawacze,3,left,349,15,0,0
kosmicznispawacze,3,left,350,15,0,0
kosmicznispawacze,3,left,351,15,0,0
kosmicznispawacze,3,left,352,15,0,0
kosmicznispawacze,3,left,353,15,0,0
kosmicznispawacze,3,left,354,15,0,0
kosmicznispawacze,3,left,355,15,0,0
kosmicznispawacze,3,left,356,15,0,0
kosmicznispawacze,3,left,357,15,0,0
kosmicznispawacze,3,left,358,15,0,0
kosmicznispawacze,3,left,359,15,0,0
kosmicznispawacze,3,left,360,15,0,0
kosmicznispawacze,3,left,361,15,0,0
kosmicznispawacze,3,left,362,15,0,0
kosmicznispawacze,3,left,363,15,0,0
kosmicznispawacze,3,left,364,15,0,0
kosmicznispawacze,3,left,365,15,0,0
kosmicznispawacze,3,left,366,15,0,0
kosmicznispawacze,3,left,367,15,0,0
kosmicznispawacze,3,left,368,15,0,0
kosmicznispawacze,3,left,369,15,0,0
kosmicznispawacze,3,left,370,15,0,0
kosmicznispawacze,3,left,371,15,0,0
kosmicznispawacze,3,left,372,15,0,0
kosmicznispawacze,3,left,373,15,0,0
kosmicznispawacze,3,left,374,15,0,0
kosmicznispawacze,3,left,375,15,0,0
kosmicznispawacze,3,left,376,15,0,0
kosmicznispawacze,3,left,377,15,0,0
kosmicznispawacze,3,left,378,15,0,0
kosmicznispawacze,3,left,379,15,0,0
kosmicznispawacze,3,left,380,15,0,0
kosmicznispawacze,3,left,381,15,0,0
kosmicznispawacze,3,left,382,16,0,0
kosmicznispawacze,3,left,383,16,0,0
kosmicznispawacze,3,left,384,16,0,0
kosmicznispawacze,3,left,385,16,0,0
kosmicznispawacze,3,left,386,16,0,0
kosmicznispawacze,3,left,387,16,0,0
kosmicznispawacze,3,left,388,16,0,0
kosmicznispawacze,3,left,389,16,0,0
kosmicznispawacze,3,left,390,16,0,0
kosmicznispawacze,3,left,391,16,0,0
kosmicznispawacze,3,left,392,16,0,0
kosmicznispawacze,3,left,393,16,0,0
kosmicznispawacze,3,left,394,16,0,0
kosmicznispawacze,3,left,395,16,0,0
kosmicznispawacze,3,left,396,16,0,0
kosmicznispawacze,3,left,397,16,0,0
kosmicznispawacze,3,left,398,16,0,0
kosmicznispawacze,3,left,399,16,0,0
kosmicznispawacze,3,left,400,16,0,0
kosmicznispawacze,3,left,401,16,0,0
kosmicznispawacze,3,left,402,16,0,0
kosmicznispawacze,3,left,403,16,0,0
kosmicznispawacze,3,left,404,16,0,0
kosmicznispawacze,3,left,405,16,0,0
kosmicznispawacze,3,left,406,16,0,0
kosmicznispawacze,3,left,407,16,0,0
kosmicznispawacze,3,left,408,16,0,0
kosmicznispawacze,3,left,409,16,0,0
kosmicznispawacze,3,left,410,16,0,0
kosmicznispawacze,3,left,411,16,0,0
kosmicznispawacze,3,left,412,16,0,0
kosmicznispawacze,3,left,413,16,0,0
kosmicznispawacze,3,left,414,17,0,0
kosmicznispawacze,3,left,415,17,0,0
kosmicznispawacze,3,left,416,17,0,0
kosmicznispawacze,3,left,417,17,0,0
kosmicznispawacze,3,left,418,17,0,0
kosmicznispawacze,3,left,419,17,0,0
kosmicznispawacze,3,left,420,17,0,0
kosmicznispawacze,3,left,421,17,0,0
kosmicznispawacze,3,left,422,17,0,0
kosmicznispawacze,3,left,423,17,0,0
kosmicznispawacze,3,left,424,17,0,0
kosmicznispawacze,3,left,425,17,0,0
kosmicznispawacze,3,left,426,17,0,0
kosmicznispawacze,3,left,427,17,0,0
kosmicznispawacze,3,left,428,17,0,0
kosmicznispawacze,3,left,429,17,0,0
kosmicznispawacze,3,left,430,17,0,0
kosmicznispawacze,3,left,431,17,0,0
kosmicznispawacze,3,left,432,17,0,0
kosmicznispawacze,3,left,433,17,0,0
kosmicznispawacze,3,left,434,17,0,0
kosmicznispawacze,3,left,435,17,0,0
kosmicznispawacze,3,left,436,17,0,0
kosmicznispawacze,3,left,437,17,0,0
kosmicznispawacze,3,left,438,17,0,0
kosmicznispawacze,3,left,439,17,0,0
kosmicznispawacze,3,left,440,17,0,0
kosmicznispawacze,3,left,441,18,0,0
kosmicznispawacze,3,left,442,18,0,0
kosmicznispawacze,3,left,443,18,0,0
kosmicznispawacze,3,left,444,18,0,0
kosmicznispawacze,3,left,445,18,0,0
kosmicznispawacze,3,left,446,18,0,0
kosmicznispawacze,3,left,447,18,0,0
kosmicznispawacze,3,left,448,18,0,0
kosmicznispawacze,3,left,449,18,0,0
kosmicznispawacze,3,left,450,18,0,0
kosmicznispawacze,3,left,451,18,0,0
kosmicznispawacze,3,left,452,18,0,0
kosmicznispawacze,3,left,453,18,0,0
kosmicznispawacze,3,left,454,18,0,0
kosmicznispawacze,3,left,455,18,0,0
kosmicznispawacze,3,left,456,18,0,0
kosmicznispawacze,3,left,457,18,0,0
kosmicznispawacze,3,left,458,18,0,0
kosmicznispawacze,3,left,459,18,0,0
kosmicznispawacze,3,left,460,18,0,0
kosmicznispawacze,3,left,461,18,0,0
kosmicznispawacze,3,left,462,18,0,0
kosmicznispawacze,3,left,463,18,0,0
kosmicznispawacze,3,left,464,19,0,0
kosmicznispawacze,3,left,465,19,0,0
kosmicznispawacze,3,left,466,19,0,0
kosmicznispawacze,3,left,467,19,0,0
kosmicznispawacze,3,left,468,19,0,0
kosmicznispawacze,3,left,469,19,0,0
kosmicznispawacze,3,left,470,19,0,0
kosmicznispawacze,3,left,471,19,0,0
kosmicznispawacze,3,left,472,19,0,0
kosmicznispawacze,3,left,473,19,0,0
kosmicznispawacze,3,left,474,19,0,0
kosmicznispawacze,3,left,475,19,0,0
kosmicznispawacze,3,left,476,19,0,0
kosmicznispawacze,3,left,477,19,0,0
kosmicznispawacze,3,left,478,19,0,0
kosmicznispawacze,3,left,479,19,0,0
kosmicznispawacze,3,left,480,19,0,0
kosmicznispawacze,3,left,481,19,0,0
kosmicznispawacze,3,left,482,19,0,0
kosmicznispawacze,3,left,483,19,0,0
kosmicznispawacze,3,left,484,19,0,0
kosmicznispawacze,3,left,485,19,0,0
kosmicznispawacze,3,left,486,20,0,0
kosmicznispawacze,3,left,487,20,0,0
kosmicznispawacze,3,left,488,20,0,0
kosmicznispawacze,3,left,489,20,0,0
kosmicznispawacze,3,left,490,20,0,0
kosmicznispawacze,3,left,491,20,0,0
kosmicznispawacze,3,left,492,20,0,0
kosmicznispawacze,3,left,493,20,0,0
kosmicznispawacze,3,left,494,20,0,0
kosmicznispawacze,3,left,495,20,0,0
kosmicznispawacze,3,left,496,20,0,0
kosmicznispawacze,3,left,497,20,0,0
kosmicznispawacze,3,left,498,20,0,0
kosmicznispawacze,3,left,499,20,0,0
kosmicznispawacze,3,left,500,20,0,0
kosmicznispawacze,3,left,501,20,0,0
kosmicznispawacze,3,left,502,20,0,0
kosmicznispawacze,3,left,503,20,0,0
kosmicznispawacze,3,left,504,20,0,0
kosmicznispawacze,3,left,505,20,0,0
kosmicznispawacze,3,left,506,20,0,0
kosmicznispawacze,3,left,507,20,0,0
kosmicznispawacze,3,left,508,20,0,0
kosmicznispawacze,3,left,509,20,0,0
kosmicznispawacze,3,left,510,20,0,0
kosmicznispawacze,3,left,511,20,0,0
kosmicznispawacze,3,left,512,20,0,0
kosmicznispawacze,3,left,513,21,0,0
kosmicznispawacze,3,left,514,21,0,0
kosmicznispawacze,3,left,515,21,0,0
kosmicznispawacze,3,left,516,21,0,0
kosmicznispawacze,3,left,517,21,0,0
kosmicznispawacze,3,left,518,21,0,0
kosmicznispawacze,3,left,519,21,0,0
kosmicznispawacze,3,left,520,21,0,0
kosmicznispawacze,3,left,521,21,0,0
kosmicznispawacze,3,left,522,21,0,0
kosmicznispawacze,3,left,523,21,0,0
kosmicznispawacze,3,left,524,21,0,0
kosmicznispawacze,3,left,525,21,0,0
kosmicznispawacze,3,left,526,21,0,0
kosmicznispawacze,3,left,527,21,0,0
kosmicznispawacze,3,left,528,21,0,0
kosmicznispawacze,3,left,529,21,0,0
kosmicznispawacze,3,left,530,21,0,0
kosmicznispawacze,3,left,531,21,0,0
kosmicznispawacze,3,left,532,21,0,0
kosmicznispawacze,3,left,533,21,0,0
kosmicznispawacze,3,left,534,21,0,0
kosmicznispawacze,3,left,535,21,0,0
kosmicznispawacze,3,left,536,21,0,0
kosmicznispawacze,3,left,537,21,0,0
kosmicznispawacze,3,left,538,21,0,0
kosmicznispawacze,3,left,539,21,0,0
kosmicznispawacze,3,left,540,22,0,0
kosmicznispawacze,3,left,541,22,0,0
kosmicznispawacze,3,left,542,22,0,0
kosmicznispawacze,3,left,543,22,0,0
kosmicznispawacze,3,left,544,22,0,0
kosmicznispawacze,3,left,545,22,0,0
kosmicznispawacze,3,left,546,22,0,0
kosmicznispawacze,3,left,547,22,0,0
kosmicznispawacze,3,left,548,22,0,0
kosmicznispawacze,3,left,549,22,0,0
kosmicznispawacze,3,left,550,22,0,0
kosmicznispawacze,3,left,551,22,0,0
kosmicznispawacze,3,left,552,22,0,0
kosmicznispawacze,3,left,553,22,0,0
kosmicznispawacze,3,left,554,22,0,0
kosmicznispawacze,3,left,555,22,0,0
kosmicznispawacze,3,left,556,22,0,0
kosmicznispawacze,3,left,557,22,0,0
kosmicznispawacze,3,left,558,22,0,0
kosmicznispawacze,3,left,559,22,0,0
kosmicznispawacze,3,left,560,22,0,0
kosmicznispawacze,3,left,561,22,0,0
kosmicznispawacze,3,left,562,22,0,0
kosmicznispawacze,3,left,563,22,0,0
kosmicznispawacze,3,left,564,22,0,0
kosmicznispawacze,3,left,565,22,0,0
kosmicznispawacze,3,left,566,22,0,0
kosmicznispawacze,3,left,567,22,0,0
kosmicznispawacze,3,left,568,22,0,0
kosmicznispawacze,3,left,569,22,0,0
kosmicznispawacze,3,left,570,22,0,0
kosmicznispawacze,3,left,571,22,0,0
kosmicznispawacze,3,left,572,23,0,0
kosmicznispawacze,3,left,573,23,0,0
kosmicznispawacze,3,left,574,24,0,0
kosmicznispawacze,3,left,575,24,0,0
kosmicznispawacze,3,left,576,24,0,0
kosmicznispawacze,3,left,577,24,0,0
kosmicznispawacze,3,left,578,24,0,0