team_name,train_number,left_right,frame_number,wagon,uic_0_1,uic_label
kosmicznispawacze,44,left,0,0,locomotive,0
kosmicznispawacze,44,left,1,0,locomotive,0
kosmicznispawacze,44,left,2,0,locomotive,0
kosmicznispawacze,44,left,3,0,locomotive,0
kosmicznispawacze,44,left,4,0,locomotive,0
kosmicznispawacze,44,left,5,0,locomotive,0
kosmicznispawacze,44,left,6,0,locomotive,0
kosmicznispawacze,44,left,7,0,locomotive,0
kosmicznispawacze,44,left,8,0,locomotive,0
kosmicznispawacze,44,left,9,0,locomotive,0
kosmicznispawacze,44,left,10,0,locomotive,0
kosmicznispawacze,44,left,11,0,locomotive,0
kosmicznispawacze,44,left,12,0,locomotive,0
kosmicznispawacze,44,left,13,0,locomotive,0
kosmicznispawacze,44,left,14,0,locomotive,0
kosmicznispawacze,44,left,15,0,locomotive,0
kosmicznispawacze,44,left,16,0,locomotive,0
kosmicznispawacze,44,left,17,0,locomotive,0
kosmicznispawacze,44,left,18,0,locomotive,0
kosmicznispawacze,44,left,19,0,locomotive,0
kosmicznispawacze,44,left,20,0,locomotive,0
kosmicznispawacze,44,left,21,0,locomotive,0
kosmicznispawacze,44,left,22,0,locomotive,0
kosmicznispawacze,44,left,23,0,locomotive,0
kosmicznispawacze,44,left,24,0,locomotive,0
kosmicznispawacze,44,left,25,0,locomotive,0
kosmicznispawacze,44,left,26,0,locomotive,0
kosmicznispawacze,44,left,27,0,locomotive,0
kosmicznispawacze,44,left,28,0,locomotive,0
kosmicznispawacze,44,left,29,0,locomotive,0
kosmicznispawacze,44,left,30,0,locomotive,0
kosmicznispawacze,44,left,31,0,locomotive,0
kosmicznispawacze,44,left,32,0,locomotive,0
kosmicznispawacze,44,left,33,0,locomotive,0
kosmicznispawacze,44,left,34,0,locomotive,0
kosmicznispawacze,44,left,35,0,locomotive,0
kosmicznispawacze,44,left,36,0,locomotive,0
kosmicznispawacze,44,left,37,0,locomotive,0
kosmicznispawacze,44,left,38,0,locomotive,0
kosmicznispawacze,44,left,39,0,locomotive,0
kosmicznispawacze,44,left,40,0,locomotive,0
kosmicznispawacze,44,left,41,0,locomotive,0
kosmicznispawacze,44,left,42,0,locomotive,0
kosmicznispawacze,44,left,43,0,locomotive,0
kosmicznispawacze,44,left,44,0,locomotive,0
kosmicznispawacze,44,left,45,0,locomotive,0
kosmicznispawacze,44,left,46,0,locomotive,0
kosmicznispawacze,44,left,47,0,locomotive,0
kosmicznispawacze,44,left,48,0,locomotive,0
kosmicznispawacze,44,left,49,0,locomotive,0
kosmicznispawacze,44,left,50,0,locomotive,0
kosmicznispawacze,44,left,51,0,locomotive,0
kosmicznispawacze,44,left,52,0,locomotive,0
kosmicznispawacze,44,left,53,0,locomotive,0
kosmicznispawacze,44,left,54,0,locomotive,0
kosmicznispawacze,44,left,55,0,locomotive,0
kosmicznispawacze,44,left,56,1,0,0
kosmicznispawacze,44,left,57,1,0,0
kosmicznispawacze,44,left,58,1,0,0
kosmicznispawacze,44,left,59,1,0,0
kosmicznispawacze,44,left,60,1,0,0
kosmicznispawacze,44,left,61,1,0,0
kosmicznispawacze,44,left,62,1,0,0
kosmicznispawacze,44,left,63,1,0,0
kosmicznispawacze,44,left,64,1,0,0
kosmicznispawacze,44,left,65,1,0,0
kosmicznispawacze,44,left,66,1,0,0
kosmicznispawacze,44,left,67,1,0,0
kosmicznispawacze,44,left,68,1,0,0
kosmicznispawacze,44,left,69,1,0,0
kosmicznispawacze,44,left,70,1,0,0
kosmicznispawacze,44,left,71,1,0,0
kosmicznispawacze,44,left,72,1,0,0
kosmicznispawacze,44,left,73,1,0,0
kosmicznispawacze,44,left,74,1,0,0
kosmicznispawacze,44,left,75,1,0,0
kosmicznispawacze,44,left,76,1,0,0
kosmicznispawacze,44,left,77,1,0,0
kosmicznispawacze,44,left,78,1,0,0
kosmicznispawacze,44,left,79,1,0,0
kosmicznispawacze,44,left,80,1,0,0
kosmicznispawacze,44,left,81,1,0,0
kosmicznispawacze,44,left,82,1,0,0
kosmicznispawacze,44,left,83,1,0,0
kosmicznispawacze,44,left,84,1,0,0
kosmicznispawacze,44,left,85,1,0,0
kosmicznispawacze,44,left,86,1,0,0
kosmicznispawacze,44,left,87,1,0,0
kosmicznispawacze,44,left,88,1,0,0
kosmicznispawacze,44,left,89,1,0,0
kosmicznispawacze,44,left,90,1,0,0
kosmicznispawacze,44,left,91,1,0,0
kosmicznispawacze,44,left,92,1,0,0
kosmicznispawacze,44,left,93,1,0,0
kosmicznispawacze,44,left,94,1,0,0
kosmicznispawacze,44,left,95,1,0,0
kosmicznispawacze,44,left,96,1,0,0
kosmicznispawacze,44,left,97,1,0,0
kosmicznispawacze,44,left,98,1,0,0
kosmicznispawacze,44,left,99,1,0,0
kosmicznispawacze,44,left,100,1,0,0
kosmicznispawacze,44,left,101,1,0,0
kosmicznispawacze,44,left,102,2,0,0
kosmicznispawacze,44,left,103,2,0,0
kosmicznispawacze,44,left,104,2,0,0
kosmicznispawacze,44,left,105,2,0,0
kosmicznispawacze,44,left,106,2,0,0
kosmicznispawacze,44,left,107,2,0,0
kosmicznispawacze,44,left,108,2,0,0
kosmicznispawacze,44,left,109,2,0,0
kosmicznispawacze,44,left,110,2,0,0
kosmicznispawacze,44,left,111,2,0,0
kosmicznispawacze,44,left,112,2,0,0
kosmicznispawacze,44,left,113,2,0,0
kosmicznispawacze,44,left,114,2,0,0
kosmicznispawacze,44,left,115,2,0,0
kosmicznispawacze,44,left,116,2,0,0
kosmicznispawacze,44,left,117,2,0,0
kosmicznispawacze,44,left,118,2,0,0
kosmicznispawacze,44,left,119,2,0,0
kosmicznispawacze,44,left,120,2,0,0
kosmicznispawacze,44,left,121,2,0,0
kosmicznispawacze,44,left,122,2,0,0
kosmicznispawacze,44,left,123,2,0,0
kosmicznispawacze,44,left,124,2,0,0
kosmicznispawacze,44,left,125,2,0,0
kosmicznispawacze,44,left,126,2,0,0
kosmicznispawacze,44,left,127,2,0,0
kosmicznispawacze,44,left,128,2,0,0
kosmicznispawacze,44,left,129,2,0,0
kosmicznispawacze,44,left,130,2,0,0
kosmicznispawacze,44,left,131,2,0,0
kosmicznispawacze,44,left,132,2,0,0
kosmicznispawacze,44,left,133,2,0,0
kosmicznispawacze,44,left,134,2,0,0
kosmicznispawacze,44,left,135,2,0,0
kosmicznispawacze,44,left,136,2,0,0
kosmicznispawacze,44,left,137,2,0,0
kosmicznispawacze,44,left,138,2,0,0
kosmicznispawacze,44,left,139,2,0,0
kosmicznispawacze,44,left,140,2,0,0
kosmicznispawacze,44,left,141,2,0,0
kosmicznispawacze,44,left,142,2,0,0
kosmicznispawacze,44,left,143,2,0,0
kosmicznispawacze,44,left,144,2,0,0
kosmicznispawacze,44,left,145,2,0,0
kosmicznispawacze,44,left,146,2,0,0
kosmicznispawacze,44,left,147,2,0,0
kosmicznispawacze,44,left,148,2,0,0
kosmicznispawacze,44,left,149,2,0,0
kosmicznispawacze,44,left,150,2,0,0
kosmicznispawacze,44,left,151,2,0,0
kosmicznispawacze,44,left,152,2,0,0
kosmicznispawacze,44,left,153,2,0,0
kosmicznispawacze,44,left,154,2,0,0
kosmicznispawacze,44,left,155,2,0,0
kosmicznispawacze,44,left,156,2,0,0
kosmicznispawacze,44,left,157,2,0,0
kosmicznispawacze,44,left,158,2,0,0
kosmicznispawacze,44,left,159,2,0,0
kosmicznispawacze,44,left,160,2,0,0
kosmicznispawacze,44,left,161,2,0,0
kosmicznispawacze,44,left,162,2,0,0
kosmicznispawacze,44,left,163,2,0,0
kosmicznispawacze,44,left,164,2,0,0
kosmicznispawacze,44,left,165,2,0,0
kosmicznispawacze,44,left,166,2,0,0
kosmicznispawacze,44,left,167,2,0,0
kosmicznispawacze,44,left,168,2,0,0
kosmicznispawacze,44,left,169,2,0,0
kosmicznispawacze,44,left,170,2,0,0
kosmicznispawacze,44,left,171,2,0,0
kosmicznispawacze,44,left,172,2,0,0
kosmicznispawacze,44,left,173,2,0,0
kosmicznispawacze,44,left,174,2,0,0
kosmicznispawacze,44,left,175,2,0,0
kosmicznispawacze,44,left,176,2,0,0
kosmicznispawacze,44,left,177,2,0,0
kosmicznispawacze,44,left,178,2,0,0
kosmicznispawacze,44,left,179,2,0,0
kosmicznispawacze,44,left,180,2,0,0
kosmicznispawacze,44,left,181,2,0,0
kosmicznispawacze,44,left,182,2,0,0
kosmicznispawacze,44,left,183,2,0,0
kosmicznispawacze,44,left,184,2,0,0
kosmicznispawacze,44,left,185,2,0,0
kosmicznispawacze,44,left,186,2,0,0
kosmicznispawacze,44,left,187,2,0,0
kosmicznispawacze,44,left,188,2,0,0
kosmicznispawacze,44,left,189,2,0,0
kosmicznispawacze,44,left,190,2,0,0
kosmicznispawacze,44,left,191,2,0,0
kosmicznispawacze,44,left,192,2,0,0
kosmicznispawacze,44,left,193,2,0,0
kosmicznispawacze,44,left,194,2,0,0
kosmicznispawacze,44,left,195,2,0,0
kosmicznispawacze,44,left,196,2,0,0
kosmicznispawacze,44,left,197,2,0,0
kosmicznispawacze,44,left,198,2,0,0
kosmicznispawacze,44,left,199,2,0,0
kosmicznispawacze,44,left,200,2,0,0
kosmicznispawacze,44,left,201,2,0,0
kosmicznispawacze,44,left,202,2,0,0
kosmicznispawacze,44,left,203,2,0,0
kosmicznispawacze,44,left,204,2,0,0
kosmicznispawacze,44,left,205,2,0,0
kosmicznispawacze,44,left,206,2,0,0
kosmicznispawacze,44,left,207,2,0,0
kosmicznispawacze,44,left,208,2,0,0
kosmicznispawacze,44,left,209,2,0,0
kosmicznispawacze,44,left,210,2,0,0
kosmicznispawacze,44,left,211,2,0,0
kosmicznispawacze,44,left,212,2,0,0
kosmicznispawacze,44,left,213,2,0,0
kosmicznispawacze,44,left,214,2,0,0
kosmicznispawacze,44,left,215,2,0,0
kosmicznispawacze,44,left,216,2,0,0
kosmicznispawacze,44,left,217,2,0,0
kosmicznispawacze,44,left,218,2,0,0
kosmicznispawacze,44,left,219,2,0,0
kosmicznispawacze,44,left,220,2,0,0
kosmicznispawacze,44,left,221,2,0,0
kosmicznispawacze,44,left,222,2,0,0
kosmicznispawacze,44,left,223,2,0,0
kosmicznispawacze,44,left,224,2,0,0
kosmicznispawacze,44,left,225,2,0,0
kosmicznispawacze,44,left,226,2,0,0
kosmicznispawacze,44,left,227,2,0,0
kosmicznispawacze,44,left,228,2,0,0
kosmicznispawacze,44,left,229,2,0,0
kosmicznispawacze,44,left,230,2,0,0
kosmicznispawacze,44,left,231,2,0,0
kosmicznispawacze,44,left,232,2,0,0
kosmicznispawacze,44,left,233,2,0,0
kosmicznispawacze,44,left,234,2,0,0
kosmicznispawacze,44,left,235,2,0,0
kosmicznispawacze,44,left,236,2,0,0
kosmicznispawacze,44,left,237,2,0,0
kosmicznispawacze,44,left,238,2,0,0
kosmicznispawacze,44,left,239,2,0,0
kosmicznispawacze,44,left,240,2,0,0
kosmicznispawacze,44,left,241,2,0,0
kosmicznispawacze,44,left,242,2,0,0
kosmicznispawacze,44,left,243,2,0,0
kosmicznispawacze,44,left,244,2,0,0
kosmicznispawacze,44,left,245,3,0,0
kosmicznispawacze,44,left,246,3,0,0
kosmicznispawacze,44,left,247,3,0,0
kosmicznispawacze,44,left,248,3,0,0
kosmicznispawacze,44,left,249,3,0,0
kosmicznispawacze,44,left,250,3,0,0
kosmicznispawacze,44,left,251,3,0,0
kosmicznispawacze,44,left,252,3,0,0
kosmicznispawacze,44,left,253,3,0,0
kosmicznispawacze,44,left,254,3,0,0
kosmicznispawacze,44,left,255,3,0,0
kosmicznispawacze,44,left,256,3,0,0
kosmicznispawacze,44,left,257,3,0,0
kosmicznispawacze,44,left,258,3,0,0
kosmicznispawacze,44,left,259,3,0,0
kosmicznispawacze,44,left,260,3,0,0
kosmicznispawacze,44,left,261,3,0,0
kosmicznispawacze,44,left,262,3,0,0
kosmicznispawacze,44,left,263,3,0,0
kosmicznispawacze,44,left,264,3,0,0
kosmicznispawacze,44,left,265,3,0,0
kosmicznispawacze,44,left,266,3,0,0
kosmicznispawacze,44,left,267,3,0,0
kosmicznispawacze,44,left,268,3,0,0
kosmicznispawacze,44,left,269,3,0,0
kosmicznispawacze,44,left,270,3,0,0
kosmicznispawacze,44,left,271,3,0,0
kosmicznispawacze,44,left,272,4,0,0
kosmicznispawacze,44,left,273,4,0,0
kosmicznispawacze,44,left,274,4,0,0
kosmicznispawacze,44,left,275,4,0,0
kosmicznispawacze,44,left,276,4,0,0
kosmicznispawacze,44,left,277,4,0,0
kosmicznispawacze,44,left,278,4,0,0
kosmicznispawacze,44,left,279,4,0,0
kosmicznispawacze,44,left,280,4,0,0
kosmicznispawacze,44,left,281,4,0,0
kosmicznispawacze,44,left,282,4,0,0
kosmicznispawacze,44,left,283,4,0,0
kosmicznispawacze,44,left,284,4,0,0
kosmicznispawacze,44,left,285,4,0,0
kosmicznispawacze,44,left,286,4,0,0
kosmicznispawacze,44,left,287,4,0,0
kosmicznispawacze,44,left,288,4,0,0
kosmicznispawacze,44,left,289,4,0,0
kosmicznispawacze,44,left,290,4,0,0
kosmicznispawacze,44,left,291,4,0,0
kosmicznispawacze,44,left,292,4,0,0
kosmicznispawacze,44,left,293,4,0,0
kosmicznispawacze,44,left,294,4,0,0
kosmicznispawacze,44,left,295,4,0,0
kosmicznispawacze,44,left,296,4,0,0
kosmicznispawacze,44,left,297,4,0,0
kosmicznispawacze,44,left,298,4,0,0
kosmicznispawacze,44,left,299,4,0,0
kosmicznispawacze,44,left,300,4,0,0
kosmicznispawacze,44,left,301,4,0,0
kosmicznispawacze,44,left,302,4,0,0
kosmicznispawacze,44,left,303,4,0,0
kosmicznispawacze,44,left,304,4,0,0
kosmicznispawacze,44,left,305,4,0,0
kosmicznispawacze,44,left,306,4,0,0
kosmicznispawacze,44,left,307,4,0,0
kosmicznispawacze,44,left,308,4,0,0
kosmicznispawacze,44,left,309,4,0,0
kosmicznispawacze,44,left,310,4,0,0
kosmicznispawacze,44,left,311,4,0,0
kosmicznispawacze,44,left,312,4,0,0
kosmicznispawacze,44,left,313,4,0,0
kosmicznispawacze,44,left,314,4,0,0
kosmicznispawacze,44,left,315,4,0,0
kosmicznispawacze,44,left,316,4,0,0
kosmicznispawacze,44,left,317,4,0,0
kosmicznispawacze,44,left,318,4,0,0
kosmicznispawacze,44,left,319,4,0,0
kosmicznispawacze,44,left,320,4,0,0
kosmicznispawacze,44,left,321,4,0,0
kosmicznispawacze,44,left,322,4,0,0
kosmicznispawacze,44,left,323,4,0,0
kosmicznispawacze,44,left,324,4,0,0
kosmicznispawacze,44,left,325,4,0,0
kosmicznispawacze,44,left,326,4,0,0
kosmicznispawacze,44,left,327,4,0,0
kosmicznispawacze,44,left,328,4,0,0
kosmicznispawacze,44,left,329,4,0,0
kosmicznispawacze,44,left,330,4,0,0
kosmicznispawacze,44,left,331,4,0,0
kosmicznispawacze,44,left,332,4,0,0
kosmicznispawacze,44,left,333,4,0,0
kosmicznispawacze,44,left,334,4,0,0
kosmicznispawacze,44,left,335,4,0,0
kosmicznispawacze,44,left,336,4,0,0
kosmicznispawacze,44,left,337,4,0,0
kosmicznispawacze,44,left,338,4,0,0
kosmicznispawacze,44,left,339,4,0,0
kosmicznispawacze,44,left,340,4,0,0
kosmicznispawacze,44,left,341,4,0,0
kosmicznispawacze,44,left,342,4,0,0
kosmicznispawacze,44,left,343,4,0,0
kosmicznispawacze,44,left,344,4,0,0
kosmicznispawacze,44,left,345,4,0,0
kosmicznispawacze,44,left,346,4,0,0
kosmicznispawacze,44,left,347,4,0,0
kosmicznispawacze,44,left,348,4,0,0
kosmicznispawacze,44,left,349,4,0,0
kosmicznispawacze,44,left,350,4,0,0
kosmicznispawacze,44,left,351,4,0,0
kosmicznispawacze,44,left,352,4,0,0
kosmicznispawacze,44,left,353,4,0,0
kosmicznispawacze,44,left,354,4,0,0
kosmicznispawacze,44,left,355,4,0,0
kosmicznispawacze,44,left,356,4,0,0
kosmicznispawacze,44,left,357,4,0,0
kosmicznispawacze,44,left,358,4,0,0
kosmicznispawacze,44,left,359,4,0,0
kosmicznispawacze,44,left,360,4,0,0
kosmicznispawacze,44,left,361,4,0,0
kosmicznispawacze,44,left,362,4,0,0
kosmicznispawacze,44,left,363,4,0,0
kosmicznispawacze,44,left,364,4,0,0
kosmicznispawacze,44,left,365,4,0,0
kosmicznispawacze,44,left,366,4,0,0
kosmicznispawacze,44,left,367,4,0,0
kosmicznispawacze,44,left,368,4,0,0
kosmicznispawacze,44,left,369,4,0,0
kosmicznispawacze,44,left,370,4,0,0
kosmicznispawacze,44,left,371,4,0,0
kosmicznispawacze,44,left,372,4,0,0
kosmicznispawacze,44,left,373,4,0,0
kosmicznispawacze,44,left,374,4,0,0
kosmicznispawacze,44,left,375,4,0,0
kosmicznispawacze,44,left,376,4,0,0
kosmicznispawacze,44,left,377,4,0,0
kosmicznispawacze,44,left,378,4,0,0
kosmicznispawacze,44,left,379,4,0,0
kosmicznispawacze,44,left,380,4,0,0
kosmicznispawacze,44,left,381,4,0,0
kosmicznispawacze,44,left,382,4,0,0
kosmicznispawacze,44,left,383,4,0,0
kosmicznispawacze,44,left,384,4,0,0
kosmicznispawacze,44,left,385,4,0,0
kosmicznispawacze,44,left,386,4,0,0
kosmicznispawacze,44,left,387,4,0,0
kosmicznispawacze,44,left,388,4,0,0
kosmicznispawacze,44,left,389,4,0,0
kosmicznispawacze,44,left,390,4,0,0
kosmicznispawacze,44,left,391,4,0,0
kosmicznispawacze,44,left,392,4,0,0
kosmicznispawacze,44,left,393,4,0,0
kosmicznispawacze,44,left,394,4,0,0
kosmicznispawacze,44,left,395,4,0,0
kosmicznispawacze,44,left,396,4,0,0
kosmicznispawacze,44,left,397,4,0,0
kosmicznispawacze,44,left,398,4,0,0
kosmicznispawacze,44,left,399,4,0,0
kosmicznispawacze,44,left,400,4,0,0
kosmicznispawacze,44,left,401,4,0,0
kosmicznispawacze,44,left,402,4,0,0
kosmicznispawacze,44,left,403,4,0,0
kosmicznispawacze,44,left,404,4,0,0
kosmicznispawacze,44,left,405,4,0,0
kosmicznispawacze,44,left,406,4,0,0
kosmicznispawacze,44,left,407,4,0,0
kosmicznispawacze,44,left,408,4,0,0
kosmicznispawacze,44,left,409,4,0,0
kosmicznispawacze,44,left,410,4,0,0
kosmicznispawacze,44,left,411,4,0,0
kosmicznispawacze,44,left,412,4,0,0
kosmicznispawacze,44,left,413,4,0,0
kosmicznispawacze,44,left,414,4,0,0
kosmicznispawacze,44,left,415,4,0,0
kosmicznispawacze,44,left,416,4,0,0
kosmicznispawacze,44,left,417,4,0,0
kosmicznispawacze,44,left,418,4,0,0
kosmicznispawacze,44,left,419,4,0,0
kosmicznispawacze,44,left,420,4,0,0
kosmicznispawacze,44,left,421,4,0,0
kosmicznispawacze,44,left,422,4,0,0
kosmicznispawacze,44,left,423,4,0,0
kosmicznispawacze,44,left,424,4,0,0
kosmicznispawacze,44,left,425,4,0,0
kosmicznispawacze,44,left,426,4,0,0
kosmicznispawacze,44,left,427,4,0,0
kosmicznispawacze,44,left,428,4,0,0
kosmicznispawacze,44,left,429,4,0,0
kosmicznispawacze,44,left,430,4,0,0
kosmicznispawacze,44,left,431,4,0,0
kosmicznispawacze,44,left,432,4,0,0
kosmicznispawacze,44,left,433,4,0,0
kosmicznispawacze,44,left,434,4,0,0
kosmicznispawacze,44,left,435,4,0,0
kosmicznispawacze,44,left,436,4,0,0
kosmicznispawacze,44,left,437,4,0,0
kosmicznispawacze,44,left,438,4,0,0
kosmicznispawacze,44,left,439,4,0,0
kosmicznispawacze,44,left,440,4,0,0
kosmicznispawacze,44,left,441,4,0,0
kosmicznispawacze,44,left,442,4,0,0
kosmicznispawacze,44,left,443,4,0,0
kosmicznispawacze,44,left,444,4,0,0
kosmicznispawacze,44,left,445,4,0,0
kosmicznispawacze,44,left,446,4,0,0
kosmicznispawacze,44,left,447,4,0,0
kosmicznispawacze,44,left,448,4,0,0
kosmicznispawacze,44,left,449,4,0,0
kosmicznispawacze,44,left,450,4,0,0
kosmicznispawacze,44,left,451,4,0,0
kosmicznispawacze,44,left,452,4,0,0
kosmicznispawacze,44,left,453,4,0,0
kosmicznispawacze,44,left,454,4,0,0
kosmicznispawacze,44,left,455,4,0,0
kosmicznispawacze,44,left,456,4,0,0
kosmicznispawacze,44,left,457,4,0,0
kosmicznispawacze,44,left,458,4,0,0
kosmicznispawacze,44,left,459,4,0,0
kosmicznispawacze,44,left,460,4,0,0
kosmicznispawacze,44,left,461,4,0,0
kosmicznispawacze,44,left,462,4,0,0
kosmicznispawacze,44,left,463,4,0,0
kosmicznispawacze,44,left,464,4,0,0
kosmicznispawacze,44,left,465,4,0,0
kosmicznispawacze,44,left,466,4,0,0
kosmicznispawacze,44,left,467,4,0,0
kosmicznispawacze,44,left,468,4,0,0
kosmicznispawacze,44,left,469,4,0,0
kosmicznispawacze,44,left,470,4,0,0
kosmicznispawacze,44,left,471,4,0,0
kosmicznispawacze,44,left,472,4,0,0
kosmicznispawacze,44,left,473,4,0,0
kosmicznispawacze,44,left,474,4,0,0
kosmicznispawacze,44,left,475,4,0,0
kosmicznispawacze,44,left,476,4,0,0
kosmicznispawacze,44,left,477,4,0,0
kosmicznispawacze,44,left,478,4,0,0
kosmicznispawacze,44,left,479,4,0,0
kosmicznispawacze,44,left,480,4,0,0
kosmicznispawacze,44,left,481,4,0,0
kosmicznispawacze,44,left,482,4,0,0
kosmicznispawacze,44,left,483,4,0,0
kosmicznispawacze,44,left,484,4,0,0
kosmicznispawacze,44,left,485,4,0,0
kosmicznispawacze,44,left,486,4,0,0
kosmicznispawacze,44,left,487,4,0,0
kosmicznispawacze,44,left,488,4,0,0
kosmicznispawacze,44,left,489,4,0,0
kosmicznispawacze,44,left,490,4,0,0
kosmicznispawacze,44,left,491,4,0,0
kosmicznispawacze,44,left,492,4,0,0
kosmicznispawacze,44,left,493,4,0,0
kosmicznispawacze,44,left,494,4,0,0
kosmicznispawacze,44,left,495,4,0,0
kosmicznispawacze,44,left,496,4,0,0
kosmicznispawacze,44,left,497,4,0,0
kosmicznispawacze,44,left,498,4,0,0
kosmicznispawacze,44,left,499,4,0,0
kosmicznispawacze,44,left,500,4,0,0
kosmicznispawacze,44,left,501,4,0,0
kosmicznispawacze,44,left,502,4,0,0
kosmicznispawacze,44,left,503,4,0,0
kosmicznispawacze,44,left,504,4,0,0
kosmicznispawacze,44,left,505,4,0,0
kosmicznispawacze,44,left,506,4,0,0
kosmicznispawacze,44,left,507,4,0,0
kosmicznispawacze,44,left,508,4,0,0
kosmicznispawacze,44,left,509,4,0,0
kosmicznispawacze,44,left,510,4,0,0
kosmicznispawacze,44,left,511,4,0,0
kosmicznispawacze,44,left,512,4,0,0
kosmicznispawacze,44,left,513,4,0,0
kosmicznispawacze,44,left,514,4,0,0
kosmicznispawacze,44,left,515,4,0,0
kosmicznispawacze,44,left,516,4,0,0
kosmicznispawacze,44,left,517,4,0,0
kosmicznispawacze,44,left,518,4,0,0
kosmicznispawacze,44,left,519,4,0,0
kosmicznispawacze,44,left,520,4,0,0
kosmicznispawacze,44,left,521,4,0,0
kosmicznispawacze,44,left,522,4,0,0
kosmicznispawacze,44,left,523,5,0,0
kosmicznispawacze,44,left,524,5,0,0
kosmicznispawacze,44,left,525,5,0,0
kosmicznispawacze,44,left,526,5,0,0
kosmicznispawacze,44,left,527,5,0,0
kosmicznispawacze,44,left,528,5,0,0
kosmicznispawacze,44,left,529,5,0,0
kosmicznispawacze,44,left,530,5,0,0
kosmicznispawacze,44,left,531,5,0,0
kosmicznispawacze,44,left,532,5,0,0
kosmicznispawacze,44,left,533,5,0,0
kosmicznispawacze,44,left,534,5,0,0
kosmicznispawacze,44,left,535,5,0,0
kosmicznispawacze,44,left,536,5,0,0
kosmicznispawacze,44,left,537,5,0,0
kosmicznispawacze,44,left,538,5,0,0
kosmicznispawacze,44,left,539,5,0,0
kosmicznispawacze,44,left,540,5,0,0
kosmicznispawacze,44,left,541,5,0,0
kosmicznispawacze,44,left,542,5,0,0
kosmicznispawacze,44,left,543,5,0,0
kosmicznispawacze,44,left,544,5,0,0
kosmicznispawacze,44,left,545,5,0,0
kosmicznispawacze,44,left,546,5,0,0
kosmicznispawacze,44,left,547,5,0,0
kosmicznispawacze,44,left,548,5,0,0
kosmicznispawacze,44,left,549,5,0,0
kosmicznispawacze,44,left,550,5,0,0
kosmicznispawacze,44,left,551,5,0,0
kosmicznispawacze,44,left,552,5,0,0
kosmicznispawacze,44,left,553,5,0,0
kosmicznispawacze,44,left,554,5,0,0
kosmicznispawacze,44,left,555,5,0,0
kosmicznispawacze,44,left,556,5,0,0
kosmicznispawacze,44,left,557,5,0,0
kosmicznispawacze,44,left,558,5,0,0
kosmicznispawacze,44,left,559,5,0,0
kosmicznispawacze,44,left,560,5,0,0
kosmicznispawacze,44,left,561,5,0,0
kosmicznispawacze,44,left,562,5,0,0
kosmicznispawacze,44,left,563,5,0,0
kosmicznispawacze,44,left,564,5,0,0
kosmicznispawacze,44,left,565,5,0,0
kosmicznispawacze,44,left,566,5,0,0
kosmicznispawacze,44,left,567,5,0,0
kosmicznispawacze,44,left,568,5,0,0
kosmicznispawacze,44,left,569,5,0,0
kosmicznispawacze,44,left,570,5,0,0
kosmicznispawacze,44,left,571,5,0,0
kosmicznispawacze,44,left,572,5,0,0
kosmicznispawacze,44,left,573,5,0,0
kosmicznispawacze,44,left,574,5,0,0
kosmicznispawacze,44,left,575,5,0,0
kosmicznispawacze,44,left,576,5,0,0
kosmicznispawacze,44,left,577,5,0,0
kosmicznispawacze,44,left,578,5,0,0
kosmicznispawacze,44,left,579,5,0,0
kosmicznispawacze,44,left,580,5,0,0
kosmicznispawacze,44,left,581,5,0,0
kosmicznispawacze,44,left,582,5,0,0
kosmicznispawacze,44,left,583,5,0,0
kosmicznispawacze,44,left,584,5,0,0
kosmicznispawacze,44,left,585,5,0,0
kosmicznispawacze,44,left,586,5,0,0
kosmicznispawacze,44,left,587,5,0,0
kosmicznispawacze,44,left,588,5,0,0
kosmicznispawacze,44,left,589,5,0,0
kosmicznispawacze,44,left,590,5,0,0
kosmicznispawacze,44,left,591,5,0,0
kosmicznispawacze,44,left,592,5,0,0
kosmicznispawacze,44,left,593,5,0,0
kosmicznispawacze,44,left,594,5,0,0
kosmicznispawacze,44,left,595,5,0,0
kosmicznispawacze,44,left,596,5,0,0
kosmicznispawacze,44,left,597,5,0,0
kosmicznispawacze,44,left,598,5,0,0
kosmicznispawacze,44,left,599,5,0,0
kosmicznispawacze,44,left,600,5,0,0
kosmicznispawacze,44,left,601,5,0,0
kosmicznispawacze,44,left,602,5,0,0
kosmicznispawacze,44,left,603,5,0,0
kosmicznispawacze,44,left,604,5,0,0
kosmicznispawacze,44,left,605,5,0,0
kosmicznispawacze,44,left,606,5,0,0
kosmicznispawacze,44,left,607,5,0,0
kosmicznispawacze,44,left,608,5,0,0
kosmicznispawacze,44,left,609,5,0,0
kosmicznispawacze,44,left,610,5,0,0
kosmicznispawacze,44,left,611,5,0,0
kosmicznispawacze,44,left,612,5,0,0
kosmicznispawacze,44,left,613,5,0,0
kosmicznispawacze,44,left,614,5,0,0
kosmicznispawacze,44,left,615,5,0,0
kosmicznispawacze,44,left,616,5,0,0
kosmicznispawacze,44,left,617,5,0,0
kosmicznispawacze,44,left,618,5,0,0
kosmicznispawacze,44,left,619,5,0,0
kosmicznispawacze,44,left,620,5,0,0
kosmicznispawacze,44,left,621,5,0,0
kosmicznispawacze,44,left,622,5,0,0
kosmicznispawacze,44,left,623,5,0,0
kosmicznispawacze,44,left,624,5,0,0
kosmicznispawacze,44,left,625,5,0,0
kosmicznispawacze,44,left,626,5,0,0
kosmicznispawacze,44,left,627,5,0,0
kosmicznispawacze,44,left,628,5,0,0
kosmicznispawacze,44,left,629,5,0,0
kosmicznispawacze,44,left,630,5,0,0
kosmicznispawacze,44,left,631,5,0,0
kosmicznispawacze,44,left,632,5,0,0
kosmicznispawacze,44,left,633,5,0,0
kosmicznispawacze,44,left,634,5,0,0
kosmicznispawacze,44,left,635,5,0,0
kosmicznispawacze,44,left,636,5,0,0
kosmicznispawacze,44,left,637,5,0,0
kosmicznispawacze,44,left,638,5,0,0
kosmicznispawacze,44,left,639,5,0,0
kosmicznispawacze,44,left,640,5,0,0
kosmicznispawacze,44,left,641,5,0,0
kosmicznispawacze,44,left,642,5,0,0
kosmicznispawacze,44,left,643,5,0,0
kosmicznispawacze,44,left,644,5,0,0
kosmicznispawacze,44,left,645,5,0,0
kosmicznispawacze,44,left,646,5,0,0
kosmicznispawacze,44,left,647,5,0,0
kosmicznispawacze,44,left,648,5,0,0
kosmicznispawacze,44,left,649,5,0,0
kosmicznispawacze,44,left,650,5,0,0
kosmicznispawacze,44,left,651,5,0,0
kosmicznispawacze,44,left,652,5,0,0
kosmicznispawacze,44,left,653,5,0,0
kosmicznispawacze,44,left,654,5,0,0
kosmicznispawacze,44,left,655,5,0,0
kosmicznispawacze,44,left,656,5,0,0
kosmicznispawacze,44,left,657,5,0,0
kosmicznispawacze,44,left,658,5,0,0
kosmicznispawacze,44,left,659,5,0,0
kosmicznispawacze,44,left,660,5,0,0
kosmicznispawacze,44,left,661,5,0,0
kosmicznispawacze,44,left,662,5,0,0
kosmicznispawacze,44,left,663,5,0,0
kosmicznispawacze,44,left,664,5,0,0
kosmicznispawacze,44,left,665,5,0,0
kosmicznispawacze,44,left,666,5,0,0
kosmicznispawacze,44,left,667,5,0,0
kosmicznispawacze,44,left,668,6,0,0
kosmicznispawacze,44,left,669,6,0,0
kosmicznispawacze,44,left,670,6,0,0
kosmicznispawacze,44,left,671,6,0,0
kosmicznispawacze,44,left,672,6,0,0
kosmicznispawacze,44,left,673,6,0,0
kosmicznispawacze,44,left,674,6,0,0
kosmicznispawacze,44,left,675,6,0,0
kosmicznispawacze,44,left,676,6,0,0
kosmicznispawacze,44,left,677,6,0,0
kosmicznispawacze,44,left,678,6,0,0
kosmicznispawacze,44,left,679,6,0,0
kosmicznispawacze,44,left,680,6,0,0
kosmicznispawacze,44,left,681,6,0,0
kosmicznispawacze,44,left,682,6,0,0
kosmicznispawacze,44,left,683,6,0,0
kosmicznispawacze,44,left,684,6,0,0
kosmicznispawacze,44,left,685,6,0,0
kosmicznispawacze,44,left,686,6,0,0
kosmicznispawacze,44,left,687,6,0,0
kosmicznispawacze,44,left,688,6,0,0
kosmicznispawacze,44,left,689,6,0,0
kosmicznispawacze,44,left,690,6,0,0
kosmicznispawacze,44,left,691,6,0,0
kosmicznispawacze,44,left,692,6,0,0
kosmicznispawacze,44,left,693,6,0,0
kosmicznispawacze,44,left,694,6,0,0
kosmicznispawacze,44,left,695,6,0,0
kosmicznispawacze,44,left,696,6,0,0
kosmicznispawacze,44,left,697,6,0,0
kosmicznispawacze,44,left,698,6,0,0
kosmicznispawacze,44,left,699,6,0,0
kosmicznispawacze,44,left,700,6,0,0
kosmicznispawacze,44,left,701,6,0,0
kosmicznispawacze,44,left,702,6,0,0
kosmicznispawacze,44,left,703,6,0,0
kosmicznispawacze,44,left,704,6,0,0
kosmicznispawacze,44,left,705,6,0,0
kosmicznispawacze,44,left,706,6,0,0
kosmicznispawacze,44,left,707,6,0,0
kosmicznispawacze,44,left,708,6,0,0
kosmicznispawacze,44,left,709,6,0,0
kosmicznispawacze,44,left,710,6,0,0
kosmicznispawacze,44,left,711,6,0,0
kosmicznispawacze,44,left,712,6,0,0
kosmicznispawacze,44,left,713,6,0,0
kosmicznispawacze,44,left,714,6,0,0
kosmicznispawacze,44,left,715,6,0,0
kosmicznispawacze,44,left,716,6,0,0
kosmicznispawacze,44,left,717,6,0,0
kosmicznispawacze,44,left,718,6,0,0
kosmicznispawacze,44,left,719,6,0,0
kosmicznispawacze,44,left,720,6,0,0
kosmicznispawacze,44,left,721,6,0,0
kosmicznispawacze,44,left,722,6,0,0
kosmicznispawacze,44,left,723,6,0,0
kosmicznispawacze,44,left,724,6,0,0
kosmicznispawacze,44,left,725,6,0,0
kosmicznispawacze,44,left,726,6,0,0
kosmicznispawacze,44,left,727,6,0,0
kosmicznispawacze,44,left,728,6,0,0
kosmicznispawacze,44,left,729,6,0,0
kosmicznispawacze,44,left,730,6,0,0
kosmicznispawacze,44,left,731,6,0,0
kosmicznispawacze,44,left,732,6,0,0
kosmicznispawacze,44,left,733,6,0,0
kosmicznispawacze,44,left,734,6,0,0
kosmicznispawacze,44,left,735,6,0,0
kosmicznispawacze,44,left,736,6,0,0
kosmicznispawacze,44,left,737,6,0,0
kosmicznispawacze,44,left,738,6,0,0
kosmicznispawacze,44,left,739,6,0,0
kosmicznispawacze,44,left,740,6,0,0
kosmicznispawacze,44,left,741,6,0,0
kosmicznispawacze,44,left,742,6,0,0
kosmicznispawacze,44,left,743,6,0,0
kosmicznispawacze,44,left,744,6,0,0
kosmicznispawacze,44,left,745,6,0,0
kosmicznispawacze,44,left,746,6,0,0
kosmicznispawacze,44,left,747,6,0,0
kosmicznispawacze,44,left,748,6,0,0
kosmicznispawacze,44,left,749,6,0,0
kosmicznispawacze,44,left,750,6,0,0
kosmicznispawacze,44,left,751,6,0,0
kosmicznispawacze,44,left,752,6,0,0
kosmicznispawacze,44,left,753,6,0,0
kosmicznispawacze,44,left,754,6,0,0
kosmicznispawacze,44,left,755,6,0,0
kosmicznispawacze,44,left,756,6,0,0
kosmicznispawacze,44,left,757,6,0,0
kosmicznispawacze,44,left,758,6,0,0
kosmicznispawacze,44,left,759,6,0,0
kosmicznispawacze,44,left,760,6,0,0
kosmicznispawacze,44,left,761,6,0,0
kosmicznispawacze,44,left,762,6,0,0
kosmicznispawacze,44,left,763,6,0,0
kosmicznispawacze,44,left,764,6,0,0
kosmicznispawacze,44,left,765,6,0,0
kosmicznispawacze,44,left,766,6,0,0
kosmicznispawacze,44,left,767,6,0,0
kosmicznispawacze,44,left,768,6,0,0
kosmicznispawacze,44,left,769,6,0,0
kosmicznispawacze,44,left,770,6,0,0
kosmicznispawacze,44,left,771,6,0,0
kosmicznispawacze,44,left,772,6,0,0
kosmicznispawacze,44,left,773,6,0,0
kosmicznispawacze,44,left,774,6,0,0
kosmicznispawacze,44,left,775,6,0,0
kosmicznispawacze,44,left,776,6,0,0
kosmicznispawacze,44,left,777,6,0,0
kosmicznispawacze,44,left,778,6,0,0
kosmicznispawacze,44,left,779,6,0,0
kosmicznispawacze,44,left,780,6,0,0
kosmicznispawacze,44,left,781,6,0,0
kosmicznispawacze,44,left,782,6,0,0
kosmicznispawacze,44,left,783,6,0,0
kosmicznispawacze,44,left,784,6,0,0
kosmicznispawacze,44,left,785,6,0,0
kosmicznispawacze,44,left,786,6,0,0
kosmicznispawacze,44,left,787,6,0,0
kosmicznispawacze,44,left,788,6,0,0
kosmicznispawacze,44,left,789,6,0,0
kosmicznispawacze,44,left,790,6,0,0
kosmicznispawacze,44,left,791,6,0,0
kosmicznispawacze,44,left,792,6,0,0
kosmicznispawacze,44,left,793,6,0,0
kosmicznispawacze,44,left,794,6,0,0
kosmicznispawacze,44,left,795,6,0,0
kosmicznispawacze,44,left,796,6,0,0
kosmicznispawacze,44,left,797,6,0,0
kosmicznispawacze,44,left,798,6,0,0
kosmicznispawacze,44,left,799,6,0,0
kosmicznispawacze,44,left,800,6,0,0
kosmicznispawacze,44,left,801,6,0,0
kosmicznispawacze,44,left,802,6,0,0
kosmicznispawacze,44,left,803,6,0,0
kosmicznispawacze,44,left,804,6,0,0
kosmicznispawacze,44,left,805,6,0,0
kosmicznispawacze,44,left,806,6,0,0
kosmicznispawacze,44,left,807,6,0,0
kosmicznispawacze,44,left,808,6,0,0
kosmicznispawacze,44,left,809,6,0,0
kosmicznispawacze,44,left,810,6,0,0
kosmicznispawacze,44,left,811,6,0,0
kosmicznispawacze,44,left,812,6,0,0
kosmicznispawacze,44,left,813,6,0,0
kosmicznispawacze,44,left,814,6,0,0
kosmicznispawacze,44,left,815,6,0,0
kosmicznispawacze,44,left,816,6,0,0
kosmicznispawacze,44,left,817,6,0,0
kosmicznispawacze,44,left,818,6,0,0
kosmicznispawacze,44,left,819,6,0,0
kosmicznispawacze,44,left,820,6,0,0
kosmicznispawacze,44,left,821,6,0,0
kosmicznispawacze,44,left,822,6,0,0
kosmicznispawacze,44,left,823,7,0,0
kosmicznispawacze,44,left,824,7,0,0
kosmicznispawacze,44,left,825,7,0,0
kosmicznispawacze,44,left,826,7,0,0
kosmicznispawacze,44,left,827,7,0,0
kosmicznispawacze,44,left,828,7,0,0
kosmicznispawacze,44,left,829,7,0,0
kosmicznispawacze,44,left,830,7,0,0
kosmicznispawacze,44,left,831,7,0,0
kosmicznispawacze,44,left,832,7,0,0
kosmicznispawacze,44,left,833,7,0,0
kosmicznispawacze,44,left,834,7,0,0
kosmicznispawacze,44,left,835,7,0,0
kosmicznispawacze,44,left,836,7,0,0
kosmicznispawacze,44,left,837,7,0,0
kosmicznispawacze,44,left,838,7,0,0
kosmicznispawacze,44,left,839,7,0,0
kosmicznispawacze,44,left,840,7,0,0
kosmicznispawacze,44,left,841,7,0,0
kosmicznispawacze,44,left,842,7,0,0
kosmicznispawacze,44,left,843,7,0,0
kosmicznispawacze,44,left,844,7,0,0
kosmicznispawacze,44,left,845,7,0,0
kosmicznispawacze,44,left,846,7,0,0
kosmicznispawacze,44,left,847,7,0,0
kosmicznispawacze,44,left,848,7,0,0
kosmicznispawacze,44,left,849,7,0,0
kosmicznispawacze,44,left,850,7,0,0
kosmicznispawacze,44,left,851,7,0,0
kosmicznispawacze,44,left,852,7,0,0
kosmicznispawacze,44,left,853,7,0,0
kosmicznispawacze,44,left,854,7,0,0
kosmicznispawacze,44,left,855,7,0,0
kosmicznispawacze,44,left,856,7,0,0
kosmicznispawacze,44,left,857,7,0,0
kosmicznispawacze,44,left,858,7,0,0
kosmicznispawacze,44,left,859,7,0,0
kosmicznispawacze,44,left,860,7,0,0
kosmicznispawacze,44,left,861,7,0,0
kosmicznispawacze,44,left,862,7,0,0
kosmicznispawacze,44,left,863,7,0,0
kosmicznispawacze,44,left,864,7,0,0
kosmicznispawacze,44,left,865,7,0,0
kosmicznispawacze,44,left,866,7,0,0
kosmicznispawacze,44,left,867,7,0,0
kosmicznispawacze,44,left,868,7,0,0
kosmicznispawacze,44,left,869,7,0,0
kosmicznispawacze,44,left,870,7,0,0
kosmicznispawacze,44,left,871,7,0,0
kosmicznispawacze,44,left,872,7,0,0
kosmicznispawacze,44,left,873,7,0,0
kosmicznispawacze,44,left,874,7,0,0
kosmicznispawacze,44,left,875,7,0,0
kosmicznispawacze,44,left,876,7,0,0
kosmicznispawacze,44,left,877,7,0,0
kosmicznispawacze,44,left,878,7,0,0
kosmicznispawacze,44,left,879,7,0,0
kosmicznispawacze,44,left,880,7,0,0
kosmicznispawacze,44,left,881,7,0,0
kosmicznispawacze,44,left,882,7,0,0
kosmicznispawacze,44,left,883,7,0,0
kosmicznispawacze,44,left,884,7,0,0
kosmicznispawacze,44,left,885,7,0,0
kosmicznispawacze,44,left,886,7,0,0
kosmicznispawacze,44,left,887,7,0,0
kosmicznispawacze,44,left,888,7,0,0
kosmicznispawacze,44,left,889,7,0,0
kosmicznispawacze,44,left,890,7,0,0
kosmicznispawacze,44,left,891,7,0,0
kosmicznispawacze,44,left,892,7,0,0
kosmicznispawacze,44,left,893,7,0,0
kosmicznispawacze,44,left,894,7,0,0
kosmicznispawacze,44,left,895,7,0,0
kosmicznispawacze,44,left,896,7,0,0
kosmicznispawacze,44,left,897,7,0,0
kosmicznispawacze,44,left,898,7,0,0
kosmicznispawacze,44,left,899,7,0,0
kosmicznispawacze,44,left,900,7,0,0
kosmicznispawacze,44,left,901,7,0,0
kosmicznispawacze,44,left,902,7,0,0
kosmicznispawacze,44,left,903,7,0,0
kosmicznispawacze,44,left,904,7,0,0
kosmicznispawacze,44,left,905,7,0,0
kosmicznispawacze,44,left,906,7,0,0
kosmicznispawacze,44,left,907,7,0,0
kosmicznispawacze,44,left,908,7,0,0
kosmicznispawacze,44,left,909,7,0,0
kosmicznispawacze,44,left,910,7,0,0
kosmicznispawacze,44,left,911,7,0,0
kosmicznispawacze,44,left,912,7,0,0
kosmicznispawacze,44,left,913,7,0,0
kosmicznispawacze,44,left,914,7,0,0
kosmicznispawacze,44,left,915,7,0,0
kosmicznispawacze,44,left,916,7,0,0
kosmicznispawacze,44,left,917,7,0,0
kosmicznispawacze,44,left,918,7,0,0
kosmicznispawacze,44,left,919,7,0,0
kosmicznispawacze,44,left,920,7,0,0
kosmicznispawacze,44,left,921,7,0,0
kosmicznispawacze,44,left,922,7,0,0
kosmicznispawacze,44,left,923,7,0,0
kosmicznispawacze,44,left,924,7,0,0
kosmicznispawacze,44,left,925,7,0,0
kosmicznispawacze,44,left,926,7,0,0
kosmicznispawacze,44,left,927,7,0,0
kosmicznispawacze,44,left,928,7,0,0
kosmicznispawacze,44,left,929,7,0,0
kosmicznispawacze,44,left,930,7,0,0
kosmicznispawacze,44,left,931,7,0,0
kosmicznispawacze,44,left,932,7,0,0
kosmicznispawacze,44,left,933,7,0,0
kosmicznispawacze,44,left,934,7,0,0
kosmicznispawacze,44,left,935,7,0,0
kosmicznispawacze,44,left,936,7,0,0
kosmicznispawacze,44,left,937,7,0,0
kosmicznispawacze,44,left,938,7,0,0
kosmicznispawacze,44,left,939,7,0,0
kosmicznispawacze,44,left,940,7,0,0
kosmicznispawacze,44,left,941,7,0,0
kosmicznispawacze,44,left,942,7,0,0
kosmicznispawacze,44,left,943,7,0,0
kosmicznispawacze,44,left,944,7,0,0
kosmicznispawacze,44,left,945,7,0,0
kosmicznispawacze,44,left,946,7,0,0
kosmicznispawacze,44,left,947,7,0,0
kosmicznispawacze,44,left,948,8,0,0
kosmicznispawacze,44,left,949,8,0,0
kosmicznispawacze,44,left,950,8,0,0
kosmicznispawacze,44,left,951,8,0,0
kosmicznispawacze,44,left,952,8,0,0