team_name,train_number,left_right,frame_number,wagon,uic_0_1,uic_label
kosmicznispawacze,20,right,0,0,locomotive,0
kosmicznispawacze,20,right,1,0,locomotive,0
kosmicznispawacze,20,right,2,0,locomotive,0
kosmicznispawacze,20,right,3,0,locomotive,0
kosmicznispawacze,20,right,4,1,0,0
kosmicznispawacze,20,right,5,1,0,0
kosmicznispawacze,20,right,6,1,0,0
kosmicznispawacze,20,right,7,1,0,0
kosmicznispawacze,20,right,8,1,0,0
kosmicznispawacze,20,right,9,2,0,0
kosmicznispawacze,20,right,10,2,0,0
kosmicznispawacze,20,right,11,2,0,0
kosmicznispawacze,20,right,12,2,0,0
kosmicznispawacze,20,right,13,2,0,0
kosmicznispawacze,20,right,14,2,0,0
kosmicznispawacze,20,right,15,2,0,0
kosmicznispawacze,20,right,16,2,0,0
kosmicznispawacze,20,right,17,2,0,0
kosmicznispawacze,20,right,18,2,0,0
kosmicznispawacze,20,right,19,2,0,0
kosmicznispawacze,20,right,20,2,0,0
kosmicznispawacze,20,right,21,2,0,0
kosmicznispawacze,20,right,22,2,0,0
kosmicznispawacze,20,right,23,2,0,0
kosmicznispawacze,20,right,24,2,0,0
kosmicznispawacze,20,right,25,2,0,0
kosmicznispawacze,20,right,26,2,0,0
kosmicznispawacze,20,right,27,2,0,0
kosmicznispawacze,20,right,28,3,0,0
kosmicznispawacze,20,right,29,3,0,0
kosmicznispawacze,20,right,30,3,0,0
kosmicznispawacze,20,right,31,3,0,0
kosmicznispawacze,20,right,32,3,0,0
kosmicznispawacze,20,right,33,3,0,0
kosmicznispawacze,20,right,34,3,0,0
kosmicznispawacze,20,right,35,3,0,0
kosmicznispawacze,20,right,36,3,0,0
kosmicznispawacze,20,right,37,3,0,0
kosmicznispawacze,20,right,38,3,0,0
kosmicznispawacze,20,right,39,3,0,0
kosmicznispawacze,20,right,40,3,0,0
kosmicznispawacze,20,right,41,3,0,0
kosmicznispawacze,20,right,42,3,0,0
kosmicznispawacze,20,right,43,3,0,0
kosmicznispawacze,20,right,44,3,0,0
kosmicznispawacze,20,right,45,3,0,0
kosmicznispawacze,20,right,46,3,0,0
kosmicznispawacze,20,right,47,3,0,0
kosmicznispawacze,20,right,48,3,0,0
kosmicznispawacze,20,right,49,3,0,0
kosmicznispawacze,20,right,50,3,0,0
kosmicznispawacze,20,right,51,3,0,0
kosmicznispawacze,20,right,52,4,0,0
kosmicznispawacze,20,right,53,4,0,0
kosmicznispawacze,20,right,54,4,0,0
kosmicznispawacze,20,right,55,4,0,0
kosmicznispawacze,20,right,56,4,0,0
kosmicznispawacze,20,right,57,4,0,0
kosmicznispawacze,20,right,58,4,0,0
kosmicznispawacze,20,right,59,4,0,0
kosmicznispawacze,20,right,60,4,0,0
kosmicznispawacze,20,right,61,4,0,0
kosmicznispawacze,20,right,62,4,0,0
kosmicznispawacze,20,right,63,4,0,0
kosmicznispawacze,20,right,64,4,0,0
kosmicznispawacze,20,right,65,4,0,0
kosmicznispawacze,20,right,66,4,0,0
kosmicznispawacze,20,right,67,4,0,0
kosmicznispawacze,20,right,68,4,0,0
kosmicznispawacze,20,right,69,4,0,0
kosmicznispawacze,20,right,70,4,0,0
kosmicznispawacze,20,right,71,4,0,0
kosmicznispawacze,20,right,72,4,0,0
kosmicznispawacze,20,right,73,4,0,0
kosmicznispawacze,20,right,74,4,0,0
kosmicznispawacze,20,right,75,4,0,0
kosmicznispawacze,20,right,76,4,0,0
kosmicznispawacze,20,right,77,5,0,0
kosmicznispawacze,20,right,78,5,0,0
kosmicznispawacze,20,right,79,5,0,0
kosmicznispawacze,20,right,80,5,0,0
kosmicznispawacze,20,right,81,5,0,0
kosmicznispawacze,20,right,82,5,0,0
kosmicznispawacze,20,right,83,5,0,0
kosmicznispawacze,20,right,84,5,0,0
kosmicznispawacze,20,right,85,5,0,0
kosmicznispawacze,20,right,86,5,0,0
kosmicznispawacze,20,right,87,5,0,0
kosmicznispawacze,20,right,88,5,0,0
kosmicznispawacze,20,right,89,5,0,0
kosmicznispawacze,20,right,90,5,0,0
kosmicznispawacze,20,right,91,5,0,0
kosmicznispawacze,20,right,92,5,0,0
kosmicznispawacze,20,right,93,5,0,0
kosmicznispawacze,20,right,94,5,0,0
kosmicznispawacze,20,right,95,5,0,0
kosmicznispawacze,20,right,96,5,0,0
kosmicznispawacze,20,right,97,5,0,0
kosmicznispawacze,20,right,98,5,0,0
kosmicznispawacze,20,right,99,5,0,0
kosmicznispawacze,20,right,100,5,0,0
kosmicznispawacze,20,right,101,6,0,0
kosmicznispawacze,20,right,102,6,0,0
kosmicznispawacze,20,right,103,6,0,0
kosmicznispawacze,20,right,104,6,0,0
kosmicznispawacze,20,right,105,6,0,0
kosmicznispawacze,20,right,106,6,0,0
kosmicznispawacze,20,right,107,6,0,0
kosmicznispawacze,20,right,108,6,0,0
kosmicznispawacze,20,right,109,6,0,0
kosmicznispawacze,20,right,110,6,0,0
kosmicznispawacze,20,right,111,6,0,0
kosmicznispawacze,20,right,112,6,0,0
kosmicznispawacze,20,right,113,6,0,0
kosmicznispawacze,20,right,114,6,0,0
kosmicznispawacze,20,right,115,6,0,0
kosmicznispawacze,20,right,116,6,0,0
kosmicznispawacze,20,right,117,6,0,0
kosmicznispawacze,20,right,118,6,0,0
kosmicznispawacze,20,right,119,6,0,0
kosmicznispawacze,20,right,120,6,0,0
kosmicznispawacze,20,right,121,6,0,0
kosmicznispawacze,20,right,122,6,0,0
kosmicznispawacze,20,right,123,6,0,0
kosmicznispawacze,20,right,124,6,0,0
kosmicznispawacze,20,right,125,6,0,0
kosmicznispawacze,20,right,126,7,0,0
kosmicznispawacze,20,right,127,7,0,0
kosmicznispawacze,20,right,128,8,0,0
kosmicznispawacze,20,right,129,8,0,0
kosmicznispawacze,20,right,130,8,0,0
kosmicznispawacze,20,right,131,8,0,0
kosmicznispawacze,20,right,132,8,0,0
kosmicznispawacze,20,right,133,8,0,0
kosmicznispawacze,20,right,134,8,0,0
kosmicznispawacze,20,right,135,8,0,0
kosmicznispawacze,20,right,136,8,0,0
kosmicznispawacze,20,right,137,8,0,0
kosmicznispawacze,20,right,138,8,0,0
kosmicznispawacze,20,right,139,8,0,0
kosmicznispawacze,20,right,140,8,0,0
kosmicznispawacze,20,right,141,8,0,0
kosmicznispawacze,20,right,142,8,0,0
kosmicznispawacze,20,right,143,8,0,0
kosmicznispawacze,20,right,144,8,0,0
kosmicznispawacze,20,right,145,8,0,0
kosmicznispawacze,20,right,146,8,0,0
kosmicznispawacze,20,right,147,8,0,0
kosmicznispawacze,20,right,148,8,0,0
kosmicznispawacze,20,right,149,9,0,0
kosmicznispawacze,20,right,150,9,0,0
kosmicznispawacze,20,right,151,9,0,0
kosmicznispawacze,20,right,152,9,0,0
kosmicznispawacze,20,right,153,9,0,0
kosmicznispawacze,20,right,154,9,0,0
kosmicznispawacze,20,right,155,9,0,0
kosmicznispawacze,20,right,156,9,0,0
kosmicznispawacze,20,right,157,9,0,0
kosmicznispawacze,20,right,158,10,0,0
kosmicznispawacze,20,right,159,10,0,0
kosmicznispawacze,20,right,160,10,0,0
kosmicznispawacze,20,right,161,10,0,0
kosmicznispawacze,20,right,162,10,0,0
kosmicznispawacze,20,right,163,10,0,0
kosmicznispawacze,20,right,164,10,0,0
kosmicznispawacze,20,right,165,10,0,0
kosmicznispawacze,20,right,166,10,0,0
kosmicznispawacze,20,right,167,10,0,0
kosmicznispawacze,20,right,168,10,0,0
kosmicznispawacze,20,right,169,10,0,0
kosmicznispawacze,20,right,170,10,0,0
kosmicznispawacze,20,right,171,10,0,0
kosmicznispawacze,20,right,172,11,0,0
kosmicznispawacze,20,right,173,11,0,0
kosmicznispawacze,20,right,174,11,0,0
kosmicznispawacze,20,right,175,11,0,0
kosmicznispawacze,20,right,176,11,0,0
kosmicznispawacze,20,right,177,11,0,0
kosmicznispawacze,20,right,178,11,0,0
kosmicznispawacze,20,right,179,11,0,0
kosmicznispawacze,20,right,180,11,0,0
kosmicznispawacze,20,right,181,11,0,0
kosmicznispawacze,20,right,182,11,0,0
kosmicznispawacze,20,right,183,11,0,0
kosmicznispawacze,20,right,184,11,0,0
kosmicznispawacze,20,right,185,11,0,0
kosmicznispawacze,20,right,186,11,0,0
kosmicznispawacze,20,right,187,11,0,0
kosmicznispawacze,20,right,188,11,0,0
kosmicznispawacze,20,right,189,11,0,0
kosmicznispawacze,20,right,190,11,0,0
kosmicznispawacze,20,right,191,11,0,0
kosmicznispawacze,20,right,192,11,0,0
kosmicznispawacze,20,right,193,11,0,0
kosmicznispawacze,20,right,194,11,0,0
kosmicznispawacze,20,right,195,11,0,0
kosmicznispawacze,20,right,196,11,0,0
kosmicznispawacze,20,right,197,12,0,0
kosmicznispawacze,20,right,198,12,0,0
kosmicznispawacze,20,right,199,12,0,0
kosmicznispawacze,20,right,200,12,0,0
kosmicznispawacze,20,right,201,12,0,0
kosmicznispawacze,20,right,202,12,0,0
kosmicznispawacze,20,right,203,12,0,0
kosmicznispawacze,20,right,204,12,0,0
kosmicznispawacze,20,right,205,12,0,0
kosmicznispawacze,20,right,206,12,0,0
kosmicznispawacze,20,right,207,12,0,0
kosmicznispawacze,20,right,208,12,0,0
kosmicznispawacze,20,right,209,12,0,0
kosmicznispawacze,20,right,210,12,0,0
kosmicznispawacze,20,right,211,12,0,0
kosmicznispawacze,20,right,212,12,0,0
kosmicznispawacze,20,right,213,12,0,0
kosmicznispawacze,20,right,214,12,0,0
kosmicznispawacze,20,right,215,12,0,0
kosmicznispawacze,20,right,216,12,0,0
kosmicznispawacze,20,right,217,12,0,0
kosmicznispawacze,20,right,218,12,0,0
kosmicznispawacze,20,right,219,12,0,0
kosmicznispawacze,20,right,220,12,0,0
kosmicznispawacze,20,right,221,12,0,0
kosmicznispawacze,20,right,222,13,0,0
kosmicznispawacze,20,right,223,13,0,0
kosmicznispawacze,20,right,224,13,0,0
kosmicznispawacze,20,right,225,13,0,0
kosmicznispawacze,20,right,226,13,0,0
kosmicznispawacze,20,right,227,13,0,0
kosmicznispawacze,20,right,228,13,0,0
kosmicznispawacze,20,right,229,13,0,0
kosmicznispawacze,20,right,230,13,0,0
kosmicznispawacze,20,right,231,13,0,0
kosmicznispawacze,20,right,232,13,0,0
kosmicznispawacze,20,right,233,13,0,0
kosmicznispawacze,20,right,234,13,0,0
kosmicznispawacze,20,right,235,13,0,0
kosmicznispawacze,20,right,236,13,0,0
kosmicznispawacze,20,right,237,13,0,0
kosmicznispawacze,20,right,238,13,0,0
kosmicznispawacze,20,right,239,13,0,0
kosmicznispawacze,20,right,240,13,0,0
kosmicznispawacze,20,right,241,13,0,0
kosmicznispawacze,20,right,242,13,0,0
kosmicznispawacze,20,right,243,13,0,0
kosmicznispawacze,20,right,244,13,0,0
kosmicznispawacze,20,right,245,13,0,0
kosmicznispawacze,20,right,246,13,0,0
kosmicznispawacze,20,right,247,14,0,0
kosmicznispawacze,20,right,248,14,0,0
kosmicznispawacze,20,right,249,14,0,0
kosmicznispawacze,20,right,250,14,0,0
kosmicznispawacze,20,right,251,14,0,0
kosmicznispawacze,20,right,252,14,0,0
kosmicznispawacze,20,right,253,14,0,0
kosmicznispawacze,20,right,254,14,0,0
kosmicznispawacze,20,right,255,14,0,0
kosmicznispawacze,20,right,256,14,0,0
kosmicznispawacze,20,right,257,14,0,0
kosmicznispawacze,20,right,258,14,0,0
kosmicznispawacze,20,right,259,14,0,0
kosmicznispawacze,20,right,260,14,0,0
kosmicznispawacze,20,right,261,14,0,0
kosmicznispawacze,20,right,262,14,0,0
kosmicznispawacze,20,right,263,14,0,0
kosmicznispawacze,20,right,264,14,0,0
kosmicznispawacze,20,right,265,14,0,0
kosmicznispawacze,20,right,266,14,0,0
kosmicznispawacze,20,right,267,14,0,0
kosmicznispawacze,20,right,268,14,0,0
kosmicznispawacze,20,right,269,14,0,0
kosmicznispawacze,20,right,270,14,0,0
kosmicznispawacze,20,right,271,14,0,0
kosmicznispawacze,20,right,272,14,0,0
kosmicznispawacze,20,right,273,15,0,0
kosmicznispawacze,20,right,274,15,0,0
kosmicznispawacze,20,right,275,15,0,0
kosmicznispawacze,20,right,276,15,0,0
kosmicznispawacze,20,right,277,15,0,0
kosmicznispawacze,20,right,278,15,0,0
kosmicznispawacze,20,right,279,15,0,0
kosmicznispawacze,20,right,280,15,0,0
kosmicznispawacze,20,right,281,15,0,0
kosmicznispawacze,20,right,282,15,0,0
kosmicznispawacze,20,right,283,15,0,0
kosmicznispawacze,20,right,284,15,0,0
kosmicznispawacze,20,right,285,15,0,0
kosmicznispawacze,20,right,286,15,0,0
kosmicznispawacze,20,right,287,15,0,0
kosmicznispawacze,20,right,288,15,0,0
kosmicznispawacze,20,right,289,15,0,0
kosmicznispawacze,20,right,290,15,0,0
kosmicznispawacze,20,right,291,15,0,0
kosmicznispawacze,20,right,292,15,0,0
kosmicznispawacze,20,right,293,15,0,0
kosmicznispawacze,20,right,294,15,0,0
kosmicznispawacze,20,right,295,15,0,0
kosmicznispawacze,20,right,296,15,0,0
kosmicznispawacze,20,right,297,15,0,0
kosmicznispawacze,20,right,298,15,0,0
kosmicznispawacze,20,right,299,15,0,0
kosmicznispawacze,20,right,300,15,0,0
kosmicznispawacze,20,right,301,15,0,0
kosmicznispawacze,20,right,302,16,0,0
kosmicznispawacze,20,right,303,16,0,0
kosmicznispawacze,20,right,304,16,0,0
kosmicznispawacze,20,right,305,16,0,0
kosmicznispawacze,20,right,306,16,0,0
kosmicznispawacze,20,right,307,16,0,0
kosmicznispawacze,20,right,308,16,0,0
kosmicznispawacze,20,right,309,16,0,0
kosmicznispawacze,20,right,310,16,0,0
kosmicznispawacze,20,right,311,16,0,0
kosmicznispawacze,20,right,312,16,0,0
kosmicznispawacze,20,right,313,16,0,0
kosmicznispawacze,20,right,314,16,0,0
kosmicznispawacze,20,right,315,16,0,0
kosmicznispawacze,20,right,316,16,0,0
kosmicznispawacze,20,right,317,16,0,0
kosmicznispawacze,20,right,318,16,0,0
kosmicznispawacze,20,right,319,16,0,0
kosmicznispawacze,20,right,320,16,0,0
kosmicznispawacze,20,right,321,16,0,0
kosmicznispawacze,20,right,322,16,0,0
kosmicznispawacze,20,right,323,16,0,0
kosmicznispawacze,20,right,324,16,0,0
kosmicznispawacze,20,right,325,17,0,0
kosmicznispawacze,20,right,326,17,0,0
kosmicznispawacze,20,right,327,17,0,0
kosmicznispawacze,20,right,328,17,0,0
kosmicznispawacze,20,right,329,17,0,0