team_name,train_number,left_right,frame_number,wagon,uic_0_1,uic_label
kosmicznispawacze,7,left,0,0,locomotive,0
kosmicznispawacze,7,left,1,0,locomotive,0
kosmicznispawacze,7,left,2,0,locomotive,0
kosmicznispawacze,7,left,3,0,locomotive,0
kosmicznispawacze,7,left,4,0,locomotive,0
kosmicznispawacze,7,left,5,0,locomotive,0
kosmicznispawacze,7,left,6,0,locomotive,0
kosmicznispawacze,7,left,7,0,locomotive,0
kosmicznispawacze,7,left,8,0,locomotive,0
kosmicznispawacze,7,left,9,0,locomotive,0
kosmicznispawacze,7,left,10,0,locomotive,0
kosmicznispawacze,7,left,11,0,locomotive,0
kosmicznispawacze,7,left,12,0,locomotive,0
kosmicznispawacze,7,left,13,0,locomotive,0
kosmicznispawacze,7,left,14,0,locomotive,0
kosmicznispawacze,7,left,15,0,locomotive,0
kosmicznispawacze,7,left,16,0,locomotive,0
kosmicznispawacze,7,left,17,0,locomotive,0
kosmicznispawacze,7,left,18,0,locomotive,0
kosmicznispawacze,7,left,19,0,locomotive,0
kosmicznispawacze,7,left,20,0,locomotive,0
kosmicznispawacze,7,left,21,1,0,0
kosmicznispawacze,7,left,22,1,0,0
kosmicznispawacze,7,left,23,1,0,0
kosmicznispawacze,7,left,24,1,0,0
kosmicznispawacze,7,left,25,1,0,0
kosmicznispawacze,7,left,26,1,0,0
kosmicznispawacze,7,left,27,1,0,0
kosmicznispawacze,7,left,28,1,0,0
kosmicznispawacze,7,left,29,1,0,0
kosmicznispawacze,7,left,30,1,0,0
kosmicznispawacze,7,left,31,1,0,0
kosmicznispawacze,7,left,32,1,0,0
kosmicznispawacze,7,left,33,1,0,0
kosmicznispawacze,7,left,34,1,0,0
kosmicznispawacze,7,left,35,1,0,0
kosmicznispawacze,7,left,36,2,0,0
kosmicznispawacze,7,left,37,2,0,0
kosmicznispawacze,7,left,38,2,0,0
kosmicznispawacze,7,left,39,2,0,0
kosmicznispawacze,7,left,40,2,0,0
kosmicznispawacze,7,left,41,2,0,0
kosmicznispawacze,7,left,42,2,0,0
kosmicznispawacze,7,left,43,2,0,0
kosmicznispawacze,7,left,44,2,0,0
kosmicznispawacze,7,left,45,2,0,0
kosmicznispawacze,7,left,46,2,0,0
kosmicznispawacze,7,left,47,2,0,0
kosmicznispawacze,7,left,48,2,0,0
kosmicznispawacze,7,left,49,2,0,0
kosmicznispawacze,7,left,50,3,0,0
kosmicznispawacze,7,left,51,3,0,0
kosmicznispawacze,7,left,52,3,0,0
kosmicznispawacze,7,left,53,3,0,0
kosmicznispawacze,7,left,54,3,0,0
kosmicznispawacze,7,left,55,3,0,0
kosmicznispawacze,7,left,56,3,0,0
kosmicznispawacze,7,left,57,3,0,0
kosmicznispawacze,7,left,58,3,0,0
kosmicznispawacze,7,left,59,3,0,0
kosmicznispawacze,7,left,60,3,0,0
kosmicznispawacze,7,left,61,3,0,0
kosmicznispawacze,7,left,62,3,0,0
kosmicznispawacze,7,left,63,3,0,0
kosmicznispawacze,7,left,64,3,0,0
kosmicznispawacze,7,left,65,3,0,0
kosmicznispawacze,7,left,66,4,0,0
kosmicznispawacze,7,left,67,4,0,0
kosmicznispawacze,7,left,68,4,0,0
kosmicznispawacze,7,left,69,4,0,0
kosmicznispawacze,7,left,70,4,0,0
kosmicznispawacze,7,left,71,4,0,0
kosmicznispawacze,7,left,72,4,0,0
kosmicznispawacze,7,left,73,4,0,0
kosmicznispawacze,7,left,74,4,0,0
kosmicznispawacze,7,left,75,4,0,0
kosmicznispawacze,7,left,76,4,0,0
kosmicznispawacze,7,left,77,4,0,0
kosmicznispawacze,7,left,78,4,0,0
kosmicznispawacze,7,left,79,4,0,0
kosmicznispawacze,7,left,80,4,0,0
kosmicznispawacze,7,left,81,4,0,0
kosmicznispawacze,7,left,82,5,0,0
kosmicznispawacze,7,left,83,5,0,0
kosmicznispawacze,7,left,84,5,0,0
kosmicznispawacze,7,left,85,5,0,0
kosmicznispawacze,7,left,86,5,0,0
kosmicznispawacze,7,left,87,5,0,0
kosmicznispawacze,7,left,88,5,0,0
kosmicznispawacze,7,left,89,5,0,0
kosmicznispawacze,7,left,90,5,0,0
kosmicznispawacze,7,left,91,5,0,0
kosmicznispawacze,7,left,92,5,0,0
kosmicznispawacze,7,left,93,5,0,0
kosmicznispawacze,7,left,94,5,0,0
kosmicznispawacze,7,left,95,5,0,0
kosmicznispawacze,7,left,96,5,0,0
kosmicznispawacze,7,left,97,6,0,0
kosmicznispawacze,7,left,98,6,0,0
kosmicznispawacze,7,left,99,6,0,0
kosmicznispawacze,7,left,100,6,0,0
kosmicznispawacze,7,left,101,6,0,0
kosmicznispawacze,7,left,102,6,0,0
kosmicznispawacze,7,left,103,6,0,0
kosmicznispawacze,7,left,104,6,0,0
kosmicznispawacze,7,left,105,6,0,0
kosmicznispawacze,7,left,106,6,0,0
kosmicznispawacze,7,left,107,6,0,0
kosmicznispawacze,7,left,108,6,0,0
kosmicznispawacze,7,left,109,6,0,0
kosmicznispawacze,7,left,110,6,0,0
kosmicznispawacze,7,left,111,6,0,0
kosmicznispawacze,7,left,112,6,0,0
kosmicznispawacze,7,left,113,6,0,0
kosmicznispawacze,7,left,114,7,0,0
kosmicznispawacze,7,left,115,7,0,0
kosmicznispawacze,7,left,116,7,0,0
kosmicznispawacze,7,left,117,7,0,0
kosmicznispawacze,7,left,118,7,0,0
kosmicznispawacze,7,left,119,7,0,0
kosmicznispawacze,7,left,120,7,0,0
kosmicznispawacze,7,left,121,7,0,0
kosmicznispawacze,7,left,122,7,0,0
kosmicznispawacze,7,left,123,7,0,0
kosmicznispawacze,7,left,124,7,0,0
kosmicznispawacze,7,left,125,7,0,0
kosmicznispawacze,7,left,126,7,0,0
kosmicznispawacze,7,left,127,7,0,0
kosmicznispawacze,7,left,128,7,0,0
kosmicznispawacze,7,left,129,7,0,0
kosmicznispawacze,7,left,130,8,0,0
kosmicznispawacze,7,left,131,8,0,0
kosmicznispawacze,7,left,132,8,0,0
kosmicznispawacze,7,left,133,8,0,0
kosmicznispawacze,7,left,134,8,0,0
kosmicznispawacze,7,left,135,8,0,0
kosmicznispawacze,7,left,136,8,0,0
kosmicznispawacze,7,left,137,8,0,0
kosmicznispawacze,7,left,138,8,0,0
kosmicznispawacze,7,left,139,8,0,0
kosmicznispawacze,7,left,140,8,0,0
kosmicznispawacze,7,left,141,8,0,0
kosmicznispawacze,7,left,142,8,0,0
kosmicznispawacze,7,left,143,8,0,0
kosmicznispawacze,7,left,144,8,0,0
kosmicznispawacze,7,left,145,8,0,0
kosmicznispawacze,7,left,146,9,0,0
kosmicznispawacze,7,left,147,9,0,0
kosmicznispawacze,7,left,148,9,0,0
kosmicznispawacze,7,left,149,9,0,0
kosmicznispawacze,7,left,150,9,0,0
kosmicznispawacze,7,left,151,9,0,0
kosmicznispawacze,7,left,152,9,0,0
kosmicznispawacze,7,left,153,9,0,0
kosmicznispawacze,7,left,154,9,0,0
kosmicznispawacze,7,left,155,9,0,0
kosmicznispawacze,7,left,156,9,0,0
kosmicznispawacze,7,left,157,9,0,0
kosmicznispawacze,7,left,158,9,0,0
kosmicznispawacze,7,left,159,9,0,0
kosmicznispawacze,7,left,160,9,0,0
kosmicznispawacze,7,left,161,9,0,0
kosmicznispawacze,7,left,162,10,0,0
kosmicznispawacze,7,left,163,10,0,0
kosmicznispawacze,7,left,164,10,0,0
kosmicznispawacze,7,left,165,10,0,0
kosmicznispawacze,7,left,166,10,0,0
kosmicznispawacze,7,left,167,10,0,0
kosmicznispawacze,7,left,168,10,0,0
kosmicznispawacze,7,left,169,10,0,0
kosmicznispawacze,7,left,170,10,0,0
kosmicznispawacze,7,left,171,10,0,0
kosmicznispawacze,7,left,172,10,0,0
kosmicznispawacze,7,left,173,10,0,0
kosmicznispawacze,7,left,174,10,0,0
kosmicznispawacze,7,left,175,10,0,0
kosmicznispawacze,7,left,176,10,0,0
kosmicznispawacze,7,left,177,11,0,0
kosmicznispawacze,7,left,178,11,0,0
kosmicznispawacze,7,left,179,11,0,0
kosmicznispawacze,7,left,180,11,0,0
kosmicznispawacze,7,left,181,11,0,0
kosmicznispawacze,7,left,182,11,0,0
kosmicznispawacze,7,left,183,11,0,0
kosmicznispawacze,7,left,184,11,0,0
kosmicznispawacze,7,left,185,11,0,0
kosmicznispawacze,7,left,186,11,0,0
kosmicznispawacze,7,left,187,11,0,0
kosmicznispawacze,7,left,188,11,0,0
kosmicznispawacze,7,left,189,11,0,0
kosmicznispawacze,7,left,190,11,0,0
kosmicznispawacze,7,left,191,11,0,0
kosmicznispawacze,7,left,192,11,0,0
kosmicznispawacze,7,left,193,11,0,0
kosmicznispawacze,7,left,194,12,0,0
kosmicznispawacze,7,left,195,12,0,0
kosmicznispawacze,7,left,196,12,0,0
kosmicznispawacze,7,left,197,12,0,0
kosmicznispawacze,7,left,198,12,0,0
kosmicznispawacze,7,left,199,12,0,0
kosmicznispawacze,7,left,200,12,0,0
kosmicznispawacze,7,left,201,12,0,0
kosmicznispawacze,7,left,202,12,0,0
kosmicznispawacze,7,left,203,12,0,0
kosmicznispawacze,7,left,204,12,0,0
kosmicznispawacze,7,left,205,12,0,0
kosmicznispawacze,7,left,206,12,0,0
kosmicznispawacze,7,left,207,12,0,0
kosmicznispawacze,7,left,208,12,0,0
kosmicznispawacze,7,left,209,12,0,0
kosmicznispawacze,7,left,210,12,0,0
kosmicznispawacze,7,left,211,12,0,0
kosmicznispawacze,7,left,212,13,0,0
kosmicznispawacze,7,left,213,13,0,0
kosmicznispawacze,7,left,214,13,0,0
kosmicznispawacze,7,left,215,13,0,0
kosmicznispawacze,7,left,216,13,0,0
kosmicznispawacze,7,left,217,13,0,0
kosmicznispawacze,7,left,218,13,0,0
kosmicznispawacze,7,left,219,13,0,0
kosmicznispawacze,7,left,220,13,0,0
kosmicznispawacze,7,left,221,13,0,0
kosmicznispawacze,7,left,222,13,0,0
kosmicznispawacze,7,left,223,13,0,0
kosmicznispawacze,7,left,224,13,0,0
kosmicznispawacze,7,left,225,13,0,0
kosmicznispawacze,7,left,226,13,0,0
kosmicznispawacze,7,left,227,13,0,0
kosmicznispawacze,7,left,228,13,0,0
kosmicznispawacze,7,left,229,14,0,0
kosmicznispawacze,7,left,230,14,0,0
kosmicznispawacze,7,left,231,14,0,0
kosmicznispawacze,7,left,232,14,0,0
kosmicznispawacze,7,left,233,14,0,0
kosmicznispawacze,7,left,234,14,0,0
kosmicznispawacze,7,left,235,14,0,0
kosmicznispawacze,7,left,236,14,0,0
kosmicznispawacze,7,left,237,14,0,0
kosmicznispawacze,7,left,238,14,0,0
kosmicznispawacze,7,left,239,14,0,0
kosmicznispawacze,7,left,240,14,0,0
kosmicznispawacze,7,left,241,14,0,0
kosmicznispawacze,7,left,242,14,0,0
kosmicznispawacze,7,left,243,14,0,0
kosmicznispawacze,7,left,244,14,0,0
kosmicznispawacze,7,left,245,15,0,0
kosmicznispawacze,7,left,246,15,0,0
kosmicznispawacze,7,left,247,15,0,0
kosmicznispawacze,7,left,248,15,0,0
kosmicznispawacze,7,left,249,15,0,0
kosmicznispawacze,7,left,250,15,0,0
kosmicznispawacze,7,left,251,15,0,0
kosmicznispawacze,7,left,252,15,0,0
kosmicznispawacze,7,left,253,15,0,0
kosmicznispawacze,7,left,254,15,0,0
kosmicznispawacze,7,left,255,15,0,0
kosmicznispawacze,7,left,256,15,0,0
kosmicznispawacze,7,left,257,15,0,0
kosmicznispawacze,7,left,258,15,0,0
kosmicznispawacze,7,left,259,15,0,0
kosmicznispawacze,7,left,260,16,0,0
kosmicznispawacze,7,left,261,16,0,0
kosmicznispawacze,7,left,262,16,0,0
kosmicznispawacze,7,left,263,16,0,0
kosmicznispawacze,7,left,264,16,0,0
kosmicznispawacze,7,left,265,16,0,0
kosmicznispawacze,7,left,266,16,0,0
kosmicznispawacze,7,left,267,16,0,0
kosmicznispawacze,7,left,268,16,0,0
kosmicznispawacze,7,left,269,16,0,0
kosmicznispawacze,7,left,270,16,0,0
kosmicznispawacze,7,left,271,16,0,0
kosmicznispawacze,7,left,272,16,0,0
kosmicznispawacze,7,left,273,16,0,0
kosmicznispawacze,7,left,274,16,0,0
kosmicznispawacze,7,left,275,17,0,0
kosmicznispawacze,7,left,276,17,0,0
kosmicznispawacze,7,left,277,17,0,0
kosmicznispawacze,7,left,278,17,0,0
kosmicznispawacze,7,left,279,17,0,0
kosmicznispawacze,7,left,280,17,0,0
kosmicznispawacze,7,left,281,17,0,0
kosmicznispawacze,7,left,282,17,0,0
kosmicznispawacze,7,left,283,17,0,0
kosmicznispawacze,7,left,284,17,0,0
kosmicznispawacze,7,left,285,17,0,0
kosmicznispawacze,7,left,286,17,0,0
kosmicznispawacze,7,left,287,17,0,0
kosmicznispawacze,7,left,288,17,0,0
kosmicznispawacze,7,left,289,18,0,0
kosmicznispawacze,7,left,290,18,0,0
kosmicznispawacze,7,left,291,18,0,0
kosmicznispawacze,7,left,292,18,0,0
kosmicznispawacze,7,left,293,18,0,0
kosmicznispawacze,7,left,294,18,0,0
kosmicznispawacze,7,left,295,18,0,0
kosmicznispawacze,7,left,296,18,0,0
kosmicznispawacze,7,left,297,18,0,0
kosmicznispawacze,7,left,298,18,0,0
kosmicznispawacze,7,left,299,18,0,0
kosmicznispawacze,7,left,300,18,0,0
kosmicznispawacze,7,left,301,18,0,0
kosmicznispawacze,7,left,302,18,0,0
kosmicznispawacze,7,left,303,18,0,0
kosmicznispawacze,7,left,304,19,0,0
kosmicznispawacze,7,left,305,19,0,0
kosmicznispawacze,7,left,306,19,0,0
kosmicznispawacze,7,left,307,19,0,0
kosmicznispawacze,7,left,308,19,0,0
kosmicznispawacze,7,left,309,19,0,0
kosmicznispawacze,7,left,310,19,0,0
kosmicznispawacze,7,left,311,19,0,0
kosmicznispawacze,7,left,312,19,0,0
kosmicznispawacze,7,left,313,19,0,0
kosmicznispawacze,7,left,314,19,0,0
kosmicznispawacze,7,left,315,19,0,0
kosmicznispawacze,7,left,316,19,0,0
kosmicznispawacze,7,left,317,19,0,0
kosmicznispawacze,7,left,318,19,0,0
kosmicznispawacze,7,left,319,19,0,0
kosmicznispawacze,7,left,320,19,0,0
kosmicznispawacze,7,left,321,19,0,0
kosmicznispawacze,7,left,322,19,0,0
kosmicznispawacze,7,left,323,19,0,0
kosmicznispawacze,7,left,324,19,0,0