team_name,train_number,left_right,frame_number,wagon,uic_0_1,uic_label
kosmicznispawacze,15,right,0,0,locomotive,0
kosmicznispawacze,15,right,1,0,locomotive,0
kosmicznispawacze,15,right,2,0,locomotive,0
kosmicznispawacze,15,right,3,0,locomotive,0
kosmicznispawacze,15,right,4,0,locomotive,0
kosmicznispawacze,15,right,5,1,0,0
kosmicznispawacze,15,right,6,1,0,0
kosmicznispawacze,15,right,7,1,0,0
kosmicznispawacze,15,right,8,1,0,0
kosmicznispawacze,15,right,9,1,0,0
kosmicznispawacze,15,right,10,1,0,0
kosmicznispawacze,15,right,11,1,0,0
kosmicznispawacze,15,right,12,1,0,0
kosmicznispawacze,15,right,13,1,0,0
kosmicznispawacze,15,right,14,1,0,0
kosmicznispawacze,15,right,15,1,0,0
kosmicznispawacze,15,right,16,1,0,0
kosmicznispawacze,15,right,17,1,0,0
kosmicznispawacze,15,right,18,1,0,0
kosmicznispawacze,15,right,19,1,0,0
kosmicznispawacze,15,right,20,1,0,0
kosmicznispawacze,15,right,21,1,0,0
kosmicznispawacze,15,right,22,1,0,0
kosmicznispawacze,15,right,23,1,0,0
kosmicznispawacze,15,right,24,1,0,0
kosmicznispawacze,15,right,25,1,0,0
kosmicznispawacze,15,right,26,1,0,0
kosmicznispawacze,15,right,27,2,0,0
kosmicznispawacze,15,right,28,2,0,0
kosmicznispawacze,15,right,29,2,0,0
kosmicznispawacze,15,right,30,2,0,0
kosmicznispawacze,15,right,31,2,0,0
kosmicznispawacze,15,right,32,2,0,0
kosmicznispawacze,15,right,33,2,0,0
kosmicznispawacze,15,right,34,2,0,0
kosmicznispawacze,15,right,35,2,0,0
kosmicznispawacze,15,right,36,2,0,0
kosmicznispawacze,15,right,37,2,0,0
kosmicznispawacze,15,right,38,2,0,0
kosmicznispawacze,15,right,39,2,0,0
kosmicznispawacze,15,right,40,2,0,0
kosmicznispawacze,15,right,41,2,0,0
kosmicznispawacze,15,right,42,2,0,0
kosmicznispawacze,15,right,43,2,0,0
kosmicznispawacze,15,right,44,2,0,0
kosmicznispawacze,15,right,45,2,0,0
kosmicznispawacze,15,right,46,3,0,0
kosmicznispawacze,15,right,47,3,0,0
kosmicznispawacze,15,right,48,3,0,0
kosmicznispawacze,15,right,49,3,0,0
kosmicznispawacze,15,right,50,3,0,0
kosmicznispawacze,15,right,51,3,0,0
kosmicznispawacze,15,right,52,3,0,0
kosmicznispawacze,15,right,53,3,0,0
kosmicznispawacze,15,right,54,3,0,0
kosmicznispawacze,15,right,55,3,0,0
kosmicznispawacze,15,right,56,3,0,0
kosmicznispawacze,15,right,57,3,0,0
kosmicznispawacze,15,right,58,3,0,0
kosmicznispawacze,15,right,59,3,0,0
kosmicznispawacze,15,right,60,3,0,0
kosmicznispawacze,15,right,61,3,0,0
kosmicznispawacze,15,right,62,3,0,0
kosmicznispawacze,15,right,63,3,0,0
kosmicznispawacze,15,right,64,3,0,0
kosmicznispawacze,15,right,65,3,0,0
kosmicznispawacze,15,right,66,4,0,0
kosmicznispawacze,15,right,67,4,0,0
kosmicznispawacze,15,right,68,4,0,0
kosmicznispawacze,15,right,69,4,0,0
kosmicznispawacze,15,right,70,4,0,0
kosmicznispawacze,15,right,71,4,0,0
kosmicznispawacze,15,right,72,4,0,0
kosmicznispawacze,15,right,73,4,0,0
kosmicznispawacze,15,right,74,4,0,0
kosmicznispawacze,15,right,75,4,0,0
kosmicznispawacze,15,right,76,4,0,0
kosmicznispawacze,15,right,77,4,0,0
kosmicznispawacze,15,right,78,4,0,0
kosmicznispawacze,15,right,79,4,0,0
kosmicznispawacze,15,right,80,4,0,0
kosmicznispawacze,15,right,81,4,0,0
kosmicznispawacze,15,right,82,4,0,0
kosmicznispawacze,15,right,83,4,0,0
kosmicznispawacze,15,right,84,4,0,0
kosmicznispawacze,15,right,85,4,0,0
kosmicznispawacze,15,right,86,5,0,0
kosmicznispawacze,15,right,87,5,0,0
kosmicznispawacze,15,right,88,5,0,0
kosmicznispawacze,15,right,89,5,0,0
kosmicznispawacze,15,right,90,5,0,0
kosmicznispawacze,15,right,91,5,0,0
kosmicznispawacze,15,right,92,5,0,0
kosmicznispawacze,15,right,93,5,0,0
kosmicznispawacze,15,right,94,5,0,0
kosmicznispawacze,15,right,95,5,0,0
kosmicznispawacze,15,right,96,5,0,0
kosmicznispawacze,15,right,97,5,0,0
kosmicznispawacze,15,right,98,5,0,0
kosmicznispawacze,15,right,99,5,0,0
kosmicznispawacze,15,right,100,5,0,0
kosmicznispawacze,15,right,101,5,0,0
kosmicznispawacze,15,right,102,5,0,0
kosmicznispawacze,15,right,103,5,0,0
kosmicznispawacze,15,right,104,5,0,0
kosmicznispawacze,15,right,105,6,0,0
kosmicznispawacze,15,right,106,6,0,0
kosmicznispawacze,15,right,107,6,0,0
kosmicznispawacze,15,right,108,6,0,0
kosmicznispawacze,15,right,109,6,0,0
kosmicznispawacze,15,right,110,6,0,0
kosmicznispawacze,15,right,111,6,0,0
kosmicznispawacze,15,right,112,6,0,0
kosmicznispawacze,15,right,113,6,0,0
kosmicznispawacze,15,right,114,6,0,0
kosmicznispawacze,15,right,115,6,0,0
kosmicznispawacze,15,right,116,6,0,0
kosmicznispawacze,15,right,117,6,0,0
kosmicznispawacze,15,right,118,6,0,0
kosmicznispawacze,15,right,119,6,0,0
kosmicznispawacze,15,right,120,6,0,0
kosmicznispawacze,15,right,121,6,0,0
kosmicznispawacze,15,right,122,6,0,0
kosmicznispawacze,15,right,123,7,0,0
kosmicznispawacze,15,right,124,7,0,0
kosmicznispawacze,15,right,125,7,0,0
kosmicznispawacze,15,right,126,7,0,0
kosmicznispawacze,15,right,127,7,0,0
kosmicznispawacze,15,right,128,7,0,0
kosmicznispawacze,15,right,129,7,0,0
kosmicznispawacze,15,right,130,7,0,0
kosmicznispawacze,15,right,131,7,0,0
kosmicznispawacze,15,right,132,7,0,0
kosmicznispawacze,15,right,133,7,0,0
kosmicznispawacze,15,right,134,7,0,0
kosmicznispawacze,15,right,135,7,0,0
kosmicznispawacze,15,right,136,7,0,0
kosmicznispawacze,15,right,137,7,0,0
kosmicznispawacze,15,right,138,7,0,0
kosmicznispawacze,15,right,139,7,0,0
kosmicznispawacze,15,right,140,7,0,0
kosmicznispawacze,15,right,141,7,0,0
kosmicznispawacze,15,right,142,8,0,0
kosmicznispawacze,15,right,143,8,0,0
kosmicznispawacze,15,right,144,8,0,0
kosmicznispawacze,15,right,145,8,0,0
kosmicznispawacze,15,right,146,8,0,0
kosmicznispawacze,15,right,147,8,0,0
kosmicznispawacze,15,right,148,8,0,0
kosmicznispawacze,15,right,149,8,0,0
kosmicznispawacze,15,right,150,8,0,0
kosmicznispawacze,15,right,151,8,0,0
kosmicznispawacze,15,right,152,8,0,0
kosmicznispawacze,15,right,153,8,0,0
kosmicznispawacze,15,right,154,8,0,0
kosmicznispawacze,15,right,155,8,0,0
kosmicznispawacze,15,right,156,8,0,0
kosmicznispawacze,15,right,157,8,0,0
kosmicznispawacze,15,right,158,8,0,0
kosmicznispawacze,15,right,159,8,0,0
kosmicznispawacze,15,right,160,8,0,0
kosmicznispawacze,15,right,161,9,0,0
kosmicznispawacze,15,right,162,9,0,0
kosmicznispawacze,15,right,163,9,0,0
kosmicznispawacze,15,right,164,9,0,0
kosmicznispawacze,15,right,165,9,0,0
kosmicznispawacze,15,right,166,9,0,0
kosmicznispawacze,15,right,167,9,0,0
kosmicznispawacze,15,right,168,9,0,0
kosmicznispawacze,15,right,169,9,0,0
kosmicznispawacze,15,right,170,9,0,0
kosmicznispawacze,15,right,171,9,0,0
kosmicznispawacze,15,right,172,9,0,0
kosmicznispawacze,15,right,173,9,0,0
kosmicznispawacze,15,right,174,9,0,0
kosmicznispawacze,15,right,175,9,0,0
kosmicznispawacze,15,right,176,9,0,0
kosmicznispawacze,15,right,177,9,0,0
kosmicznispawacze,15,right,178,9,0,0
kosmicznispawacze,15,right,179,9,0,0
kosmicznispawacze,15,right,180,9,0,0
kosmicznispawacze,15,right,181,10,0,0
kosmicznispawacze,15,right,182,10,0,0
kosmicznispawacze,15,right,183,10,0,0
kosmicznispawacze,15,right,184,10,0,0
kosmicznispawacze,15,right,185,10,0,0
kosmicznispawacze,15,right,186,10,0,0
kosmicznispawacze,15,right,187,10,0,0
kosmicznispawacze,15,right,188,10,0,0
kosmicznispawacze,15,right,189,10,0,0
kosmicznispawacze,15,right,190,10,0,0
kosmicznispawacze,15,right,191,10,0,0
kosmicznispawacze,15,right,192,10,0,0
kosmicznispawacze,15,right,193,10,0,0
kosmicznispawacze,15,right,194,10,0,0
kosmicznispawacze,15,right,195,10,0,0
kosmicznispawacze,15,right,196,10,0,0
kosmicznispawacze,15,right,197,10,0,0
kosmicznispawacze,15,right,198,10,0,0
kosmicznispawacze,15,right,199,10,0,0
kosmicznispawacze,15,right,200,10,0,0
kosmicznispawacze,15,right,201,10,0,0
kosmicznispawacze,15,right,202,11,0,0
kosmicznispawacze,15,right,203,11,0,0
kosmicznispawacze,15,right,204,11,0,0
kosmicznispawacze,15,right,205,11,0,0
kosmicznispawacze,15,right,206,11,0,0
kosmicznispawacze,15,right,207,11,0,0
kosmicznispawacze,15,right,208,11,0,0
kosmicznispawacze,15,right,209,11,0,0
kosmicznispawacze,15,right,210,11,0,0
kosmicznispawacze,15,right,211,11,0,0
kosmicznispawacze,15,right,212,11,0,0
kosmicznispawacze,15,right,213,11,0,0
kosmicznispawacze,15,right,214,11,0,0
kosmicznispawacze,15,right,215,11,0,0
kosmicznispawacze,15,right,216,11,0,0
kosmicznispawacze,15,right,217,11,0,0
kosmicznispawacze,15,right,218,11,0,0
kosmicznispawacze,15,right,219,11,0,0
kosmicznispawacze,15,right,220,11,0,0
kosmicznispawacze,15,right,221,11,0,0
kosmicznispawacze,15,right,222,12,0,0
kosmicznispawacze,15,right,223,12,0,0
kosmicznispawacze,15,right,224,12,0,0
kosmicznispawacze,15,right,225,12,0,0
kosmicznispawacze,15,right,226,12,0,0
kosmicznispawacze,15,right,227,12,0,0
kosmicznispawacze,15,right,228,12,0,0
kosmicznispawacze,15,right,229,12,0,0
kosmicznispawacze,15,right,230,12,0,0
kosmicznispawacze,15,right,231,12,0,0
kosmicznispawacze,15,right,232,12,0,0
kosmicznispawacze,15,right,233,12,0,0
kosmicznispawacze,15,right,234,12,0,0
kosmicznispawacze,15,right,235,12,0,0
kosmicznispawacze,15,right,236,12,0,0
kosmicznispawacze,15,right,237,12,0,0
kosmicznispawacze,15,right,238,12,0,0
kosmicznispawacze,15,right,239,12,0,0
kosmicznispawacze,15,right,240,12,0,0
kosmicznispawacze,15,right,241,12,0,0
kosmicznispawacze,15,right,242,12,0,0
kosmicznispawacze,15,right,243,13,0,0
kosmicznispawacze,15,right,244,13,0,0
kosmicznispawacze,15,right,245,13,0,0
kosmicznispawacze,15,right,246,13,0,0
kosmicznispawacze,15,right,247,13,0,0
kosmicznispawacze,15,right,248,13,0,0
kosmicznispawacze,15,right,249,13,0,0
kosmicznispawacze,15,right,250,13,0,0
kosmicznispawacze,15,right,251,13,0,0
kosmicznispawacze,15,right,252,13,0,0
kosmicznispawacze,15,right,253,13,0,0
kosmicznispawacze,15,right,254,13,0,0
kosmicznispawacze,15,right,255,13,0,0
kosmicznispawacze,15,right,256,13,0,0
kosmicznispawacze,15,right,257,13,0,0
kosmicznispawacze,15,right,258,13,0,0
kosmicznispawacze,15,right,259,13,0,0
kosmicznispawacze,15,right,260,13,0,0
kosmicznispawacze,15,right,261,13,0,0
kosmicznispawacze,15,right,262,13,0,0
kosmicznispawacze,15,right,263,13,0,0
kosmicznispawacze,15,right,264,14,0,0
kosmicznispawacze,15,right,265,14,0,0
kosmicznispawacze,15,right,266,14,0,0
kosmicznispawacze,15,right,267,14,0,0
kosmicznispawacze,15,right,268,14,0,0
kosmicznispawacze,15,right,269,15,0,0
kosmicznispawacze,15,right,270,15,0,0
kosmicznispawacze,15,right,271,15,0,0