team_name,train_number,left_right,frame_number,wagon,uic_0_1,uic_label
kosmicznispawacze,45,left,0,0,locomotive,0
kosmicznispawacze,45,left,1,1,0,0
kosmicznispawacze,45,left,2,1,0,0
kosmicznispawacze,45,left,3,1,0,0
kosmicznispawacze,45,left,4,2,0,0
kosmicznispawacze,45,left,5,2,0,0
kosmicznispawacze,45,left,6,2,0,0
kosmicznispawacze,45,left,7,2,0,0
kosmicznispawacze,45,left,8,2,0,0
kosmicznispawacze,45,left,9,2,0,0
kosmicznispawacze,45,left,10,2,0,0
kosmicznispawacze,45,left,11,2,0,0
kosmicznispawacze,45,left,12,2,0,0
kosmicznispawacze,45,left,13,2,0,0
kosmicznispawacze,45,left,14,2,0,0
kosmicznispawacze,45,left,15,2,0,0
kosmicznispawacze,45,left,16,2,0,0
kosmicznispawacze,45,left,17,2,0,0
kosmicznispawacze,45,left,18,2,0,0
kosmicznispawacze,45,left,19,2,0,0
kosmicznispawacze,45,left,20,2,0,0
kosmicznispawacze,45,left,21,2,0,0
kosmicznispawacze,45,left,22,2,0,0
kosmicznispawacze,45,left,23,2,0,0
kosmicznispawacze,45,left,24,2,0,0
kosmicznispawacze,45,left,25,2,0,0
kosmicznispawacze,45,left,26,2,0,0
kosmicznispawacze,45,left,27,2,0,0
kosmicznispawacze,45,left,28,2,0,0
kosmicznispawacze,45,left,29,2,0,0
kosmicznispawacze,45,left,30,2,0,0
kosmicznispawacze,45,left,31,3,0,0
kosmicznispawacze,45,left,32,3,0,0
kosmicznispawacze,45,left,33,3,0,0
kosmicznispawacze,45,left,34,3,0,0
kosmicznispawacze,45,left,35,3,0,0
kosmicznispawacze,45,left,36,3,0,0
kosmicznispawacze,45,left,37,3,0,0
kosmicznispawacze,45,left,38,3,0,0
kosmicznispawacze,45,left,39,3,0,0
kosmicznispawacze,45,left,40,3,0,0
kosmicznispawacze,45,left,41,3,0,0
kosmicznispawacze,45,left,42,3,0,0
kosmicznispawacze,45,left,43,3,0,0
kosmicznispawacze,45,left,44,3,0,0
kosmicznispawacze,45,left,45,3,0,0
kosmicznispawacze,45,left,46,3,0,0
kosmicznispawacze,45,left,47,3,0,0
kosmicznispawacze,45,left,48,3,0,0
kosmicznispawacze,45,left,49,3,0,0
kosmicznispawacze,45,left,50,3,0,0
kosmicznispawacze,45,left,51,3,0,0
kosmicznispawacze,45,left,52,3,0,0
kosmicznispawacze,45,left,53,3,0,0
kosmicznispawacze,45,left,54,3,0,0
kosmicznispawacze,45,left,55,3,0,0
kosmicznispawacze,45,left,56,4,0,0
kosmicznispawacze,45,left,57,4,0,0
kosmicznispawacze,45,left,58,4,0,0
kosmicznispawacze,45,left,59,4,0,0
kosmicznispawacze,45,left,60,4,0,0
kosmicznispawacze,45,left,61,4,0,0
kosmicznispawacze,45,left,62,4,0,0
kosmicznispawacze,45,left,63,4,0,0
kosmicznispawacze,45,left,64,4,0,0
kosmicznispawacze,45,left,65,4,0,0
kosmicznispawacze,45,left,66,4,0,0
kosmicznispawacze,45,left,67,4,0,0
kosmicznispawacze,45,left,68,4,0,0
kosmicznispawacze,45,left,69,4,0,0
kosmicznispawacze,45,left,70,4,0,0
kosmicznispawacze,45,left,71,4,0,0
kosmicznispawacze,45,left,72,4,0,0
kosmicznispawacze,45,left,73,4,0,0
kosmicznispawacze,45,left,74,4,0,0
kosmicznispawacze,45,left,75,4,0,0
kosmicznispawacze,45,left,76,4,0,0
kosmicznispawacze,45,left,77,4,0,0
kosmicznispawacze,45,left,78,4,0,0
kosmicznispawacze,45,left,79,4,0,0
kosmicznispawacze,45,left,80,4,0,0
kosmicznispawacze,45,left,81,4,0,0
kosmicznispawacze,45,left,82,4,0,0
kosmicznispawacze,45,left,83,4,0,0
kosmicznispawacze,45,left,84,5,0,0
kosmicznispawacze,45,left,85,5,0,0
kosmicznispawacze,45,left,86,5,0,0
kosmicznispawacze,45,left,87,5,0,0
kosmicznispawacze,45,left,88,5,0,0
kosmicznispawacze,45,left,89,5,0,0
kosmicznispawacze,45,left,90,5,0,0
kosmicznispawacze,45,left,91,5,0,0
kosmicznispawacze,45,left,92,5,0,0
kosmicznispawacze,45,left,93,5,0,0
kosmicznispawacze,45,left,94,5,0,0
kosmicznispawacze,45,left,95,5,0,0
kosmicznispawacze,45,left,96,5,0,0
kosmicznispawacze,45,left,97,5,0,0
kosmicznispawacze,45,left,98,5,0,0
kosmicznispawacze,45,left,99,5,0,0
kosmicznispawacze,45,left,100,5,0,0
kosmicznispawacze,45,left,101,5,0,0
kosmicznispawacze,45,left,102,5,0,0
kosmicznispawacze,45,left,103,5,0,0
kosmicznispawacze,45,left,104,5,0,0
kosmicznispawacze,45,left,105,5,0,0
kosmicznispawacze,45,left,106,5,0,0
kosmicznispawacze,45,left,107,5,0,0
kosmicznispawacze,45,left,108,5,0,0
kosmicznispawacze,45,left,109,5,0,0
kosmicznispawacze,45,left,110,5,0,0
kosmicznispawacze,45,left,111,5,0,0
kosmicznispawacze,45,left,112,6,0,0
kosmicznispawacze,45,left,113,6,0,0
kosmicznispawacze,45,left,114,6,0,0
kosmicznispawacze,45,left,115,6,0,0
kosmicznispawacze,45,left,116,6,0,0
kosmicznispawacze,45,left,117,6,0,0
kosmicznispawacze,45,left,118,6,0,0
kosmicznispawacze,45,left,119,6,0,0
kosmicznispawacze,45,left,120,6,0,0
kosmicznispawacze,45,left,121,6,0,0
kosmicznispawacze,45,left,122,6,0,0
kosmicznispawacze,45,left,123,6,0,0
kosmicznispawacze,45,left,124,6,0,0
kosmicznispawacze,45,left,125,6,0,0
kosmicznispawacze,45,left,126,6,0,0
kosmicznispawacze,45,left,127,6,0,0
kosmicznispawacze,45,left,128,6,0,0
kosmicznispawacze,45,left,129,6,0,0
kosmicznispawacze,45,left,130,6,0,0
kosmicznispawacze,45,left,131,6,0,0
kosmicznispawacze,45,left,132,6,0,0
kosmicznispawacze,45,left,133,6,0,0
kosmicznispawacze,45,left,134,6,0,0
kosmicznispawacze,45,left,135,6,0,0
kosmicznispawacze,45,left,136,6,0,0
kosmicznispawacze,45,left,137,6,0,0
kosmicznispawacze,45,left,138,6,0,0
kosmicznispawacze,45,left,139,6,0,0
kosmicznispawacze,45,left,140,7,0,0
kosmicznispawacze,45,left,141,7,0,0
kosmicznispawacze,45,left,142,7,0,0
kosmicznispawacze,45,left,143,7,0,0
kosmicznispawacze,45,left,144,7,0,0
kosmicznispawacze,45,left,145,7,0,0
kosmicznispawacze,45,left,146,7,0,0
kosmicznispawacze,45,left,147,7,0,0
kosmicznispawacze,45,left,148,7,0,0
kosmicznispawacze,45,left,149,7,0,0
kosmicznispawacze,45,left,150,7,0,0
kosmicznispawacze,45,left,151,7,0,0
kosmicznispawacze,45,left,152,7,0,0
kosmicznispawacze,45,left,153,7,0,0
kosmicznispawacze,45,left,154,7,0,0
kosmicznispawacze,45,left,155,7,0,0
kosmicznispawacze,45,left,156,7,0,0
kosmicznispawacze,45,left,157,7,0,0
kosmicznispawacze,45,left,158,7,0,0
kosmicznispawacze,45,left,159,7,0,0
kosmicznispawacze,45,left,160,7,0,0
kosmicznispawacze,45,left,161,7,0,0
kosmicznispawacze,45,left,162,7,0,0
kosmicznispawacze,45,left,163,7,0,0
kosmicznispawacze,45,left,164,7,0,0
kosmicznispawacze,45,left,165,7,0,0
kosmicznispawacze,45,left,166,7,0,0
kosmicznispawacze,45,left,167,8,0,0
kosmicznispawacze,45,left,168,8,0,0
kosmicznispawacze,45,left,169,8,0,0
kosmicznispawacze,45,left,170,8,0,0
kosmicznispawacze,45,left,171,8,0,0
kosmicznispawacze,45,left,172,8,0,0
kosmicznispawacze,45,left,173,8,0,0
kosmicznispawacze,45,left,174,8,0,0
kosmicznispawacze,45,left,175,8,0,0
kosmicznispawacze,45,left,176,8,0,0
kosmicznispawacze,45,left,177,8,0,0
kosmicznispawacze,45,left,178,8,0,0
kosmicznispawacze,45,left,179,8,0,0
kosmicznispawacze,45,left,180,8,0,0
kosmicznispawacze,45,left,181,8,0,0
kosmicznispawacze,45,left,182,8,0,0
kosmicznispawacze,45,left,183,8,0,0
kosmicznispawacze,45,left,184,8,0,0
kosmicznispawacze,45,left,185,8,0,0
kosmicznispawacze,45,left,186,8,0,0
kosmicznispawacze,45,left,187,8,0,0
kosmicznispawacze,45,left,188,8,0,0
kosmicznispawacze,45,left,189,8,0,0
kosmicznispawacze,45,left,190,8,0,0
kosmicznispawacze,45,left,191,8,0,0
kosmicznispawacze,45,left,192,8,0,0
kosmicznispawacze,45,left,193,8,0,0
kosmicznispawacze,45,left,194,8,0,0
kosmicznispawacze,45,left,195,8,0,0
kosmicznispawacze,45,left,196,8,0,0
kosmicznispawacze,45,left,197,8,0,0
kosmicznispawacze,45,left,198,8,0,0
kosmicznispawacze,45,left,199,8,0,0
kosmicznispawacze,45,left,200,8,0,0