team_name,train_number,left_right,frame_number,wagon,uic_0_1,uic_label
kosmicznispawacze,41,left,0,0,locomotive,0
kosmicznispawacze,41,left,1,1,0,0
kosmicznispawacze,41,left,2,1,0,0
kosmicznispawacze,41,left,3,1,0,0
kosmicznispawacze,41,left,4,1,0,0
kosmicznispawacze,41,left,5,2,0,0
kosmicznispawacze,41,left,6,2,0,0
kosmicznispawacze,41,left,7,2,0,0
kosmicznispawacze,41,left,8,2,0,0
kosmicznispawacze,41,left,9,2,0,0
kosmicznispawacze,41,left,10,2,0,0
kosmicznispawacze,41,left,11,2,0,0
kosmicznispawacze,41,left,12,2,0,0
kosmicznispawacze,41,left,13,2,0,0
kosmicznispawacze,41,left,14,2,0,0
kosmicznispawacze,41,left,15,2,0,0
kosmicznispawacze,41,left,16,2,0,0
kosmicznispawacze,41,left,17,2,0,0
kosmicznispawacze,41,left,18,2,0,0
kosmicznispawacze,41,left,19,2,0,0
kosmicznispawacze,41,left,20,2,0,0
kosmicznispawacze,41,left,21,2,0,0
kosmicznispawacze,41,left,22,2,0,0
kosmicznispawacze,41,left,23,2,0,0
kosmicznispawacze,41,left,24,2,0,0
kosmicznispawacze,41,left,25,2,0,0
kosmicznispawacze,41,left,26,2,0,0
kosmicznispawacze,41,left,27,2,0,0
kosmicznispawacze,41,left,28,2,0,0
kosmicznispawacze,41,left,29,2,0,0
kosmicznispawacze,41,left,30,2,0,0
kosmicznispawacze,41,left,31,2,0,0
kosmicznispawacze,41,left,32,2,0,0
kosmicznispawacze,41,left,33,2,0,0
kosmicznispawacze,41,left,34,2,0,0
kosmicznispawacze,41,left,35,2,0,0
kosmicznispawacze,41,left,36,2,0,0
kosmicznispawacze,41,left,37,2,0,0
kosmicznispawacze,41,left,38,2,0,0
kosmicznispawacze,41,left,39,3,0,0
kosmicznispawacze,41,left,40,3,0,0
kosmicznispawacze,41,left,41,3,0,0
kosmicznispawacze,41,left,42,3,0,0
kosmicznispawacze,41,left,43,3,0,0
kosmicznispawacze,41,left,44,3,0,0
kosmicznispawacze,41,left,45,3,0,0
kosmicznispawacze,41,left,46,3,0,0
kosmicznispawacze,41,left,47,3,0,0
kosmicznispawacze,41,left,48,3,0,0
kosmicznispawacze,41,left,49,3,0,0
kosmicznispawacze,41,left,50,3,0,0
kosmicznispawacze,41,left,51,3,0,0
kosmicznispawacze,41,left,52,3,0,0
kosmicznispawacze,41,left,53,3,0,0
kosmicznispawacze,41,left,54,3,0,0
kosmicznispawacze,41,left,55,3,0,0
kosmicznispawacze,41,left,56,3,0,0
kosmicznispawacze,41,left,57,3,0,0
kosmicznispawacze,41,left,58,3,0,0
kosmicznispawacze,41,left,59,3,0,0
kosmicznispawacze,41,left,60,3,0,0
kosmicznispawacze,41,left,61,3,0,0
kosmicznispawacze,41,left,62,3,0,0
kosmicznispawacze,41,left,63,3,0,0
kosmicznispawacze,41,left,64,3,0,0
kosmicznispawacze,41,left,65,3,0,0
kosmicznispawacze,41,left,66,3,0,0
kosmicznispawacze,41,left,67,3,0,0
kosmicznispawacze,41,left,68,3,0,0
kosmicznispawacze,41,left,69,3,0,0
kosmicznispawacze,41,left,70,3,0,0
kosmicznispawacze,41,left,71,3,0,0
kosmicznispawacze,41,left,72,3,0,0
kosmicznispawacze,41,left,73,3,0,0
kosmicznispawacze,41,left,74,4,0,0
kosmicznispawacze,41,left,75,4,0,0
kosmicznispawacze,41,left,76,4,0,0
kosmicznispawacze,41,left,77,4,0,0
kosmicznispawacze,41,left,78,4,0,0
kosmicznispawacze,41,left,79,4,0,0
kosmicznispawacze,41,left,80,4,0,0
kosmicznispawacze,41,left,81,4,0,0
kosmicznispawacze,41,left,82,4,0,0
kosmicznispawacze,41,left,83,4,0,0
kosmicznispawacze,41,left,84,4,0,0
kosmicznispawacze,41,left,85,4,0,0
kosmicznispawacze,41,left,86,4,0,0
kosmicznispawacze,41,left,87,4,0,0
kosmicznispawacze,41,left,88,4,0,0
kosmicznispawacze,41,left,89,4,0,0
kosmicznispawacze,41,left,90,4,0,0
kosmicznispawacze,41,left,91,4,0,0
kosmicznispawacze,41,left,92,4,0,0
kosmicznispawacze,41,left,93,4,0,0
kosmicznispawacze,41,left,94,4,0,0
kosmicznispawacze,41,left,95,4,0,0
kosmicznispawacze,41,left,96,4,0,0
kosmicznispawacze,41,left,97,4,0,0
kosmicznispawacze,41,left,98,4,0,0
kosmicznispawacze,41,left,99,4,0,0
kosmicznispawacze,41,left,100,4,0,0
kosmicznispawacze,41,left,101,4,0,0
kosmicznispawacze,41,left,102,4,0,0
kosmicznispawacze,41,left,103,4,0,0
kosmicznispawacze,41,left,104,5,0,0
kosmicznispawacze,41,left,105,5,0,0
kosmicznispawacze,41,left,106,5,0,0
kosmicznispawacze,41,left,107,5,0,0
kosmicznispawacze,41,left,108,5,0,0
kosmicznispawacze,41,left,109,5,0,0
kosmicznispawacze,41,left,110,5,0,0
kosmicznispawacze,41,left,111,5,0,0
kosmicznispawacze,41,left,112,5,0,0
kosmicznispawacze,41,left,113,5,0,0
kosmicznispawacze,41,left,114,5,0,0
kosmicznispawacze,41,left,115,5,0,0
kosmicznispawacze,41,left,116,5,0,0
kosmicznispawacze,41,left,117,5,0,0
kosmicznispawacze,41,left,118,5,0,0
kosmicznispawacze,41,left,119,5,0,0
kosmicznispawacze,41,left,120,5,0,0
kosmicznispawacze,41,left,121,5,0,0
kosmicznispawacze,41,left,122,5,0,0
kosmicznispawacze,41,left,123,5,0,0
kosmicznispawacze,41,left,124,5,0,0
kosmicznispawacze,41,left,125,5,0,0
kosmicznispawacze,41,left,126,5,0,0
kosmicznispawacze,41,left,127,5,0,0
kosmicznispawacze,41,left,128,5,0,0
kosmicznispawacze,41,left,129,5,0,0
kosmicznispawacze,41,left,130,6,0,0
kosmicznispawacze,41,left,131,6,0,0
kosmicznispawacze,41,left,132,6,0,0
kosmicznispawacze,41,left,133,6,0,0
kosmicznispawacze,41,left,134,6,0,0
kosmicznispawacze,41,left,135,6,0,0
kosmicznispawacze,41,left,136,6,0,0
kosmicznispawacze,41,left,137,6,0,0
kosmicznispawacze,41,left,138,6,0,0
kosmicznispawacze,41,left,139,6,0,0
kosmicznispawacze,41,left,140,6,0,0
kosmicznispawacze,41,left,141,6,0,0
kosmicznispawacze,41,left,142,6,0,0
kosmicznispawacze,41,left,143,6,0,0
kosmicznispawacze,41,left,144,6,0,0
kosmicznispawacze,41,left,145,6,0,0
kosmicznispawacze,41,left,146,6,0,0
kosmicznispawacze,41,left,147,6,0,0
kosmicznispawacze,41,left,148,6,0,0
kosmicznispawacze,41,left,149,6,0,0
kosmicznispawacze,41,left,150,6,0,0
kosmicznispawacze,41,left,151,6,0,0
kosmicznispawacze,41,left,152,6,0,0
kosmicznispawacze,41,left,153,6,0,0
kosmicznispawacze,41,left,154,6,0,0
kosmicznispawacze,41,left,155,7,0,0
kosmicznispawacze,41,left,156,7,0,0
kosmicznispawacze,41,left,157,7,0,0
kosmicznispawacze,41,left,158,7,0,0
kosmicznispawacze,41,left,159,7,0,0
kosmicznispawacze,41,left,160,7,0,0
kosmicznispawacze,41,left,161,7,0,0
kosmicznispawacze,41,left,162,7,0,0
kosmicznispawacze,41,left,163,7,0,0
kosmicznispawacze,41,left,164,7,0,0
kosmicznispawacze,41,left,165,7,0,0
kosmicznispawacze,41,left,166,7,0,0
kosmicznispawacze,41,left,167,7,0,0
kosmicznispawacze,41,left,168,7,0,0
kosmicznispawacze,41,left,169,7,0,0
kosmicznispawacze,41,left,170,7,0,0
kosmicznispawacze,41,left,171,7,0,0
kosmicznispawacze,41,left,172,7,0,0
kosmicznispawacze,41,left,173,7,0,0
kosmicznispawacze,41,left,174,7,0,0
kosmicznispawacze,41,left,175,7,0,0
kosmicznispawacze,41,left,176,7,0,0
kosmicznispawacze,41,left,177,7,0,0
kosmicznispawacze,41,left,178,8,0,0
kosmicznispawacze,41,left,179,8,0,0
kosmicznispawacze,41,left,180,8,0,0
kosmicznispawacze,41,left,181,8,0,0
kosmicznispawacze,41,left,182,8,0,0
kosmicznispawacze,41,left,183,8,0,0
kosmicznispawacze,41,left,184,8,0,0
kosmicznispawacze,41,left,185,8,0,0
kosmicznispawacze,41,left,186,8,0,0
kosmicznispawacze,41,left,187,8,0,0
kosmicznispawacze,41,left,188,8,0,0
kosmicznispawacze,41,left,189,8,0,0
kosmicznispawacze,41,left,190,8,0,0
kosmicznispawacze,41,left,191,8,0,0
kosmicznispawacze,41,left,192,8,0,0
kosmicznispawacze,41,left,193,8,0,0
kosmicznispawacze,41,left,194,8,0,0
kosmicznispawacze,41,left,195,8,0,0
kosmicznispawacze,41,left,196,8,0,0
kosmicznispawacze,41,left,197,8,0,0
kosmicznispawacze,41,left,198,8,0,0
kosmicznispawacze,41,left,199,8,0,0
kosmicznispawacze,41,left,200,8,0,0
kosmicznispawacze,41,left,201,9,0,0
kosmicznispawacze,41,left,202,9,0,0
kosmicznispawacze,41,left,203,9,0,0
kosmicznispawacze,41,left,204,9,0,0
kosmicznispawacze,41,left,205,9,0,0
kosmicznispawacze,41,left,206,9,0,0
kosmicznispawacze,41,left,207,9,0,0
kosmicznispawacze,41,left,208,9,0,0
kosmicznispawacze,41,left,209,9,0,0
kosmicznispawacze,41,left,210,9,0,0
kosmicznispawacze,41,left,211,9,0,0
kosmicznispawacze,41,left,212,9,0,0
kosmicznispawacze,41,left,213,9,0,0
kosmicznispawacze,41,left,214,9,0,0
kosmicznispawacze,41,left,215,9,0,0
kosmicznispawacze,41,left,216,9,0,0
kosmicznispawacze,41,left,217,10,0,0
kosmicznispawacze,41,left,218,10,0,0
kosmicznispawacze,41,left,219,10,0,0
kosmicznispawacze,41,left,220,10,0,0
kosmicznispawacze,41,left,221,10,0,0
kosmicznispawacze,41,left,222,10,0,0
kosmicznispawacze,41,left,223,10,0,0
kosmicznispawacze,41,left,224,10,0,0
kosmicznispawacze,41,left,225,10,0,0
kosmicznispawacze,41,left,226,11,0,0
kosmicznispawacze,41,left,227,11,0,0
kosmicznispawacze,41,left,228,11,0,0
kosmicznispawacze,41,left,229,11,0,0
kosmicznispawacze,41,left,230,11,0,0
kosmicznispawacze,41,left,231,11,0,0
kosmicznispawacze,41,left,232,11,0,0
kosmicznispawacze,41,left,233,11,0,0
kosmicznispawacze,41,left,234,11,0,0
kosmicznispawacze,41,left,235,11,0,0
kosmicznispawacze,41,left,236,11,0,0
kosmicznispawacze,41,left,237,11,0,0
kosmicznispawacze,41,left,238,11,0,0
kosmicznispawacze,41,left,239,11,0,0
kosmicznispawacze,41,left,240,11,0,0
kosmicznispawacze,41,left,241,11,0,0
kosmicznispawacze,41,left,242,11,0,0
kosmicznispawacze,41,left,243,11,0,0
kosmicznispawacze,41,left,244,11,0,0
kosmicznispawacze,41,left,245,11,0,0
kosmicznispawacze,41,left,246,11,0,0
kosmicznispawacze,41,left,247,11,0,0
kosmicznispawacze,41,left,248,11,0,0
kosmicznispawacze,41,left,249,11,0,0
kosmicznispawacze,41,left,250,11,0,0
kosmicznispawacze,41,left,251,12,0,0
kosmicznispawacze,41,left,252,12,0,0
kosmicznispawacze,41,left,253,12,0,0
kosmicznispawacze,41,left,254,12,0,0
kosmicznispawacze,41,left,255,12,0,0
kosmicznispawacze,41,left,256,12,0,0
kosmicznispawacze,41,left,257,12,0,0
kosmicznispawacze,41,left,258,12,0,0
kosmicznispawacze,41,left,259,12,0,0
kosmicznispawacze,41,left,260,12,0,0
kosmicznispawacze,41,left,261,12,0,0
kosmicznispawacze,41,left,262,12,0,0
kosmicznispawacze,41,left,263,12,0,0
kosmicznispawacze,41,left,264,12,0,0
kosmicznispawacze,41,left,265,12,0,0
kosmicznispawacze,41,left,266,12,0,0
kosmicznispawacze,41,left,267,12,0,0
kosmicznispawacze,41,left,268,12,0,0
kosmicznispawacze,41,left,269,12,0,0
kosmicznispawacze,41,left,270,12,0,0
kosmicznispawacze,41,left,271,12,0,0
kosmicznispawacze,41,left,272,12,0,0
kosmicznispawacze,41,left,273,12,0,0
kosmicznispawacze,41,left,274,12,0,0
kosmicznispawacze,41,left,275,12,0,0
kosmicznispawacze,41,left,276,12,0,0
kosmicznispawacze,41,left,277,13,0,0
kosmicznispawacze,41,left,278,13,0,0
kosmicznispawacze,41,left,279,13,0,0
kosmicznispawacze,41,left,280,13,0,0
kosmicznispawacze,41,left,281,13,0,0
kosmicznispawacze,41,left,282,13,0,0
kosmicznispawacze,41,left,283,13,0,0
kosmicznispawacze,41,left,284,13,0,0
kosmicznispawacze,41,left,285,13,0,0
kosmicznispawacze,41,left,286,13,0,0
kosmicznispawacze,41,left,287,13,0,0
kosmicznispawacze,41,left,288,13,0,0
kosmicznispawacze,41,left,289,13,0,0
kosmicznispawacze,41,left,290,13,0,0
kosmicznispawacze,41,left,291,13,0,0
kosmicznispawacze,41,left,292,13,0,0
kosmicznispawacze,41,left,293,13,0,0
kosmicznispawacze,41,left,294,13,0,0
kosmicznispawacze,41,left,295,13,0,0
kosmicznispawacze,41,left,296,13,0,0
kosmicznispawacze,41,left,297,13,0,0
kosmicznispawacze,41,left,298,13,0,0
kosmicznispawacze,41,left,299,13,0,0
kosmicznispawacze,41,left,300,13,0,0
kosmicznispawacze,41,left,301,13,0,0
kosmicznispawacze,41,left,302,13,0,0
kosmicznispawacze,41,left,303,14,0,0
kosmicznispawacze,41,left,304,14,0,0
kosmicznispawacze,41,left,305,14,0,0
kosmicznispawacze,41,left,306,14,0,0
kosmicznispawacze,41,left,307,14,0,0
kosmicznispawacze,41,left,308,14,0,0
kosmicznispawacze,41,left,309,14,0,0
kosmicznispawacze,41,left,310,14,0,0
kosmicznispawacze,41,left,311,14,0,0
kosmicznispawacze,41,left,312,14,0,0
kosmicznispawacze,41,left,313,14,0,0
kosmicznispawacze,41,left,314,14,0,0
kosmicznispawacze,41,left,315,14,0,0
kosmicznispawacze,41,left,316,14,0,0
kosmicznispawacze,41,left,317,14,0,0
kosmicznispawacze,41,left,318,14,0,0
kosmicznispawacze,41,left,319,14,0,0
kosmicznispawacze,41,left,320,14,0,0
kosmicznispawacze,41,left,321,14,0,0
kosmicznispawacze,41,left,322,14,0,0
kosmicznispawacze,41,left,323,14,0,0
kosmicznispawacze,41,left,324,14,0,0
kosmicznispawacze,41,left,325,14,0,0
kosmicznispawacze,41,left,326,14,0,0
kosmicznispawacze,41,left,327,14,0,0
kosmicznispawacze,41,left,328,14,0,0
kosmicznispawacze,41,left,329,15,0,0
kosmicznispawacze,41,left,330,15,0,0
kosmicznispawacze,41,left,331,15,0,0
kosmicznispawacze,41,left,332,15,0,0
kosmicznispawacze,41,left,333,15,0,0
kosmicznispawacze,41,left,334,15,0,0
kosmicznispawacze,41,left,335,15,0,0
kosmicznispawacze,41,left,336,15,0,0
kosmicznispawacze,41,left,337,15,0,0
kosmicznispawacze,41,left,338,15,0,0
kosmicznispawacze,41,left,339,15,0,0
kosmicznispawacze,41,left,340,15,0,0
kosmicznispawacze,41,left,341,15,0,0
kosmicznispawacze,41,left,342,15,0,0
kosmicznispawacze,41,left,343,15,0,0
kosmicznispawacze,41,left,344,15,0,0
kosmicznispawacze,41,left,345,15,0,0
kosmicznispawacze,41,left,346,15,0,0
kosmicznispawacze,41,left,347,15,0,0
kosmicznispawacze,41,left,348,15,0,0
kosmicznispawacze,41,left,349,15,0,0
kosmicznispawacze,41,left,350,15,0,0
kosmicznispawacze,41,left,351,15,0,0
kosmicznispawacze,41,left,352,15,0,0
kosmicznispawacze,41,left,353,15,0,0
kosmicznispawacze,41,left,354,15,0,0
kosmicznispawacze,41,left,355,15,0,0
kosmicznispawacze,41,left,356,15,0,0
kosmicznispawacze,41,left,357,15,0,0
kosmicznispawacze,41,left,358,15,0,0
kosmicznispawacze,41,left,359,16,0,0
kosmicznispawacze,41,left,360,16,0,0
kosmicznispawacze,41,left,361,16,0,0
kosmicznispawacze,41,left,362,16,0,0
kosmicznispawacze,41,left,363,16,0,0
kosmicznispawacze,41,left,364,16,0,0
kosmicznispawacze,41,left,365,16,0,0
kosmicznispawacze,41,left,366,16,0,0
kosmicznispawacze,41,left,367,16,0,0
kosmicznispawacze,41,left,368,16,0,0
kosmicznispawacze,41,left,369,16,0,0
kosmicznispawacze,41,left,370,16,0,0
kosmicznispawacze,41,left,371,16,0,0
kosmicznispawacze,41,left,372,16,0,0
kosmicznispawacze,41,left,373,16,0,0
kosmicznispawacze,41,left,374,16,0,0
kosmicznispawacze,41,left,375,16,0,0
kosmicznispawacze,41,left,376,16,0,0
kosmicznispawacze,41,left,377,16,0,0
kosmicznispawacze,41,left,378,16,0,0
kosmicznispawacze,41,left,379,16,0,0
kosmicznispawacze,41,left,380,16,0,0
kosmicznispawacze,41,left,381,16,0,0
kosmicznispawacze,41,left,382,16,0,0
kosmicznispawacze,41,left,383,16,0,0
kosmicznispawacze,41,left,384,16,0,0
kosmicznispawacze,41,left,385,16,0,0
kosmicznispawacze,41,left,386,16,0,0
kosmicznispawacze,41,left,387,16,0,0
kosmicznispawacze,41,left,388,16,0,0
kosmicznispawacze,41,left,389,17,0,0
kosmicznispawacze,41,left,390,17,0,0
kosmicznispawacze,41,left,391,17,0,0
kosmicznispawacze,41,left,392,17,0,0
kosmicznispawacze,41,left,393,17,0,0
kosmicznispawacze,41,left,394,17,0,0
kosmicznispawacze,41,left,395,17,0,0
kosmicznispawacze,41,left,396,17,0,0
kosmicznispawacze,41,left,397,17,0,0
kosmicznispawacze,41,left,398,17,0,0
kosmicznispawacze,41,left,399,17,0,0
kosmicznispawacze,41,left,400,17,0,0
kosmicznispawacze,41,left,401,17,0,0
kosmicznispawacze,41,left,402,17,0,0
kosmicznispawacze,41,left,403,17,0,0
kosmicznispawacze,41,left,404,17,0,0
kosmicznispawacze,41,left,405,17,0,0
kosmicznispawacze,41,left,406,17,0,0
kosmicznispawacze,41,left,407,17,0,0
kosmicznispawacze,41,left,408,17,0,0
kosmicznispawacze,41,left,409,17,0,0
kosmicznispawacze,41,left,410,17,0,0
kosmicznispawacze,41,left,411,17,0,0
kosmicznispawacze,41,left,412,17,0,0
kosmicznispawacze,41,left,413,17,0,0
kosmicznispawacze,41,left,414,17,0,0
kosmicznispawacze,41,left,415,17,0,0
kosmicznispawacze,41,left,416,17,0,0
kosmicznispawacze,41,left,417,17,0,0
kosmicznispawacze,41,left,418,17,0,0
kosmicznispawacze,41,left,419,17,0,0
kosmicznispawacze,41,left,420,17,0,0
kosmicznispawacze,41,left,421,17,0,0
kosmicznispawacze,41,left,422,18,0,0
kosmicznispawacze,41,left,423,18,0,0
kosmicznispawacze,41,left,424,18,0,0
kosmicznispawacze,41,left,425,18,0,0
kosmicznispawacze,41,left,426,18,0,0
kosmicznispawacze,41,left,427,18,0,0
kosmicznispawacze,41,left,428,18,0,0
kosmicznispawacze,41,left,429,18,0,0
kosmicznispawacze,41,left,430,18,0,0
kosmicznispawacze,41,left,431,18,0,0
kosmicznispawacze,41,left,432,18,0,0
kosmicznispawacze,41,left,433,18,0,0
kosmicznispawacze,41,left,434,18,0,0
kosmicznispawacze,41,left,435,18,0,0
kosmicznispawacze,41,left,436,18,0,0
kosmicznispawacze,41,left,437,18,0,0
kosmicznispawacze,41,left,438,18,0,0
kosmicznispawacze,41,left,439,18,0,0
kosmicznispawacze,41,left,440,18,0,0
kosmicznispawacze,41,left,441,18,0,0
kosmicznispawacze,41,left,442,18,0,0
kosmicznispawacze,41,left,443,18,0,0
kosmicznispawacze,41,left,444,18,0,0
kosmicznispawacze,41,left,445,18,0,0
kosmicznispawacze,41,left,446,18,0,0
kosmicznispawacze,41,left,447,18,0,0
kosmicznispawacze,41,left,448,18,0,0
kosmicznispawacze,41,left,449,18,0,0
kosmicznispawacze,41,left,450,18,0,0
kosmicznispawacze,41,left,451,18,0,0
kosmicznispawacze,41,left,452,19,0,0
kosmicznispawacze,41,left,453,19,0,0
kosmicznispawacze,41,left,454,19,0,0
kosmicznispawacze,41,left,455,19,0,0
kosmicznispawacze,41,left,456,19,0,0
kosmicznispawacze,41,left,457,19,0,0
kosmicznispawacze,41,left,458,19,0,0
kosmicznispawacze,41,left,459,19,0,0
kosmicznispawacze,41,left,460,19,0,0
kosmicznispawacze,41,left,461,19,0,0
kosmicznispawacze,41,left,462,19,0,0
kosmicznispawacze,41,left,463,19,0,0
kosmicznispawacze,41,left,464,19,0,0
kosmicznispawacze,41,left,465,19,0,0
kosmicznispawacze,41,left,466,19,0,0
kosmicznispawacze,41,left,467,19,0,0
kosmicznispawacze,41,left,468,19,0,0
kosmicznispawacze,41,left,469,19,0,0
kosmicznispawacze,41,left,470,19,0,0
kosmicznispawacze,41,left,471,19,0,0
kosmicznispawacze,41,left,472,19,0,0
kosmicznispawacze,41,left,473,19,0,0
kosmicznispawacze,41,left,474,19,0,0
kosmicznispawacze,41,left,475,19,0,0
kosmicznispawacze,41,left,476,19,0,0
kosmicznispawacze,41,left,477,19,0,0
kosmicznispawacze,41,left,478,19,0,0
kosmicznispawacze,41,left,479,19,0,0
kosmicznispawacze,41,left,480,19,0,0
kosmicznispawacze,41,left,481,20,0,0
kosmicznispawacze,41,left,482,20,0,0
kosmicznispawacze,41,left,483,20,0,0
kosmicznispawacze,41,left,484,20,0,0
kosmicznispawacze,41,left,485,20,0,0
kosmicznispawacze,41,left,486,20,0,0
kosmicznispawacze,41,left,487,20,0,0
kosmicznispawacze,41,left,488,20,0,0
kosmicznispawacze,41,left,489,20,0,0
kosmicznispawacze,41,left,490,20,0,0
kosmicznispawacze,41,left,491,20,0,0
kosmicznispawacze,41,left,492,20,0,0
kosmicznispawacze,41,left,493,20,0,0
kosmicznispawacze,41,left,494,20,0,0
kosmicznispawacze,41,left,495,20,0,0
kosmicznispawacze,41,left,496,20,0,0
kosmicznispawacze,41,left,497,20,0,0
kosmicznispawacze,41,left,498,20,0,0
kosmicznispawacze,41,left,499,20,0,0
kosmicznispawacze,41,left,500,20,0,0
kosmicznispawacze,41,left,501,20,0,0
kosmicznispawacze,41,left,502,20,0,0
kosmicznispawacze,41,left,503,20,0,0
kosmicznispawacze,41,left,504,20,0,0
kosmicznispawacze,41,left,505,20,0,0
kosmicznispawacze,41,left,506,20,0,0
kosmicznispawacze,41,left,507,20,0,0
kosmicznispawacze,41,left,508,21,0,0
kosmicznispawacze,41,left,509,21,0,0
kosmicznispawacze,41,left,510,21,0,0
kosmicznispawacze,41,left,511,21,0,0
kosmicznispawacze,41,left,512,21,0,0
kosmicznispawacze,41,left,513,21,0,0
kosmicznispawacze,41,left,514,21,0,0
kosmicznispawacze,41,left,515,21,0,0
kosmicznispawacze,41,left,516,21,0,0
kosmicznispawacze,41,left,517,21,0,0
kosmicznispawacze,41,left,518,21,0,0
kosmicznispawacze,41,left,519,21,0,0
kosmicznispawacze,41,left,520,21,0,0
kosmicznispawacze,41,left,521,21,0,0
kosmicznispawacze,41,left,522,21,0,0
kosmicznispawacze,41,left,523,21,0,0
kosmicznispawacze,41,left,524,21,0,0
kosmicznispawacze,41,left,525,21,0,0
kosmicznispawacze,41,left,526,21,0,0
kosmicznispawacze,41,left,527,21,0,0
kosmicznispawacze,41,left,528,21,0,0
kosmicznispawacze,41,left,529,21,0,0
kosmicznispawacze,41,left,530,21,0,0
kosmicznispawacze,41,left,531,21,0,0
kosmicznispawacze,41,left,532,22,0,0
kosmicznispawacze,41,left,533,22,0,0
kosmicznispawacze,41,left,534,22,0,0
kosmicznispawacze,41,left,535,22,0,0
kosmicznispawacze,41,left,536,22,0,0
kosmicznispawacze,41,left,537,22,0,0
kosmicznispawacze,41,left,538,22,0,0
kosmicznispawacze,41,left,539,22,0,0
kosmicznispawacze,41,left,540,22,0,0
kosmicznispawacze,41,left,541,22,0,0
kosmicznispawacze,41,left,542,22,0,0
kosmicznispawacze,41,left,543,22,0,0
kosmicznispawacze,41,left,544,22,0,0
kosmicznispawacze,41,left,545,22,0,0
kosmicznispawacze,41,left,546,22,0,0
kosmicznispawacze,41,left,547,22,0,0
kosmicznispawacze,41,left,548,22,0,0
kosmicznispawacze,41,left,549,22,0,0
kosmicznispawacze,41,left,550,22,0,0
kosmicznispawacze,41,left,551,22,0,0
kosmicznispawacze,41,left,552,22,0,0
kosmicznispawacze,41,left,553,22,0,0
kosmicznispawacze,41,left,554,22,0,0
kosmicznispawacze,41,left,555,23,0,0
kosmicznispawacze,41,left,556,23,0,0
kosmicznispawacze,41,left,557,23,0,0
kosmicznispawacze,41,left,558,23,0,0
kosmicznispawacze,41,left,559,23,0,0
kosmicznispawacze,41,left,560,23,0,0
kosmicznispawacze,41,left,561,23,0,0
kosmicznispawacze,41,left,562,23,0,0
kosmicznispawacze,41,left,563,23,0,0
kosmicznispawacze,41,left,564,23,0,0
kosmicznispawacze,41,left,565,23,0,0
kosmicznispawacze,41,left,566,23,0,0
kosmicznispawacze,41,left,567,23,0,0
kosmicznispawacze,41,left,568,23,0,0
kosmicznispawacze,41,left,569,23,0,0
kosmicznispawacze,41,left,570,23,0,0
kosmicznispawacze,41,left,571,23,0,0
kosmicznispawacze,41,left,572,23,0,0
kosmicznispawacze,41,left,573,23,0,0
kosmicznispawacze,41,left,574,23,0,0
kosmicznispawacze,41,left,575,23,0,0
kosmicznispawacze,41,left,576,23,0,0
kosmicznispawacze,41,left,577,23,0,0
kosmicznispawacze,41,left,578,23,0,0
kosmicznispawacze,41,left,579,23,0,0
kosmicznispawacze,41,left,580,23,0,0
kosmicznispawacze,41,left,581,23,0,0
kosmicznispawacze,41,left,582,23,0,0
kosmicznispawacze,41,left,583,23,0,0
kosmicznispawacze,41,left,584,23,0,0
kosmicznispawacze,41,left,585,23,0,0
kosmicznispawacze,41,left,586,23,0,0
kosmicznispawacze,41,left,587,23,0,0
kosmicznispawacze,41,left,588,23,0,0
kosmicznispawacze,41,left,589,23,0,0
kosmicznispawacze,41,left,590,23,0,0
kosmicznispawacze,41,left,591,23,0,0
kosmicznispawacze,41,left,592,23,0,0
kosmicznispawacze,41,left,593,23,0,0
kosmicznispawacze,41,left,594,23,0,0
kosmicznispawacze,41,left,595,23,0,0
kosmicznispawacze,41,left,596,23,0,0
kosmicznispawacze,41,left,597,23,0,0
kosmicznispawacze,41,left,598,23,0,0
kosmicznispawacze,41,left,599,23,0,0
kosmicznispawacze,41,left,600,23,0,0
kosmicznispawacze,41,left,601,23,0,0
kosmicznispawacze,41,left,602,23,0,0
kosmicznispawacze,41,left,603,23,0,0
kosmicznispawacze,41,left,604,23,0,0
kosmicznispawacze,41,left,605,23,0,0
kosmicznispawacze,41,left,606,23,0,0
kosmicznispawacze,41,left,607,23,0,0
kosmicznispawacze,41,left,608,23,0,0
kosmicznispawacze,41,left,609,23,0,0
kosmicznispawacze,41,left,610,23,0,0
kosmicznispawacze,41,left,611,23,0,0
kosmicznispawacze,41,left,612,23,0,0
kosmicznispawacze,41,left,613,23,0,0
kosmicznispawacze,41,left,614,23,0,0
kosmicznispawacze,41,left,615,23,0,0
kosmicznispawacze,41,left,616,23,0,0
kosmicznispawacze,41,left,617,23,0,0
kosmicznispawacze,41,left,618,23,0,0
kosmicznispawacze,41,left,619,23,0,0
kosmicznispawacze,41,left,620,23,0,0
kosmicznispawacze,41,left,621,23,0,0
kosmicznispawacze,41,left,622,23,0,0
kosmicznispawacze,41,left,623,23,0,0
kosmicznispawacze,41,left,624,23,0,0
kosmicznispawacze,41,left,625,23,0,0
kosmicznispawacze,41,left,626,24,0,0
kosmicznispawacze,41,left,627,24,0,0
kosmicznispawacze,41,left,628,24,0,0
kosmicznispawacze,41,left,629,24,0,0
kosmicznispawacze,41,left,630,24,0,0
kosmicznispawacze,41,left,631,24,0,0
kosmicznispawacze,41,left,632,24,0,0
kosmicznispawacze,41,left,633,24,0,0
kosmicznispawacze,41,left,634,24,0,0
kosmicznispawacze,41,left,635,24,0,0
kosmicznispawacze,41,left,636,24,0,0
kosmicznispawacze,41,left,637,24,0,0
kosmicznispawacze,41,left,638,24,0,0
kosmicznispawacze,41,left,639,24,0,0
kosmicznispawacze,41,left,640,24,0,0
kosmicznispawacze,41,left,641,24,0,0
kosmicznispawacze,41,left,642,24,0,0
kosmicznispawacze,41,left,643,24,0,0
kosmicznispawacze,41,left,644,24,0,0
kosmicznispawacze,41,left,645,24,0,0
kosmicznispawacze,41,left,646,24,0,0
kosmicznispawacze,41,left,647,24,0,0
kosmicznispawacze,41,left,648,24,0,0
kosmicznispawacze,41,left,649,25,0,0
kosmicznispawacze,41,left,650,25,0,0
kosmicznispawacze,41,left,651,25,0,0
kosmicznispawacze,41,left,652,25,0,0
kosmicznispawacze,41,left,653,25,0,0
kosmicznispawacze,41,left,654,25,0,0
kosmicznispawacze,41,left,655,25,0,0
kosmicznispawacze,41,left,656,25,0,0
kosmicznispawacze,41,left,657,25,0,0
kosmicznispawacze,41,left,658,25,0,0
kosmicznispawacze,41,left,659,25,0,0
kosmicznispawacze,41,left,660,25,0,0
kosmicznispawacze,41,left,661,25,0,0
kosmicznispawacze,41,left,662,25,0,0
kosmicznispawacze,41,left,663,25,0,0
kosmicznispawacze,41,left,664,25,0,0
kosmicznispawacze,41,left,665,25,0,0
kosmicznispawacze,41,left,666,25,0,0
kosmicznispawacze,41,left,667,25,0,0
kosmicznispawacze,41,left,668,25,0,0
kosmicznispawacze,41,left,669,25,0,0
kosmicznispawacze,41,left,670,26,0,0
kosmicznispawacze,41,left,671,26,0,0
kosmicznispawacze,41,left,672,26,0,0
kosmicznispawacze,41,left,673,26,0,0
kosmicznispawacze,41,left,674,26,0,0
kosmicznispawacze,41,left,675,26,0,0
kosmicznispawacze,41,left,676,26,0,0
kosmicznispawacze,41,left,677,26,0,0
kosmicznispawacze,41,left,678,26,0,0
kosmicznispawacze,41,left,679,26,0,0
kosmicznispawacze,41,left,680,26,0,0
kosmicznispawacze,41,left,681,26,0,0
kosmicznispawacze,41,left,682,26,0,0
kosmicznispawacze,41,left,683,26,0,0
kosmicznispawacze,41,left,684,26,0,0
kosmicznispawacze,41,left,685,26,0,0
kosmicznispawacze,41,left,686,26,0,0
kosmicznispawacze,41,left,687,26,0,0
kosmicznispawacze,41,left,688,26,0,0
kosmicznispawacze,41,left,689,26,0,0
kosmicznispawacze,41,left,690,26,0,0
kosmicznispawacze,41,left,691,26,0,0
kosmicznispawacze,41,left,692,26,0,0
kosmicznispawacze,41,left,693,26,0,0
kosmicznispawacze,41,left,694,27,0,0
kosmicznispawacze,41,left,695,27,0,0
kosmicznispawacze,41,left,696,27,0,0
kosmicznispawacze,41,left,697,27,0,0
kosmicznispawacze,41,left,698,27,0,0
kosmicznispawacze,41,left,699,27,0,0
kosmicznispawacze,41,left,700,27,0,0
kosmicznispawacze,41,left,701,27,0,0
kosmicznispawacze,41,left,702,27,0,0
kosmicznispawacze,41,left,703,27,0,0
kosmicznispawacze,41,left,704,27,0,0
kosmicznispawacze,41,left,705,27,0,0
kosmicznispawacze,41,left,706,27,0,0
kosmicznispawacze,41,left,707,27,0,0
kosmicznispawacze,41,left,708,27,0,0
kosmicznispawacze,41,left,709,27,0,0
kosmicznispawacze,41,left,710,27,0,0
kosmicznispawacze,41,left,711,27,0,0
kosmicznispawacze,41,left,712,27,0,0
kosmicznispawacze,41,left,713,27,0,0
kosmicznispawacze,41,left,714,27,0,0
kosmicznispawacze,41,left,715,27,0,0
kosmicznispawacze,41,left,716,28,0,0
kosmicznispawacze,41,left,717,28,0,0
kosmicznispawacze,41,left,718,29,0,0
kosmicznispawacze,41,left,719,29,0,0
kosmicznispawacze,41,left,720,29,0,0
kosmicznispawacze,41,left,721,29,0,0