team_name,train_number,left_right,frame_number,wagon,uic_0_1,uic_label
kosmicznispawacze,58,right,0,0,locomotive,0
kosmicznispawacze,58,right,1,0,locomotive,0
kosmicznispawacze,58,right,2,0,locomotive,0
kosmicznispawacze,58,right,3,0,locomotive,0
kosmicznispawacze,58,right,4,1,0,0
kosmicznispawacze,58,right,5,1,0,0
kosmicznispawacze,58,right,6,2,0,0
kosmicznispawacze,58,right,7,2,0,0
kosmicznispawacze,58,right,8,2,0,0
kosmicznispawacze,58,right,9,2,0,0
kosmicznispawacze,58,right,10,2,0,0
kosmicznispawacze,58,right,11,2,0,0
kosmicznispawacze,58,right,12,2,0,0
kosmicznispawacze,58,right,13,2,0,0
kosmicznispawacze,58,right,14,2,0,0
kosmicznispawacze,58,right,15,2,0,0
kosmicznispawacze,58,right,16,2,0,0
kosmicznispawacze,58,right,17,2,0,0
kosmicznispawacze,58,right,18,2,0,0
kosmicznispawacze,58,right,19,2,0,0
kosmicznispawacze,58,right,20,2,0,0
kosmicznispawacze,58,right,21,2,0,0
kosmicznispawacze,58,right,22,2,0,0
kosmicznispawacze,58,right,23,2,0,0
kosmicznispawacze,58,right,24,2,0,0
kosmicznispawacze,58,right,25,2,0,0
kosmicznispawacze,58,right,26,2,0,0
kosmicznispawacze,58,right,27,2,0,0
kosmicznispawacze,58,right,28,2,0,0
kosmicznispawacze,58,right,29,2,0,0
kosmicznispawacze,58,right,30,3,0,0
kosmicznispawacze,58,right,31,3,0,0
kosmicznispawacze,58,right,32,3,0,0
kosmicznispawacze,58,right,33,3,0,0
kosmicznispawacze,58,right,34,3,0,0
kosmicznispawacze,58,right,35,3,0,0
kosmicznispawacze,58,right,36,3,0,0
kosmicznispawacze,58,right,37,3,0,0
kosmicznispawacze,58,right,38,3,0,0
kosmicznispawacze,58,right,39,3,0,0
kosmicznispawacze,58,right,40,3,0,0
kosmicznispawacze,58,right,41,3,0,0
kosmicznispawacze,58,right,42,3,0,0
kosmicznispawacze,58,right,43,3,0,0
kosmicznispawacze,58,right,44,3,0,0
kosmicznispawacze,58,right,45,3,0,0
kosmicznispawacze,58,right,46,3,0,0
kosmicznispawacze,58,right,47,3,0,0
kosmicznispawacze,58,right,48,3,0,0
kosmicznispawacze,58,right,49,3,0,0
kosmicznispawacze,58,right,50,3,0,0
kosmicznispawacze,58,right,51,3,0,0
kosmicznispawacze,58,right,52,4,0,0
kosmicznispawacze,58,right,53,4,0,0
kosmicznispawacze,58,right,54,4,0,0
kosmicznispawacze,58,right,55,5,0,0
kosmicznispawacze,58,right,56,5,0,0
kosmicznispawacze,58,right,57,5,0,0
kosmicznispawacze,58,right,58,5,0,0
kosmicznispawacze,58,right,59,5,0,0
kosmicznispawacze,58,right,60,5,0,0
kosmicznispawacze,58,right,61,5,0,0
kosmicznispawacze,58,right,62,5,0,0
kosmicznispawacze,58,right,63,5,0,0
kosmicznispawacze,58,right,64,5,0,0
kosmicznispawacze,58,right,65,5,0,0
kosmicznispawacze,58,right,66,5,0,0
kosmicznispawacze,58,right,67,6,0,0
kosmicznispawacze,58,right,68,6,0,0
kosmicznispawacze,58,right,69,6,0,0
kosmicznispawacze,58,right,70,6,0,0
kosmicznispawacze,58,right,71,6,0,0
kosmicznispawacze,58,right,72,6,0,0
kosmicznispawacze,58,right,73,7,0,0
kosmicznispawacze,58,right,74,7,0,0
kosmicznispawacze,58,right,75,7,0,0
kosmicznispawacze,58,right,76,7,0,0
kosmicznispawacze,58,right,77,7,0,0
kosmicznispawacze,58,right,78,7,0,0
kosmicznispawacze,58,right,79,7,0,0
kosmicznispawacze,58,right,80,7,0,0
kosmicznispawacze,58,right,81,7,0,0
kosmicznispawacze,58,right,82,7,0,0
kosmicznispawacze,58,right,83,7,0,0
kosmicznispawacze,58,right,84,7,0,0
kosmicznispawacze,58,right,85,7,0,0
kosmicznispawacze,58,right,86,7,0,0
kosmicznispawacze,58,right,87,7,0,0
kosmicznispawacze,58,right,88,7,0,0
kosmicznispawacze,58,right,89,7,0,0
kosmicznispawacze,58,right,90,7,0,0
kosmicznispawacze,58,right,91,7,0,0
kosmicznispawacze,58,right,92,7,0,0
kosmicznispawacze,58,right,93,8,0,0
kosmicznispawacze,58,right,94,8,0,0
kosmicznispawacze,58,right,95,8,0,0
kosmicznispawacze,58,right,96,8,0,0
kosmicznispawacze,58,right,97,8,0,0
kosmicznispawacze,58,right,98,8,0,0
kosmicznispawacze,58,right,99,8,0,0
kosmicznispawacze,58,right,100,8,0,0
kosmicznispawacze,58,right,101,8,0,0
kosmicznispawacze,58,right,102,8,0,0
kosmicznispawacze,58,right,103,8,0,0
kosmicznispawacze,58,right,104,8,0,0
kosmicznispawacze,58,right,105,8,0,0
kosmicznispawacze,58,right,106,8,0,0
kosmicznispawacze,58,right,107,8,0,0
kosmicznispawacze,58,right,108,8,0,0
kosmicznispawacze,58,right,109,8,0,0
kosmicznispawacze,58,right,110,8,0,0
kosmicznispawacze,58,right,111,8,0,0
kosmicznispawacze,58,right,112,8,0,0
kosmicznispawacze,58,right,113,8,0,0
kosmicznispawacze,58,right,114,9,0,0
kosmicznispawacze,58,right,115,9,0,0
kosmicznispawacze,58,right,116,9,0,0
kosmicznispawacze,58,right,117,9,0,0
kosmicznispawacze,58,right,118,9,0,0
kosmicznispawacze,58,right,119,9,0,0
kosmicznispawacze,58,right,120,9,0,0
kosmicznispawacze,58,right,121,9,0,0
kosmicznispawacze,58,right,122,9,0,0
kosmicznispawacze,58,right,123,9,0,0
kosmicznispawacze,58,right,124,9,0,0
kosmicznispawacze,58,right,125,9,0,0
kosmicznispawacze,58,right,126,9,0,0
kosmicznispawacze,58,right,127,9,0,0
kosmicznispawacze,58,right,128,9,0,0
kosmicznispawacze,58,right,129,9,0,0
kosmicznispawacze,58,right,130,9,0,0
kosmicznispawacze,58,right,131,9,0,0
kosmicznispawacze,58,right,132,9,0,0
kosmicznispawacze,58,right,133,9,0,0
kosmicznispawacze,58,right,134,9,0,0
kosmicznispawacze,58,right,135,9,0,0
kosmicznispawacze,58,right,136,10,0,0
kosmicznispawacze,58,right,137,10,0,0
kosmicznispawacze,58,right,138,10,0,0
kosmicznispawacze,58,right,139,10,0,0
kosmicznispawacze,58,right,140,10,0,0
kosmicznispawacze,58,right,141,10,0,0
kosmicznispawacze,58,right,143,10,0,0
kosmicznispawacze,58,right,144,10,0,0
kosmicznispawacze,58,right,145,10,0,0
kosmicznispawacze,58,right,146,10,0,0
kosmicznispawacze,58,right,147,10,0,0
kosmicznispawacze,58,right,148,10,0,0
kosmicznispawacze,58,right,149,10,0,0
kosmicznispawacze,58,right,150,10,0,0
kosmicznispawacze,58,right,151,10,0,0
kosmicznispawacze,58,right,152,10,0,0
kosmicznispawacze,58,right,153,10,0,0
kosmicznispawacze,58,right,154,10,0,0
kosmicznispawacze,58,right,155,10,0,0
kosmicznispawacze,58,right,156,10,0,0
kosmicznispawacze,58,right,157,10,0,0
kosmicznispawacze,58,right,158,10,0,0
kosmicznispawacze,58,right,159,10,0,0
kosmicznispawacze,58,right,160,10,0,0
kosmicznispawacze,58,right,161,10,0,0
kosmicznispawacze,58,right,162,11,0,0
kosmicznispawacze,58,right,163,11,0,0
kosmicznispawacze,58,right,164,11,0,0
kosmicznispawacze,58,right,165,11,0,0
kosmicznispawacze,58,right,166,11,0,0
kosmicznispawacze,58,right,167,11,0,0
kosmicznispawacze,58,right,168,11,0,0
kosmicznispawacze,58,right,169,11,0,0
kosmicznispawacze,58,right,170,11,0,0
kosmicznispawacze,58,right,171,11,0,0
kosmicznispawacze,58,right,172,11,0,0
kosmicznispawacze,58,right,173,11,0,0
kosmicznispawacze,58,right,174,11,0,0
kosmicznispawacze,58,right,175,11,0,0
kosmicznispawacze,58,right,176,11,0,0
kosmicznispawacze,58,right,177,11,0,0
kosmicznispawacze,58,right,178,11,0,0
kosmicznispawacze,58,right,179,11,0,0
kosmicznispawacze,58,right,180,11,0,0
kosmicznispawacze,58,right,181,11,0,0
kosmicznispawacze,58,right,182,11,0,0
kosmicznispawacze,58,right,183,11,0,0
kosmicznispawacze,58,right,184,11,0,0
kosmicznispawacze,58,right,185,11,0,0
kosmicznispawacze,58,right,186,11,0,0
kosmicznispawacze,58,right,187,11,0,0
kosmicznispawacze,58,right,188,12,0,0
kosmicznispawacze,58,right,189,12,0,0
kosmicznispawacze,58,right,190,12,0,0
kosmicznispawacze,58,right,191,12,0,0
kosmicznispawacze,58,right,192,12,0,0
kosmicznispawacze,58,right,193,12,0,0
kosmicznispawacze,58,right,194,12,0,0
kosmicznispawacze,58,right,195,12,0,0
kosmicznispawacze,58,right,196,12,0,0
kosmicznispawacze,58,right,197,12,0,0
kosmicznispawacze,58,right,198,12,0,0
kosmicznispawacze,58,right,199,12,0,0
kosmicznispawacze,58,right,200,12,0,0
kosmicznispawacze,58,right,201,12,0,0
kosmicznispawacze,58,right,202,12,0,0
kosmicznispawacze,58,right,203,12,0,0
kosmicznispawacze,58,right,204,12,0,0
kosmicznispawacze,58,right,205,12,0,0
kosmicznispawacze,58,right,206,12,0,0
kosmicznispawacze,58,right,207,12,0,0
kosmicznispawacze,58,right,208,12,0,0
kosmicznispawacze,58,right,209,12,0,0
kosmicznispawacze,58,right,210,12,0,0
kosmicznispawacze,58,right,211,12,0,0
kosmicznispawacze,58,right,212,12,0,0
kosmicznispawacze,58,right,213,12,0,0
kosmicznispawacze,58,right,214,12,0,0
kosmicznispawacze,58,right,215,12,0,0
kosmicznispawacze,58,right,216,12,0,0
kosmicznispawacze,58,right,217,12,0,0
kosmicznispawacze,58,right,218,12,0,0
kosmicznispawacze,58,right,219,12,0,0
kosmicznispawacze,58,right,220,12,0,0
kosmicznispawacze,58,right,221,12,0,0
kosmicznispawacze,58,right,222,12,0,0
kosmicznispawacze,58,right,223,12,0,0
kosmicznispawacze,58,right,224,12,0,0
kosmicznispawacze,58,right,225,12,0,0
kosmicznispawacze,58,right,226,12,0,0
kosmicznispawacze,58,right,227,12,0,0
kosmicznispawacze,58,right,228,12,0,0
kosmicznispawacze,58,right,229,12,0,0
kosmicznispawacze,58,right,230,13,0,0
kosmicznispawacze,58,right,231,13,0,0
kosmicznispawacze,58,right,232,13,0,0
kosmicznispawacze,58,right,233,13,0,0
kosmicznispawacze,58,right,234,13,0,0
kosmicznispawacze,58,right,235,13,0,0
kosmicznispawacze,58,right,236,13,0,0
kosmicznispawacze,58,right,237,13,0,0
kosmicznispawacze,58,right,238,13,0,0
kosmicznispawacze,58,right,239,13,0,0
kosmicznispawacze,58,right,240,13,0,0
kosmicznispawacze,58,right,241,13,0,0
kosmicznispawacze,58,right,242,13,0,0
kosmicznispawacze,58,right,243,13,0,0
kosmicznispawacze,58,right,244,13,0,0
kosmicznispawacze,58,right,245,13,0,0
kosmicznispawacze,58,right,246,13,0,0
kosmicznispawacze,58,right,247,13,0,0
kosmicznispawacze,58,right,248,13,0,0
kosmicznispawacze,58,right,249,13,0,0
kosmicznispawacze,58,right,250,13,0,0
kosmicznispawacze,58,right,251,14,0,0
kosmicznispawacze,58,right,252,14,0,0
kosmicznispawacze,58,right,253,14,0,0
kosmicznispawacze,58,right,254,14,0,0
kosmicznispawacze,58,right,255,14,0,0
kosmicznispawacze,58,right,256,14,0,0
kosmicznispawacze,58,right,257,14,0,0
kosmicznispawacze,58,right,258,14,0,0
kosmicznispawacze,58,right,259,14,0,0
kosmicznispawacze,58,right,260,14,0,0
kosmicznispawacze,58,right,261,14,0,0
kosmicznispawacze,58,right,262,14,0,0
kosmicznispawacze,58,right,263,14,0,0
kosmicznispawacze,58,right,264,14,0,0
kosmicznispawacze,58,right,265,14,0,0
kosmicznispawacze,58,right,266,14,0,0
kosmicznispawacze,58,right,267,14,0,0
kosmicznispawacze,58,right,268,14,0,0
kosmicznispawacze,58,right,269,14,0,0
kosmicznispawacze,58,right,270,14,0,0
kosmicznispawacze,58,right,271,15,0,0
kosmicznispawacze,58,right,272,15,0,0
kosmicznispawacze,58,right,273,15,0,0
kosmicznispawacze,58,right,274,15,0,0
kosmicznispawacze,58,right,275,15,0,0
kosmicznispawacze,58,right,276,15,0,0
kosmicznispawacze,58,right,277,15,0,0
kosmicznispawacze,58,right,278,15,0,0
kosmicznispawacze,58,right,279,15,0,0
kosmicznispawacze,58,right,280,15,0,0
kosmicznispawacze,58,right,281,15,0,0
kosmicznispawacze,58,right,282,15,0,0
kosmicznispawacze,58,right,283,15,0,0
kosmicznispawacze,58,right,284,15,0,0
kosmicznispawacze,58,right,285,15,0,0
kosmicznispawacze,58,right,286,15,0,0
kosmicznispawacze,58,right,287,15,0,0
kosmicznispawacze,58,right,288,15,0,0
kosmicznispawacze,58,right,289,15,0,0
kosmicznispawacze,58,right,290,15,0,0
kosmicznispawacze,58,right,291,15,0,0
kosmicznispawacze,58,right,292,15,0,0
kosmicznispawacze,58,right,293,15,0,0
kosmicznispawacze,58,right,294,15,0,0
kosmicznispawacze,58,right,295,15,0,0
kosmicznispawacze,58,right,296,15,0,0
kosmicznispawacze,58,right,297,15,0,0
kosmicznispawacze,58,right,298,15,0,0
kosmicznispawacze,58,right,299,15,0,0
kosmicznispawacze,58,right,300,15,0,0
kosmicznispawacze,58,right,301,15,0,0
kosmicznispawacze,58,right,302,15,0,0
kosmicznispawacze,58,right,303,15,0,0
kosmicznispawacze,58,right,304,15,0,0
kosmicznispawacze,58,right,305,15,0,0
kosmicznispawacze,58,right,306,15,0,0
kosmicznispawacze,58,right,307,15,0,0
kosmicznispawacze,58,right,308,15,0,0
kosmicznispawacze,58,right,309,15,0,0
kosmicznispawacze,58,right,310,15,0,0
kosmicznispawacze,58,right,311,15,0,0
kosmicznispawacze,58,right,312,15,0,0
kosmicznispawacze,58,right,313,15,0,0
kosmicznispawacze,58,right,314,15,0,0
kosmicznispawacze,58,right,315,15,0,0
kosmicznispawacze,58,right,316,16,0,0
kosmicznispawacze,58,right,317,16,0,0
kosmicznispawacze,58,right,318,16,0,0
kosmicznispawacze,58,right,319,16,0,0
kosmicznispawacze,58,right,320,16,0,0
kosmicznispawacze,58,right,321,16,0,0
kosmicznispawacze,58,right,322,16,0,0
kosmicznispawacze,58,right,323,16,0,0
kosmicznispawacze,58,right,324,16,0,0
kosmicznispawacze,58,right,325,16,0,0
kosmicznispawacze,58,right,326,16,0,0
kosmicznispawacze,58,right,327,16,0,0
kosmicznispawacze,58,right,328,16,0,0
kosmicznispawacze,58,right,329,16,0,0
kosmicznispawacze,58,right,330,16,0,0
kosmicznispawacze,58,right,331,16,0,0
kosmicznispawacze,58,right,332,16,0,0
kosmicznispawacze,58,right,333,16,0,0
kosmicznispawacze,58,right,334,16,0,0
kosmicznispawacze,58,right,335,16,0,0
kosmicznispawacze,58,right,336,16,0,0
kosmicznispawacze,58,right,337,16,0,0
kosmicznispawacze,58,right,338,16,0,0
kosmicznispawacze,58,right,339,17,0,0
kosmicznispawacze,58,right,340,17,0,0
kosmicznispawacze,58,right,341,17,0,0
kosmicznispawacze,58,right,342,17,0,0
kosmicznispawacze,58,right,343,17,0,0
kosmicznispawacze,58,right,344,17,0,0
kosmicznispawacze,58,right,345,17,0,0
kosmicznispawacze,58,right,346,17,0,0
kosmicznispawacze,58,right,347,17,0,0
kosmicznispawacze,58,right,348,17,0,0
kosmicznispawacze,58,right,349,17,0,0
kosmicznispawacze,58,right,350,17,0,0
kosmicznispawacze,58,right,351,17,0,0
kosmicznispawacze,58,right,352,17,0,0
kosmicznispawacze,58,right,353,17,0,0
kosmicznispawacze,58,right,354,17,0,0
kosmicznispawacze,58,right,355,17,0,0
kosmicznispawacze,58,right,356,17,0,0
kosmicznispawacze,58,right,357,17,0,0
kosmicznispawacze,58,right,358,17,0,0
kosmicznispawacze,58,right,359,17,0,0
kosmicznispawacze,58,right,360,17,0,0
kosmicznispawacze,58,right,361,17,0,0
kosmicznispawacze,58,right,362,17,0,0
kosmicznispawacze,58,right,363,17,0,0
kosmicznispawacze,58,right,364,17,0,0
kosmicznispawacze,58,right,365,17,0,0
kosmicznispawacze,58,right,366,18,0,0
kosmicznispawacze,58,right,367,18,0,0
kosmicznispawacze,58,right,368,18,0,0
kosmicznispawacze,58,right,369,18,0,0
kosmicznispawacze,58,right,370,18,0,0
kosmicznispawacze,58,right,371,18,0,0
kosmicznispawacze,58,right,372,18,0,0
kosmicznispawacze,58,right,373,18,0,0
kosmicznispawacze,58,right,374,18,0,0
kosmicznispawacze,58,right,375,18,0,0
kosmicznispawacze,58,right,376,18,0,0
kosmicznispawacze,58,right,377,18,0,0
kosmicznispawacze,58,right,378,18,0,0
kosmicznispawacze,58,right,379,18,0,0
kosmicznispawacze,58,right,380,18,0,0
kosmicznispawacze,58,right,381,18,0,0
kosmicznispawacze,58,right,382,18,0,0
kosmicznispawacze,58,right,383,18,0,0
kosmicznispawacze,58,right,384,18,0,0
kosmicznispawacze,58,right,385,18,0,0
kosmicznispawacze,58,right,386,18,0,0
kosmicznispawacze,58,right,387,18,0,0
kosmicznispawacze,58,right,388,18,0,0
kosmicznispawacze,58,right,389,18,0,0
kosmicznispawacze,58,right,390,18,0,0
kosmicznispawacze,58,right,391,18,0,0
kosmicznispawacze,58,right,392,18,0,0
kosmicznispawacze,58,right,393,19,0,0
kosmicznispawacze,58,right,394,19,0,0
kosmicznispawacze,58,right,395,19,0,0
kosmicznispawacze,58,right,396,19,0,0
kosmicznispawacze,58,right,397,19,0,0
kosmicznispawacze,58,right,398,19,0,0
kosmicznispawacze,58,right,399,19,0,0
kosmicznispawacze,58,right,400,19,0,0
kosmicznispawacze,58,right,401,19,0,0
kosmicznispawacze,58,right,402,19,0,0
kosmicznispawacze,58,right,403,19,0,0
kosmicznispawacze,58,right,404,19,0,0
kosmicznispawacze,58,right,405,19,0,0
kosmicznispawacze,58,right,406,19,0,0
kosmicznispawacze,58,right,407,19,0,0
kosmicznispawacze,58,right,408,19,0,0
kosmicznispawacze,58,right,409,19,0,0
kosmicznispawacze,58,right,410,19,0,0
kosmicznispawacze,58,right,411,19,0,0
kosmicznispawacze,58,right,412,19,0,0
kosmicznispawacze,58,right,413,19,0,0
kosmicznispawacze,58,right,414,19,0,0
kosmicznispawacze,58,right,415,19,0,0
kosmicznispawacze,58,right,416,19,0,0
kosmicznispawacze,58,right,417,19,0,0
kosmicznispawacze,58,right,418,19,0,0
kosmicznispawacze,58,right,419,19,0,0
kosmicznispawacze,58,right,420,19,0,0
kosmicznispawacze,58,right,421,20,0,0
kosmicznispawacze,58,right,422,20,0,0
kosmicznispawacze,58,right,423,20,0,0
kosmicznispawacze,58,right,424,20,0,0
kosmicznispawacze,58,right,425,20,0,0
kosmicznispawacze,58,right,426,20,0,0
kosmicznispawacze,58,right,427,20,0,0
kosmicznispawacze,58,right,428,20,0,0
kosmicznispawacze,58,right,429,20,0,0
kosmicznispawacze,58,right,430,20,0,0
kosmicznispawacze,58,right,431,20,0,0
kosmicznispawacze,58,right,432,20,0,0
kosmicznispawacze,58,right,433,20,0,0
kosmicznispawacze,58,right,434,20,0,0
kosmicznispawacze,58,right,435,20,0,0
kosmicznispawacze,58,right,436,20,0,0
kosmicznispawacze,58,right,437,20,0,0
kosmicznispawacze,58,right,438,20,0,0
kosmicznispawacze,58,right,439,20,0,0
kosmicznispawacze,58,right,440,20,0,0
kosmicznispawacze,58,right,441,20,0,0
kosmicznispawacze,58,right,442,20,0,0
kosmicznispawacze,58,right,443,20,0,0
kosmicznispawacze,58,right,444,20,0,0
kosmicznispawacze,58,right,445,20,0,0
kosmicznispawacze,58,right,446,20,0,0
kosmicznispawacze,58,right,447,20,0,0
kosmicznispawacze,58,right,448,20,0,0
kosmicznispawacze,58,right,449,21,0,0
kosmicznispawacze,58,right,450,21,0,0
kosmicznispawacze,58,right,451,21,0,0
kosmicznispawacze,58,right,452,21,0,0
kosmicznispawacze,58,right,453,21,0,0
kosmicznispawacze,58,right,454,21,0,0
kosmicznispawacze,58,right,455,21,0,0
kosmicznispawacze,58,right,456,21,0,0
kosmicznispawacze,58,right,457,21,0,0
kosmicznispawacze,58,right,458,21,0,0
kosmicznispawacze,58,right,459,21,0,0
kosmicznispawacze,58,right,460,21,0,0
kosmicznispawacze,58,right,461,21,0,0
kosmicznispawacze,58,right,462,21,0,0
kosmicznispawacze,58,right,463,21,0,0
kosmicznispawacze,58,right,464,21,0,0
kosmicznispawacze,58,right,465,21,0,0
kosmicznispawacze,58,right,466,21,0,0
kosmicznispawacze,58,right,467,21,0,0
kosmicznispawacze,58,right,468,21,0,0
kosmicznispawacze,58,right,469,21,0,0
kosmicznispawacze,58,right,470,21,0,0
kosmicznispawacze,58,right,471,21,0,0
kosmicznispawacze,58,right,472,22,0,0
kosmicznispawacze,58,right,473,22,0,0
kosmicznispawacze,58,right,474,22,0,0
kosmicznispawacze,58,right,475,22,0,0
kosmicznispawacze,58,right,476,22,0,0
kosmicznispawacze,58,right,477,22,0,0
kosmicznispawacze,58,right,478,22,0,0
kosmicznispawacze,58,right,479,22,0,0
kosmicznispawacze,58,right,480,22,0,0
kosmicznispawacze,58,right,481,22,0,0
kosmicznispawacze,58,right,482,22,0,0
kosmicznispawacze,58,right,483,22,0,0
kosmicznispawacze,58,right,484,22,0,0
kosmicznispawacze,58,right,485,22,0,0
kosmicznispawacze,58,right,486,22,0,0
kosmicznispawacze,58,right,487,22,0,0
kosmicznispawacze,58,right,488,22,0,0
kosmicznispawacze,58,right,489,22,0,0
kosmicznispawacze,58,right,490,22,0,0
kosmicznispawacze,58,right,491,22,0,0
kosmicznispawacze,58,right,492,22,0,0
kosmicznispawacze,58,right,493,23,0,0
kosmicznispawacze,58,right,494,23,0,0
kosmicznispawacze,58,right,495,23,0,0
kosmicznispawacze,58,right,496,23,0,0
kosmicznispawacze,58,right,497,23,0,0
kosmicznispawacze,58,right,498,23,0,0
kosmicznispawacze,58,right,499,23,0,0
kosmicznispawacze,58,right,500,23,0,0
kosmicznispawacze,58,right,501,23,0,0
kosmicznispawacze,58,right,502,23,0,0
kosmicznispawacze,58,right,503,23,0,0
kosmicznispawacze,58,right,504,23,0,0
kosmicznispawacze,58,right,505,23,0,0
kosmicznispawacze,58,right,506,23,0,0
kosmicznispawacze,58,right,507,23,0,0
kosmicznispawacze,58,right,508,23,0,0
kosmicznispawacze,58,right,509,23,0,0
kosmicznispawacze,58,right,510,23,0,0
kosmicznispawacze,58,right,511,23,0,0
kosmicznispawacze,58,right,512,23,0,0
kosmicznispawacze,58,right,513,23,0,0
kosmicznispawacze,58,right,514,23,0,0
kosmicznispawacze,58,right,515,24,0,0
kosmicznispawacze,58,right,516,24,0,0
kosmicznispawacze,58,right,517,24,0,0
kosmicznispawacze,58,right,518,24,0,0
kosmicznispawacze,58,right,519,24,0,0
kosmicznispawacze,58,right,520,24,0,0
kosmicznispawacze,58,right,521,24,0,0
kosmicznispawacze,58,right,522,24,0,0
kosmicznispawacze,58,right,523,24,0,0
kosmicznispawacze,58,right,524,24,0,0
kosmicznispawacze,58,right,525,24,0,0
kosmicznispawacze,58,right,526,24,0,0
kosmicznispawacze,58,right,527,24,0,0
kosmicznispawacze,58,right,528,24,0,0
kosmicznispawacze,58,right,529,24,0,0
kosmicznispawacze,58,right,530,24,0,0
kosmicznispawacze,58,right,531,24,0,0
kosmicznispawacze,58,right,532,24,0,0
kosmicznispawacze,58,right,533,24,0,0
kosmicznispawacze,58,right,534,25,0,0
kosmicznispawacze,58,right,535,25,0,0
kosmicznispawacze,58,right,536,25,0,0
kosmicznispawacze,58,right,537,25,0,0
kosmicznispawacze,58,right,538,25,0,0
kosmicznispawacze,58,right,539,25,0,0
kosmicznispawacze,58,right,540,25,0,0
kosmicznispawacze,58,right,541,25,0,0
kosmicznispawacze,58,right,542,25,0,0
kosmicznispawacze,58,right,543,25,0,0
kosmicznispawacze,58,right,544,25,0,0
kosmicznispawacze,58,right,545,25,0,0
kosmicznispawacze,58,right,546,25,0,0
kosmicznispawacze,58,right,547,25,0,0
kosmicznispawacze,58,right,548,25,0,0
kosmicznispawacze,58,right,549,25,0,0
kosmicznispawacze,58,right,550,25,0,0
kosmicznispawacze,58,right,551,25,0,0
kosmicznispawacze,58,right,552,25,0,0
kosmicznispawacze,58,right,553,25,0,0
kosmicznispawacze,58,right,554,25,0,0
kosmicznispawacze,58,right,555,26,0,0
kosmicznispawacze,58,right,556,26,0,0
kosmicznispawacze,58,right,557,26,0,0
kosmicznispawacze,58,right,558,26,0,0
kosmicznispawacze,58,right,559,26,0,0
kosmicznispawacze,58,right,560,26,0,0
kosmicznispawacze,58,right,561,26,0,0
kosmicznispawacze,58,right,562,26,0,0
kosmicznispawacze,58,right,563,26,0,0
kosmicznispawacze,58,right,564,26,0,0
kosmicznispawacze,58,right,565,26,0,0
kosmicznispawacze,58,right,566,26,0,0
kosmicznispawacze,58,right,567,26,0,0
kosmicznispawacze,58,right,568,26,0,0
kosmicznispawacze,58,right,569,26,0,0
kosmicznispawacze,58,right,570,26,0,0
kosmicznispawacze,58,right,571,26,0,0
kosmicznispawacze,58,right,572,26,0,0
kosmicznispawacze,58,right,573,26,0,0
kosmicznispawacze,58,right,574,26,0,0
kosmicznispawacze,58,right,575,26,0,0
kosmicznispawacze,58,right,576,26,0,0
kosmicznispawacze,58,right,577,26,0,0
kosmicznispawacze,58,right,578,26,0,0
kosmicznispawacze,58,right,579,27,0,0
kosmicznispawacze,58,right,580,27,0,0
kosmicznispawacze,58,right,581,27,0,0
kosmicznispawacze,58,right,582,27,0,0
kosmicznispawacze,58,right,583,27,0,0
kosmicznispawacze,58,right,584,27,0,0
kosmicznispawacze,58,right,585,27,0,0
kosmicznispawacze,58,right,586,27,0,0
kosmicznispawacze,58,right,587,27,0,0
kosmicznispawacze,58,right,588,27,0,0
kosmicznispawacze,58,right,589,27,0,0
kosmicznispawacze,58,right,590,27,0,0
kosmicznispawacze,58,right,591,27,0,0
kosmicznispawacze,58,right,592,27,0,0
kosmicznispawacze,58,right,593,27,0,0
kosmicznispawacze,58,right,594,27,0,0
kosmicznispawacze,58,right,595,27,0,0
kosmicznispawacze,58,right,596,28,0,0
kosmicznispawacze,58,right,597,28,0,0
kosmicznispawacze,58,right,598,28,0,0
kosmicznispawacze,58,right,599,28,0,0
kosmicznispawacze,58,right,600,28,0,0
kosmicznispawacze,58,right,601,28,0,0
kosmicznispawacze,58,right,602,28,0,0
kosmicznispawacze,58,right,603,28,0,0
kosmicznispawacze,58,right,604,28,0,0
kosmicznispawacze,58,right,605,28,0,0
kosmicznispawacze,58,right,606,28,0,0
kosmicznispawacze,58,right,607,28,0,0
kosmicznispawacze,58,right,608,29,0,0
kosmicznispawacze,58,right,609,29,0,0
kosmicznispawacze,58,right,610,29,0,0
kosmicznispawacze,58,right,611,29,0,0
kosmicznispawacze,58,right,612,29,0,0
kosmicznispawacze,58,right,613,29,0,0
kosmicznispawacze,58,right,614,29,0,0
kosmicznispawacze,58,right,615,29,0,0
kosmicznispawacze,58,right,616,29,0,0
kosmicznispawacze,58,right,617,29,0,0
kosmicznispawacze,58,right,618,29,0,0
kosmicznispawacze,58,right,619,29,0,0
kosmicznispawacze,58,right,620,29,0,0
kosmicznispawacze,58,right,621,29,0,0
kosmicznispawacze,58,right,622,29,0,0
kosmicznispawacze,58,right,623,29,0,0
kosmicznispawacze,58,right,624,29,0,0
kosmicznispawacze,58,right,625,29,0,0
kosmicznispawacze,58,right,626,29,0,0
kosmicznispawacze,58,right,627,29,0,0
kosmicznispawacze,58,right,628,29,0,0
kosmicznispawacze,58,right,629,29,0,0
kosmicznispawacze,58,right,630,29,0,0
kosmicznispawacze,58,right,631,29,0,0
kosmicznispawacze,58,right,632,30,0,0
kosmicznispawacze,58,right,633,30,0,0
kosmicznispawacze,58,right,634,30,0,0
kosmicznispawacze,58,right,635,30,0,0
kosmicznispawacze,58,right,636,30,0,0
kosmicznispawacze,58,right,637,30,0,0
kosmicznispawacze,58,right,638,30,0,0
kosmicznispawacze,58,right,639,30,0,0
kosmicznispawacze,58,right,640,30,0,0
kosmicznispawacze,58,right,641,30,0,0
kosmicznispawacze,58,right,642,30,0,0
kosmicznispawacze,58,right,643,30,0,0
kosmicznispawacze,58,right,644,30,0,0
kosmicznispawacze,58,right,645,30,0,0
kosmicznispawacze,58,right,646,30,0,0
kosmicznispawacze,58,right,647,30,0,0
kosmicznispawacze,58,right,648,30,0,0
kosmicznispawacze,58,right,649,30,0,0
kosmicznispawacze,58,right,650,30,0,0
kosmicznispawacze,58,right,651,30,0,0
kosmicznispawacze,58,right,652,30,0,0
kosmicznispawacze,58,right,653,30,0,0
kosmicznispawacze,58,right,654,30,0,0
kosmicznispawacze,58,right,655,30,0,0
kosmicznispawacze,58,right,656,30,0,0
kosmicznispawacze,58,right,657,30,0,0
kosmicznispawacze,58,right,658,30,0,0
kosmicznispawacze,58,right,659,30,0,0
kosmicznispawacze,58,right,660,30,0,0
kosmicznispawacze,58,right,661,30,0,0
kosmicznispawacze,58,right,662,30,0,0
kosmicznispawacze,58,right,663,30,0,0
kosmicznispawacze,58,right,664,30,0,0
kosmicznispawacze,58,right,665,30,0,0
kosmicznispawacze,58,right,666,30,0,0
kosmicznispawacze,58,right,667,30,0,0
kosmicznispawacze,58,right,668,30,0,0
kosmicznispawacze,58,right,669,30,0,0
kosmicznispawacze,58,right,670,30,0,0
kosmicznispawacze,58,right,671,30,0,0
kosmicznispawacze,58,right,672,30,0,0
kosmicznispawacze,58,right,673,30,0,0
kosmicznispawacze,58,right,674,30,0,0
kosmicznispawacze,58,right,675,30,0,0
kosmicznispawacze,58,right,676,30,0,0
kosmicznispawacze,58,right,677,30,0,0
kosmicznispawacze,58,right,678,30,0,0
kosmicznispawacze,58,right,679,30,0,0
kosmicznispawacze,58,right,680,30,0,0
kosmicznispawacze,58,right,681,30,0,0
kosmicznispawacze,58,right,682,31,0,0
kosmicznispawacze,58,right,683,31,0,0
kosmicznispawacze,58,right,684,31,0,0
kosmicznispawacze,58,right,685,31,0,0
kosmicznispawacze,58,right,686,31,0,0
kosmicznispawacze,58,right,687,31,0,0
kosmicznispawacze,58,right,688,31,0,0
kosmicznispawacze,58,right,689,31,0,0
kosmicznispawacze,58,right,690,31,0,0
kosmicznispawacze,58,right,691,31,0,0
kosmicznispawacze,58,right,692,31,0,0
kosmicznispawacze,58,right,693,31,0,0
kosmicznispawacze,58,right,694,31,0,0
kosmicznispawacze,58,right,695,31,0,0
kosmicznispawacze,58,right,696,31,0,0
kosmicznispawacze,58,right,697,31,0,0
kosmicznispawacze,58,right,698,31,0,0
kosmicznispawacze,58,right,699,31,0,0
kosmicznispawacze,58,right,700,31,0,0
kosmicznispawacze,58,right,701,31,0,0
kosmicznispawacze,58,right,702,31,0,0
kosmicznispawacze,58,right,703,31,0,0
kosmicznispawacze,58,right,704,31,0,0
kosmicznispawacze,58,right,705,32,0,0
kosmicznispawacze,58,right,706,32,0,0
kosmicznispawacze,58,right,707,32,0,0
kosmicznispawacze,58,right,708,32,0,0
kosmicznispawacze,58,right,709,32,0,0
kosmicznispawacze,58,right,710,32,0,0
kosmicznispawacze,58,right,711,32,0,0
kosmicznispawacze,58,right,712,32,0,0
kosmicznispawacze,58,right,713,32,0,0
kosmicznispawacze,58,right,714,32,0,0
kosmicznispawacze,58,right,715,32,0,0
kosmicznispawacze,58,right,716,32,0,0
kosmicznispawacze,58,right,717,32,0,0
kosmicznispawacze,58,right,718,32,0,0
kosmicznispawacze,58,right,719,32,0,0
kosmicznispawacze,58,right,720,32,0,0
kosmicznispawacze,58,right,721,32,0,0
kosmicznispawacze,58,right,722,32,0,0
kosmicznispawacze,58,right,723,32,0,0
kosmicznispawacze,58,right,724,32,0,0
kosmicznispawacze,58,right,725,32,0,0
kosmicznispawacze,58,right,726,32,0,0
kosmicznispawacze,58,right,727,32,0,0
kosmicznispawacze,58,right,728,32,0,0
kosmicznispawacze,58,right,729,32,0,0
kosmicznispawacze,58,right,730,32,0,0
kosmicznispawacze,58,right,731,32,0,0
kosmicznispawacze,58,right,732,32,0,0
kosmicznispawacze,58,right,733,32,0,0
kosmicznispawacze,58,right,734,32,0,0
kosmicznispawacze,58,right,735,32,0,0
kosmicznispawacze,58,right,736,32,0,0
kosmicznispawacze,58,right,737,32,0,0
kosmicznispawacze,58,right,738,32,0,0
kosmicznispawacze,58,right,739,32,0,0
kosmicznispawacze,58,right,740,32,0,0
kosmicznispawacze,58,right,741,32,0,0
kosmicznispawacze,58,right,742,32,0,0
kosmicznispawacze,58,right,743,32,0,0
kosmicznispawacze,58,right,744,32,0,0
kosmicznispawacze,58,right,745,32,0,0
kosmicznispawacze,58,right,746,32,0,0
kosmicznispawacze,58,right,747,32,0,0
kosmicznispawacze,58,right,748,32,0,0
kosmicznispawacze,58,right,749,32,0,0
kosmicznispawacze,58,right,750,33,0,0
kosmicznispawacze,58,right,751,33,0,0
kosmicznispawacze,58,right,752,33,0,0
kosmicznispawacze,58,right,753,33,0,0
kosmicznispawacze,58,right,754,33,0,0
kosmicznispawacze,58,right,755,33,0,0
kosmicznispawacze,58,right,756,33,0,0
kosmicznispawacze,58,right,757,33,0,0
kosmicznispawacze,58,right,758,33,0,0
kosmicznispawacze,58,right,759,33,0,0
kosmicznispawacze,58,right,760,33,0,0
kosmicznispawacze,58,right,761,33,0,0
kosmicznispawacze,58,right,762,33,0,0
kosmicznispawacze,58,right,763,33,0,0
kosmicznispawacze,58,right,764,33,0,0
kosmicznispawacze,58,right,765,33,0,0
kosmicznispawacze,58,right,766,33,0,0
kosmicznispawacze,58,right,767,33,0,0
kosmicznispawacze,58,right,768,33,0,0
kosmicznispawacze,58,right,769,33,0,0
kosmicznispawacze,58,right,770,33,0,0
kosmicznispawacze,58,right,771,33,0,0
kosmicznispawacze,58,right,772,34,0,0
kosmicznispawacze,58,right,773,34,0,0
kosmicznispawacze,58,right,774,34,0,0
kosmicznispawacze,58,right,775,35,0,0
kosmicznispawacze,58,right,776,35,0,0
kosmicznispawacze,58,right,777,35,0,0
kosmicznispawacze,58,right,778,35,0,0
kosmicznispawacze,58,right,779,35,0,0
kosmicznispawacze,58,right,780,35,0,0
kosmicznispawacze,58,right,781,35,0,0
kosmicznispawacze,58,right,782,35,0,0
kosmicznispawacze,58,right,783,35,0,0
kosmicznispawacze,58,right,784,35,0,0
kosmicznispawacze,58,right,785,35,0,0
kosmicznispawacze,58,right,786,35,0,0
kosmicznispawacze,58,right,787,35,0,0
kosmicznispawacze,58,right,788,35,0,0
kosmicznispawacze,58,right,789,35,0,0
kosmicznispawacze,58,right,790,35,0,0
kosmicznispawacze,58,right,791,35,0,0
kosmicznispawacze,58,right,792,35,0,0
kosmicznispawacze,58,right,793,35,0,0
kosmicznispawacze,58,right,794,35,0,0
kosmicznispawacze,58,right,795,35,0,0
kosmicznispawacze,58,right,796,35,0,0
kosmicznispawacze,58,right,797,35,0,0
kosmicznispawacze,58,right,798,35,0,0
kosmicznispawacze,58,right,799,35,0,0
kosmicznispawacze,58,right,800,35,0,0
kosmicznispawacze,58,right,801,36,0,0
kosmicznispawacze,58,right,802,36,0,0
kosmicznispawacze,58,right,803,36,0,0
kosmicznispawacze,58,right,804,36,0,0
kosmicznispawacze,58,right,805,36,0,0
kosmicznispawacze,58,right,806,36,0,0
kosmicznispawacze,58,right,807,36,0,0
kosmicznispawacze,58,right,808,36,0,0
kosmicznispawacze,58,right,809,36,0,0
kosmicznispawacze,58,right,810,36,0,0
kosmicznispawacze,58,right,811,36,0,0
kosmicznispawacze,58,right,812,36,0,0
kosmicznispawacze,58,right,813,36,0,0
kosmicznispawacze,58,right,814,36,0,0
kosmicznispawacze,58,right,815,36,0,0
kosmicznispawacze,58,right,816,36,0,0
kosmicznispawacze,58,right,817,36,0,0
kosmicznispawacze,58,right,818,36,0,0
kosmicznispawacze,58,right,819,36,0,0
kosmicznispawacze,58,right,820,36,0,0
kosmicznispawacze,58,right,821,36,0,0
kosmicznispawacze,58,right,822,36,0,0
kosmicznispawacze,58,right,823,36,0,0
kosmicznispawacze,58,right,824,36,0,0
kosmicznispawacze,58,right,825,36,0,0
kosmicznispawacze,58,right,826,36,0,0
kosmicznispawacze,58,right,827,36,0,0
kosmicznispawacze,58,right,828,36,0,0
kosmicznispawacze,58,right,829,36,0,0
kosmicznispawacze,58,right,830,37,0,0
kosmicznispawacze,58,right,831,37,0,0
kosmicznispawacze,58,right,832,37,0,0
kosmicznispawacze,58,right,833,37,0,0
kosmicznispawacze,58,right,834,37,0,0
kosmicznispawacze,58,right,835,37,0,0
kosmicznispawacze,58,right,836,37,0,0
kosmicznispawacze,58,right,837,37,0,0
kosmicznispawacze,58,right,838,37,0,0
kosmicznispawacze,58,right,839,37,0,0
kosmicznispawacze,58,right,840,37,0,0