team_name,train_number,left_right,frame_number,wagon,uic_0_1,uic_label
kosmicznispawacze,40,right,0,0,locomotive,0
kosmicznispawacze,40,right,1,0,locomotive,0
kosmicznispawacze,40,right,2,0,locomotive,0
kosmicznispawacze,40,right,3,0,locomotive,0
kosmicznispawacze,40,right,4,0,locomotive,0
kosmicznispawacze,40,right,5,0,locomotive,0
kosmicznispawacze,40,right,6,0,locomotive,0
kosmicznispawacze,40,right,7,1,0,0
kosmicznispawacze,40,right,8,1,0,0
kosmicznispawacze,40,right,9,1,0,0
kosmicznispawacze,40,right,10,1,0,0
kosmicznispawacze,40,right,11,1,0,0
kosmicznispawacze,40,right,12,1,0,0
kosmicznispawacze,40,right,13,1,0,0
kosmicznispawacze,40,right,14,1,0,0
kosmicznispawacze,40,right,15,1,0,0
kosmicznispawacze,40,right,16,1,0,0
kosmicznispawacze,40,right,17,1,0,0
kosmicznispawacze,40,right,18,1,0,0
kosmicznispawacze,40,right,19,1,0,0
kosmicznispawacze,40,right,20,1,0,0
kosmicznispawacze,40,right,21,1,0,0
kosmicznispawacze,40,right,22,1,0,0
kosmicznispawacze,40,right,23,1,0,0
kosmicznispawacze,40,right,24,1,0,0
kosmicznispawacze,40,right,25,1,0,0
kosmicznispawacze,40,right,26,1,0,0
kosmicznispawacze,40,right,27,1,0,0
kosmicznispawacze,40,right,28,1,0,0
kosmicznispawacze,40,right,29,1,0,0
kosmicznispawacze,40,right,30,1,0,0
kosmicznispawacze,40,right,31,2,0,0
kosmicznispawacze,40,right,32,2,0,0
kosmicznispawacze,40,right,33,2,0,0
kosmicznispawacze,40,right,34,2,0,0
kosmicznispawacze,40,right,35,2,0,0
kosmicznispawacze,40,right,36,2,0,0
kosmicznispawacze,40,right,37,2,0,0
kosmicznispawacze,40,right,38,2,0,0
kosmicznispawacze,40,right,39,2,0,0
kosmicznispawacze,40,right,40,2,0,0
kosmicznispawacze,40,right,41,2,0,0
kosmicznispawacze,40,right,42,2,0,0
kosmicznispawacze,40,right,43,2,0,0
kosmicznispawacze,40,right,44,2,0,0
kosmicznispawacze,40,right,45,2,0,0
kosmicznispawacze,40,right,46,2,0,0
kosmicznispawacze,40,right,47,2,0,0
kosmicznispawacze,40,right,48,2,0,0
kosmicznispawacze,40,right,49,2,0,0
kosmicznispawacze,40,right,50,2,0,0
kosmicznispawacze,40,right,51,2,0,0
kosmicznispawacze,40,right,52,2,0,0
kosmicznispawacze,40,right,53,2,0,0
kosmicznispawacze,40,right,54,2,0,0
kosmicznispawacze,40,right,55,2,0,0
kosmicznispawacze,40,right,56,2,0,0
kosmicznispawacze,40,right,57,2,0,0
kosmicznispawacze,40,right,58,2,0,0
kosmicznispawacze,40,right,59,2,0,0
kosmicznispawacze,40,right,60,2,0,0
kosmicznispawacze,40,right,61,2,0,0
kosmicznispawacze,40,right,62,2,0,0
kosmicznispawacze,40,right,63,2,0,0
kosmicznispawacze,40,right,64,2,0,0
kosmicznispawacze,40,right,65,2,0,0
kosmicznispawacze,40,right,66,2,0,0
kosmicznispawacze,40,right,67,2,0,0
kosmicznispawacze,40,right,68,2,0,0
kosmicznispawacze,40,right,69,2,0,0
kosmicznispawacze,40,right,70,2,0,0
kosmicznispawacze,40,right,71,2,0,0
kosmicznispawacze,40,right,72,2,0,0
kosmicznispawacze,40,right,73,2,0,0
kosmicznispawacze,40,right,74,2,0,0
kosmicznispawacze,40,right,75,3,0,0
kosmicznispawacze,40,right,76,3,0,0
kosmicznispawacze,40,right,77,3,0,0
kosmicznispawacze,40,right,78,3,0,0
kosmicznispawacze,40,right,79,3,0,0
kosmicznispawacze,40,right,80,3,0,0
kosmicznispawacze,40,right,81,3,0,0
kosmicznispawacze,40,right,82,3,0,0
kosmicznispawacze,40,right,83,3,0,0
kosmicznispawacze,40,right,84,3,0,0
kosmicznispawacze,40,right,85,3,0,0
kosmicznispawacze,40,right,86,3,0,0
kosmicznispawacze,40,right,87,3,0,0
kosmicznispawacze,40,right,88,3,0,0
kosmicznispawacze,40,right,89,3,0,0
kosmicznispawacze,40,right,90,3,0,0
kosmicznispawacze,40,right,91,3,0,0
kosmicznispawacze,40,right,92,3,0,0
kosmicznispawacze,40,right,93,3,0,0
kosmicznispawacze,40,right,94,3,0,0
kosmicznispawacze,40,right,95,3,0,0
kosmicznispawacze,40,right,96,3,0,0
kosmicznispawacze,40,right,97,3,0,0
kosmicznispawacze,40,right,98,3,0,0
kosmicznispawacze,40,right,99,3,0,0
kosmicznispawacze,40,right,100,3,0,0
kosmicznispawacze,40,right,101,3,0,0
kosmicznispawacze,40,right,102,3,0,0
kosmicznispawacze,40,right,103,3,0,0
kosmicznispawacze,40,right,104,3,0,0
kosmicznispawacze,40,right,105,3,0,0
kosmicznispawacze,40,right,106,3,0,0
kosmicznispawacze,40,right,107,4,0,0
kosmicznispawacze,40,right,108,4,0,0
kosmicznispawacze,40,right,109,4,0,0
kosmicznispawacze,40,right,110,4,0,0
kosmicznispawacze,40,right,111,4,0,0
kosmicznispawacze,40,right,112,4,0,0
kosmicznispawacze,40,right,113,4,0,0
kosmicznispawacze,40,right,114,4,0,0
kosmicznispawacze,40,right,115,4,0,0
kosmicznispawacze,40,right,116,4,0,0
kosmicznispawacze,40,right,117,4,0,0
kosmicznispawacze,40,right,118,4,0,0
kosmicznispawacze,40,right,119,4,0,0
kosmicznispawacze,40,right,120,4,0,0
kosmicznispawacze,40,right,121,4,0,0
kosmicznispawacze,40,right,122,4,0,0
kosmicznispawacze,40,right,123,4,0,0
kosmicznispawacze,40,right,124,4,0,0
kosmicznispawacze,40,right,125,4,0,0
kosmicznispawacze,40,right,126,4,0,0
kosmicznispawacze,40,right,127,4,0,0
kosmicznispawacze,40,right,128,4,0,0
kosmicznispawacze,40,right,129,4,0,0
kosmicznispawacze,40,right,130,4,0,0
kosmicznispawacze,40,right,131,4,0,0
kosmicznispawacze,40,right,132,4,0,0
kosmicznispawacze,40,right,133,4,0,0
kosmicznispawacze,40,right,134,4,0,0
kosmicznispawacze,40,right,135,4,0,0
kosmicznispawacze,40,right,136,4,0,0
kosmicznispawacze,40,right,137,5,0,0
kosmicznispawacze,40,right,138,5,0,0
kosmicznispawacze,40,right,139,5,0,0
kosmicznispawacze,40,right,140,5,0,0
kosmicznispawacze,40,right,141,5,0,0
kosmicznispawacze,40,right,142,5,0,0
kosmicznispawacze,40,right,143,5,0,0
kosmicznispawacze,40,right,144,5,0,0
kosmicznispawacze,40,right,145,5,0,0
kosmicznispawacze,40,right,146,5,0,0
kosmicznispawacze,40,right,147,5,0,0
kosmicznispawacze,40,right,148,5,0,0
kosmicznispawacze,40,right,149,5,0,0
kosmicznispawacze,40,right,150,5,0,0
kosmicznispawacze,40,right,151,5,0,0
kosmicznispawacze,40,right,152,5,0,0
kosmicznispawacze,40,right,153,5,0,0
kosmicznispawacze,40,right,154,5,0,0
kosmicznispawacze,40,right,155,5,0,0
kosmicznispawacze,40,right,156,5,0,0
kosmicznispawacze,40,right,157,5,0,0
kosmicznispawacze,40,right,158,5,0,0
kosmicznispawacze,40,right,159,5,0,0
kosmicznispawacze,40,right,160,5,0,0
kosmicznispawacze,40,right,161,5,0,0
kosmicznispawacze,40,right,162,5,0,0
kosmicznispawacze,40,right,163,5,0,0
kosmicznispawacze,40,right,164,5,0,0
kosmicznispawacze,40,right,165,5,0,0
kosmicznispawacze,40,right,166,5,0,0
kosmicznispawacze,40,right,167,5,0,0
kosmicznispawacze,40,right,168,6,0,0
kosmicznispawacze,40,right,169,6,0,0
kosmicznispawacze,40,right,170,6,0,0
kosmicznispawacze,40,right,171,6,0,0
kosmicznispawacze,40,right,172,6,0,0
kosmicznispawacze,40,right,173,6,0,0
kosmicznispawacze,40,right,174,6,0,0
kosmicznispawacze,40,right,175,6,0,0
kosmicznispawacze,40,right,176,6,0,0
kosmicznispawacze,40,right,177,6,0,0
kosmicznispawacze,40,right,178,6,0,0
kosmicznispawacze,40,right,179,6,0,0
kosmicznispawacze,40,right,180,6,0,0
kosmicznispawacze,40,right,181,6,0,0
kosmicznispawacze,40,right,182,6,0,0
kosmicznispawacze,40,right,183,6,0,0
kosmicznispawacze,40,right,184,6,0,0
kosmicznispawacze,40,right,185,6,0,0
kosmicznispawacze,40,right,186,6,0,0
kosmicznispawacze,40,right,187,6,0,0
kosmicznispawacze,40,right,188,6,0,0
kosmicznispawacze,40,right,189,6,0,0
kosmicznispawacze,40,right,190,6,0,0
kosmicznispawacze,40,right,191,6,0,0
kosmicznispawacze,40,right,192,6,0,0
kosmicznispawacze,40,right,193,6,0,0
kosmicznispawacze,40,right,194,6,0,0
kosmicznispawacze,40,right,195,6,0,0
kosmicznispawacze,40,right,196,6,0,0
kosmicznispawacze,40,right,197,6,0,0
kosmicznispawacze,40,right,198,7,0,0
kosmicznispawacze,40,right,199,7,0,0
kosmicznispawacze,40,right,200,7,0,0
kosmicznispawacze,40,right,201,7,0,0
kosmicznispawacze,40,right,202,7,0,0
kosmicznispawacze,40,right,203,7,0,0
kosmicznispawacze,40,right,204,7,0,0
kosmicznispawacze,40,right,205,7,0,0
kosmicznispawacze,40,right,206,7,0,0
kosmicznispawacze,40,right,207,8,0,0
kosmicznispawacze,40,right,208,8,0,0
kosmicznispawacze,40,right,209,8,0,0
kosmicznispawacze,40,right,210,8,0,0
kosmicznispawacze,40,right,211,8,0,0
kosmicznispawacze,40,right,212,8,0,0
kosmicznispawacze,40,right,213,8,0,0
kosmicznispawacze,40,right,214,8,0,0
kosmicznispawacze,40,right,215,8,0,0
kosmicznispawacze,40,right,216,8,0,0
kosmicznispawacze,40,right,217,8,0,0
kosmicznispawacze,40,right,218,8,0,0
kosmicznispawacze,40,right,219,8,0,0
kosmicznispawacze,40,right,220,8,0,0
kosmicznispawacze,40,right,221,8,0,0
kosmicznispawacze,40,right,222,8,0,0
kosmicznispawacze,40,right,223,8,0,0
kosmicznispawacze,40,right,224,8,0,0
kosmicznispawacze,40,right,225,8,0,0
kosmicznispawacze,40,right,226,9,0,0
kosmicznispawacze,40,right,227,9,0,0
kosmicznispawacze,40,right,228,9,0,0
kosmicznispawacze,40,right,229,9,0,0
kosmicznispawacze,40,right,230,9,0,0
kosmicznispawacze,40,right,231,9,0,0
kosmicznispawacze,40,right,232,9,0,0
kosmicznispawacze,40,right,233,9,0,0
kosmicznispawacze,40,right,234,9,0,0
kosmicznispawacze,40,right,235,9,0,0
kosmicznispawacze,40,right,236,9,0,0
kosmicznispawacze,40,right,237,9,0,0
kosmicznispawacze,40,right,238,9,0,0
kosmicznispawacze,40,right,239,9,0,0
kosmicznispawacze,40,right,240,9,0,0
kosmicznispawacze,40,right,241,9,0,0
kosmicznispawacze,40,right,242,9,0,0
kosmicznispawacze,40,right,243,9,0,0
kosmicznispawacze,40,right,244,9,0,0
kosmicznispawacze,40,right,245,9,0,0
kosmicznispawacze,40,right,246,9,0,0
kosmicznispawacze,40,right,247,9,0,0
kosmicznispawacze,40,right,248,9,0,0
kosmicznispawacze,40,right,249,9,0,0
kosmicznispawacze,40,right,250,9,0,0
kosmicznispawacze,40,right,251,9,0,0
kosmicznispawacze,40,right,252,9,0,0
kosmicznispawacze,40,right,253,9,0,0
kosmicznispawacze,40,right,254,9,0,0
kosmicznispawacze,40,right,255,10,0,0
kosmicznispawacze,40,right,256,10,0,0
kosmicznispawacze,40,right,257,10,0,0
kosmicznispawacze,40,right,258,10,0,0
kosmicznispawacze,40,right,259,10,0,0
kosmicznispawacze,40,right,260,10,0,0
kosmicznispawacze,40,right,261,10,0,0
kosmicznispawacze,40,right,262,10,0,0
kosmicznispawacze,40,right,263,10,0,0
kosmicznispawacze,40,right,264,10,0,0
kosmicznispawacze,40,right,265,10,0,0
kosmicznispawacze,40,right,266,10,0,0
kosmicznispawacze,40,right,267,10,0,0
kosmicznispawacze,40,right,268,10,0,0
kosmicznispawacze,40,right,269,10,0,0
kosmicznispawacze,40,right,270,10,0,0
kosmicznispawacze,40,right,271,10,0,0
kosmicznispawacze,40,right,272,10,0,0
kosmicznispawacze,40,right,273,10,0,0
kosmicznispawacze,40,right,274,10,0,0
kosmicznispawacze,40,right,275,10,0,0
kosmicznispawacze,40,right,276,10,0,0
kosmicznispawacze,40,right,277,10,0,0
kosmicznispawacze,40,right,278,10,0,0
kosmicznispawacze,40,right,279,10,0,0
kosmicznispawacze,40,right,280,10,0,0
kosmicznispawacze,40,right,281,10,0,0
kosmicznispawacze,40,right,282,10,0,0
kosmicznispawacze,40,right,283,11,0,0
kosmicznispawacze,40,right,284,11,0,0
kosmicznispawacze,40,right,285,11,0,0
kosmicznispawacze,40,right,286,11,0,0
kosmicznispawacze,40,right,287,11,0,0
kosmicznispawacze,40,right,288,11,0,0
kosmicznispawacze,40,right,289,11,0,0
kosmicznispawacze,40,right,290,11,0,0
kosmicznispawacze,40,right,291,11,0,0
kosmicznispawacze,40,right,292,11,0,0
kosmicznispawacze,40,right,293,11,0,0
kosmicznispawacze,40,right,294,11,0,0
kosmicznispawacze,40,right,295,11,0,0
kosmicznispawacze,40,right,296,11,0,0
kosmicznispawacze,40,right,297,11,0,0
kosmicznispawacze,40,right,298,11,0,0
kosmicznispawacze,40,right,299,11,0,0
kosmicznispawacze,40,right,300,11,0,0
kosmicznispawacze,40,right,301,11,0,0
kosmicznispawacze,40,right,302,11,0,0
kosmicznispawacze,40,right,303,11,0,0
kosmicznispawacze,40,right,304,11,0,0
kosmicznispawacze,40,right,305,11,0,0
kosmicznispawacze,40,right,306,11,0,0
kosmicznispawacze,40,right,307,11,0,0
kosmicznispawacze,40,right,308,11,0,0
kosmicznispawacze,40,right,309,11,0,0
kosmicznispawacze,40,right,310,11,0,0
kosmicznispawacze,40,right,311,12,0,0
kosmicznispawacze,40,right,312,12,0,0
kosmicznispawacze,40,right,313,12,0,0
kosmicznispawacze,40,right,314,12,0,0
kosmicznispawacze,40,right,315,12,0,0
kosmicznispawacze,40,right,316,12,0,0
kosmicznispawacze,40,right,317,12,0,0
kosmicznispawacze,40,right,318,12,0,0
kosmicznispawacze,40,right,319,12,0,0
kosmicznispawacze,40,right,320,12,0,0
kosmicznispawacze,40,right,321,12,0,0
kosmicznispawacze,40,right,322,12,0,0
kosmicznispawacze,40,right,323,12,0,0
kosmicznispawacze,40,right,324,12,0,0
kosmicznispawacze,40,right,325,12,0,0
kosmicznispawacze,40,right,326,12,0,0
kosmicznispawacze,40,right,327,12,0,0
kosmicznispawacze,40,right,328,12,0,0
kosmicznispawacze,40,right,329,12,0,0
kosmicznispawacze,40,right,330,12,0,0
kosmicznispawacze,40,right,331,12,0,0
kosmicznispawacze,40,right,332,12,0,0
kosmicznispawacze,40,right,333,12,0,0
kosmicznispawacze,40,right,334,12,0,0
kosmicznispawacze,40,right,335,12,0,0
kosmicznispawacze,40,right,336,12,0,0
kosmicznispawacze,40,right,337,12,0,0
kosmicznispawacze,40,right,338,13,0,0
kosmicznispawacze,40,right,339,13,0,0
kosmicznispawacze,40,right,340,13,0,0
kosmicznispawacze,40,right,341,13,0,0
kosmicznispawacze,40,right,342,13,0,0
kosmicznispawacze,40,right,343,13,0,0
kosmicznispawacze,40,right,344,13,0,0
kosmicznispawacze,40,right,345,13,0,0
kosmicznispawacze,40,right,346,13,0,0
kosmicznispawacze,40,right,347,13,0,0
kosmicznispawacze,40,right,348,13,0,0
kosmicznispawacze,40,right,349,13,0,0
kosmicznispawacze,40,right,350,13,0,0
kosmicznispawacze,40,right,351,13,0,0
kosmicznispawacze,40,right,352,13,0,0
kosmicznispawacze,40,right,353,13,0,0
kosmicznispawacze,40,right,354,13,0,0
kosmicznispawacze,40,right,355,13,0,0
kosmicznispawacze,40,right,356,13,0,0
kosmicznispawacze,40,right,357,13,0,0
kosmicznispawacze,40,right,358,13,0,0
kosmicznispawacze,40,right,359,13,0,0
kosmicznispawacze,40,right,360,13,0,0
kosmicznispawacze,40,right,361,13,0,0
kosmicznispawacze,40,right,362,13,0,0
kosmicznispawacze,40,right,363,13,0,0
kosmicznispawacze,40,right,364,13,0,0
kosmicznispawacze,40,right,365,13,0,0
kosmicznispawacze,40,right,366,13,0,0
kosmicznispawacze,40,right,367,13,0,0
kosmicznispawacze,40,right,368,13,0,0
kosmicznispawacze,40,right,369,14,0,0
kosmicznispawacze,40,right,370,14,0,0
kosmicznispawacze,40,right,371,14,0,0
kosmicznispawacze,40,right,372,14,0,0
kosmicznispawacze,40,right,373,14,0,0
kosmicznispawacze,40,right,374,14,0,0
kosmicznispawacze,40,right,375,14,0,0
kosmicznispawacze,40,right,376,14,0,0
kosmicznispawacze,40,right,377,14,0,0
kosmicznispawacze,40,right,378,14,0,0
kosmicznispawacze,40,right,379,14,0,0
kosmicznispawacze,40,right,380,14,0,0
kosmicznispawacze,40,right,381,14,0,0
kosmicznispawacze,40,right,382,14,0,0
kosmicznispawacze,40,right,383,14,0,0
kosmicznispawacze,40,right,384,14,0,0
kosmicznispawacze,40,right,385,14,0,0
kosmicznispawacze,40,right,386,14,0,0
kosmicznispawacze,40,right,387,14,0,0
kosmicznispawacze,40,right,388,14,0,0
kosmicznispawacze,40,right,389,14,0,0
kosmicznispawacze,40,right,390,14,0,0
kosmicznispawacze,40,right,391,14,0,0
kosmicznispawacze,40,right,392,14,0,0
kosmicznispawacze,40,right,393,14,0,0
kosmicznispawacze,40,right,394,14,0,0
kosmicznispawacze,40,right,395,14,0,0
kosmicznispawacze,40,right,396,14,0,0
kosmicznispawacze,40,right,397,14,0,0
kosmicznispawacze,40,right,398,14,0,0
kosmicznispawacze,40,right,399,14,0,0
kosmicznispawacze,40,right,400,14,0,0
kosmicznispawacze,40,right,401,14,0,0
kosmicznispawacze,40,right,402,15,0,0
kosmicznispawacze,40,right,403,15,0,0
kosmicznispawacze,40,right,404,15,0,0
kosmicznispawacze,40,right,405,15,0,0
kosmicznispawacze,40,right,406,15,0,0
kosmicznispawacze,40,right,407,15,0,0
kosmicznispawacze,40,right,408,15,0,0
kosmicznispawacze,40,right,409,15,0,0