team_name,train_number,left_right,frame_number,wagon,uic_0_1,uic_label
kosmicznispawacze,31,left,0,0,locomotive,0
kosmicznispawacze,31,left,1,1,0,0
kosmicznispawacze,31,left,2,1,0,0
kosmicznispawacze,31,left,3,1,0,0
kosmicznispawacze,31,left,4,1,0,0
kosmicznispawacze,31,left,5,1,0,0
kosmicznispawacze,31,left,6,1,0,0
kosmicznispawacze,31,left,7,2,0,0
kosmicznispawacze,31,left,8,2,0,0
kosmicznispawacze,31,left,9,2,0,0
kosmicznispawacze,31,left,10,2,0,0
kosmicznispawacze,31,left,11,2,0,0
kosmicznispawacze,31,left,12,2,0,0
kosmicznispawacze,31,left,13,2,0,0
kosmicznispawacze,31,left,14,2,0,0
kosmicznispawacze,31,left,15,2,0,0
kosmicznispawacze,31,left,16,2,0,0
kosmicznispawacze,31,left,17,2,0,0
kosmicznispawacze,31,left,18,2,0,0
kosmicznispawacze,31,left,19,2,0,0
kosmicznispawacze,31,left,20,2,0,0
kosmicznispawacze,31,left,21,2,0,0
kosmicznispawacze,31,left,22,2,0,0
kosmicznispawacze,31,left,23,2,0,0
kosmicznispawacze,31,left,24,2,0,0
kosmicznispawacze,31,left,25,2,0,0
kosmicznispawacze,31,left,26,2,0,0
kosmicznispawacze,31,left,27,2,0,0
kosmicznispawacze,31,left,28,2,0,0
kosmicznispawacze,31,left,29,2,0,0
kosmicznispawacze,31,left,30,2,0,0
kosmicznispawacze,31,left,31,2,0,0
kosmicznispawacze,31,left,32,2,0,0
kosmicznispawacze,31,left,33,2,0,0
kosmicznispawacze,31,left,34,2,0,0
kosmicznispawacze,31,left,35,3,0,0
kosmicznispawacze,31,left,36,3,0,0
kosmicznispawacze,31,left,37,3,0,0
kosmicznispawacze,31,left,38,3,0,0
kosmicznispawacze,31,left,39,3,0,0
kosmicznispawacze,31,left,40,3,0,0
kosmicznispawacze,31,left,41,3,0,0
kosmicznispawacze,31,left,42,3,0,0
kosmicznispawacze,31,left,43,3,0,0
kosmicznispawacze,31,left,44,3,0,0
kosmicznispawacze,31,left,45,3,0,0
kosmicznispawacze,31,left,46,3,0,0
kosmicznispawacze,31,left,47,3,0,0
kosmicznispawacze,31,left,48,3,0,0
kosmicznispawacze,31,left,49,3,0,0
kosmicznispawacze,31,left,50,3,0,0
kosmicznispawacze,31,left,51,3,0,0
kosmicznispawacze,31,left,52,3,0,0
kosmicznispawacze,31,left,53,3,0,0
kosmicznispawacze,31,left,54,3,0,0
kosmicznispawacze,31,left,55,3,0,0
kosmicznispawacze,31,left,56,3,0,0
kosmicznispawacze,31,left,57,3,0,0
kosmicznispawacze,31,left,58,3,0,0
kosmicznispawacze,31,left,59,3,0,0
kosmicznispawacze,31,left,60,3,0,0
kosmicznispawacze,31,left,61,3,0,0
kosmicznispawacze,31,left,62,3,0,0
kosmicznispawacze,31,left,63,4,0,0
kosmicznispawacze,31,left,64,4,0,0
kosmicznispawacze,31,left,65,4,0,0
kosmicznispawacze,31,left,66,4,0,0
kosmicznispawacze,31,left,67,4,0,0
kosmicznispawacze,31,left,68,4,0,0
kosmicznispawacze,31,left,69,4,0,0
kosmicznispawacze,31,left,70,4,0,0
kosmicznispawacze,31,left,71,4,0,0
kosmicznispawacze,31,left,72,4,0,0
kosmicznispawacze,31,left,73,4,0,0
kosmicznispawacze,31,left,74,4,0,0
kosmicznispawacze,31,left,75,4,0,0
kosmicznispawacze,31,left,76,4,0,0
kosmicznispawacze,31,left,77,4,0,0
kosmicznispawacze,31,left,78,4,0,0
kosmicznispawacze,31,left,79,4,0,0
kosmicznispawacze,31,left,80,4,0,0
kosmicznispawacze,31,left,81,4,0,0
kosmicznispawacze,31,left,82,4,0,0
kosmicznispawacze,31,left,83,4,0,0
kosmicznispawacze,31,left,84,4,0,0
kosmicznispawacze,31,left,85,4,0,0
kosmicznispawacze,31,left,86,4,0,0
kosmicznispawacze,31,left,87,4,0,0
kosmicznispawacze,31,left,88,4,0,0
kosmicznispawacze,31,left,89,4,0,0
kosmicznispawacze,31,left,90,5,0,0
kosmicznispawacze,31,left,91,5,0,0
kosmicznispawacze,31,left,92,5,0,0
kosmicznispawacze,31,left,93,5,0,0
kosmicznispawacze,31,left,94,5,0,0
kosmicznispawacze,31,left,95,5,0,0
kosmicznispawacze,31,left,96,5,0,0
kosmicznispawacze,31,left,97,5,0,0
kosmicznispawacze,31,left,98,5,0,0
kosmicznispawacze,31,left,99,5,0,0
kosmicznispawacze,31,left,100,5,0,0
kosmicznispawacze,31,left,101,5,0,0
kosmicznispawacze,31,left,102,5,0,0
kosmicznispawacze,31,left,103,5,0,0
kosmicznispawacze,31,left,104,5,0,0
kosmicznispawacze,31,left,105,5,0,0
kosmicznispawacze,31,left,106,5,0,0
kosmicznispawacze,31,left,107,5,0,0
kosmicznispawacze,31,left,108,5,0,0
kosmicznispawacze,31,left,109,5,0,0
kosmicznispawacze,31,left,110,5,0,0
kosmicznispawacze,31,left,111,5,0,0
kosmicznispawacze,31,left,112,5,0,0
kosmicznispawacze,31,left,113,5,0,0
kosmicznispawacze,31,left,114,5,0,0
kosmicznispawacze,31,left,115,5,0,0
kosmicznispawacze,31,left,116,5,0,0
kosmicznispawacze,31,left,117,5,0,0
kosmicznispawacze,31,left,118,6,0,0
kosmicznispawacze,31,left,119,6,0,0
kosmicznispawacze,31,left,120,6,0,0
kosmicznispawacze,31,left,121,6,0,0
kosmicznispawacze,31,left,122,6,0,0
kosmicznispawacze,31,left,123,6,0,0
kosmicznispawacze,31,left,124,6,0,0
kosmicznispawacze,31,left,125,6,0,0
kosmicznispawacze,31,left,126,6,0,0
kosmicznispawacze,31,left,127,6,0,0
kosmicznispawacze,31,left,128,6,0,0
kosmicznispawacze,31,left,129,6,0,0
kosmicznispawacze,31,left,130,6,0,0
kosmicznispawacze,31,left,131,6,0,0
kosmicznispawacze,31,left,132,6,0,0
kosmicznispawacze,31,left,133,6,0,0
kosmicznispawacze,31,left,134,6,0,0
kosmicznispawacze,31,left,135,6,0,0
kosmicznispawacze,31,left,136,6,0,0
kosmicznispawacze,31,left,137,6,0,0
kosmicznispawacze,31,left,138,6,0,0
kosmicznispawacze,31,left,139,6,0,0
kosmicznispawacze,31,left,140,6,0,0
kosmicznispawacze,31,left,141,6,0,0
kosmicznispawacze,31,left,142,6,0,0
kosmicznispawacze,31,left,143,6,0,0
kosmicznispawacze,31,left,144,6,0,0
kosmicznispawacze,31,left,145,6,0,0
kosmicznispawacze,31,left,146,6,0,0
kosmicznispawacze,31,left,147,6,0,0
kosmicznispawacze,31,left,148,6,0,0
kosmicznispawacze,31,left,149,6,0,0
kosmicznispawacze,31,left,150,7,0,0
kosmicznispawacze,31,left,151,7,0,0
kosmicznispawacze,31,left,152,7,0,0
kosmicznispawacze,31,left,153,7,0,0
kosmicznispawacze,31,left,154,7,0,0
kosmicznispawacze,31,left,155,7,0,0
kosmicznispawacze,31,left,156,7,0,0
kosmicznispawacze,31,left,157,7,0,0
kosmicznispawacze,31,left,158,7,0,0
kosmicznispawacze,31,left,159,7,0,0
kosmicznispawacze,31,left,160,7,0,0
kosmicznispawacze,31,left,161,7,0,0
kosmicznispawacze,31,left,162,7,0,0
kosmicznispawacze,31,left,163,7,0,0
kosmicznispawacze,31,left,164,7,0,0
kosmicznispawacze,31,left,165,7,0,0
kosmicznispawacze,31,left,166,7,0,0
kosmicznispawacze,31,left,167,7,0,0
kosmicznispawacze,31,left,168,7,0,0
kosmicznispawacze,31,left,169,7,0,0
kosmicznispawacze,31,left,170,7,0,0
kosmicznispawacze,31,left,171,7,0,0
kosmicznispawacze,31,left,172,7,0,0
kosmicznispawacze,31,left,173,7,0,0
kosmicznispawacze,31,left,174,7,0,0
kosmicznispawacze,31,left,175,7,0,0
kosmicznispawacze,31,left,176,7,0,0
kosmicznispawacze,31,left,177,7,0,0
kosmicznispawacze,31,left,178,7,0,0
kosmicznispawacze,31,left,179,7,0,0
kosmicznispawacze,31,left,180,8,0,0
kosmicznispawacze,31,left,181,8,0,0
kosmicznispawacze,31,left,182,8,0,0
kosmicznispawacze,31,left,183,8,0,0
kosmicznispawacze,31,left,184,8,0,0
kosmicznispawacze,31,left,185,8,0,0
kosmicznispawacze,31,left,186,8,0,0
kosmicznispawacze,31,left,187,8,0,0
kosmicznispawacze,31,left,188,8,0,0
kosmicznispawacze,31,left,189,8,0,0
kosmicznispawacze,31,left,190,8,0,0
kosmicznispawacze,31,left,191,8,0,0
kosmicznispawacze,31,left,192,8,0,0
kosmicznispawacze,31,left,193,8,0,0
kosmicznispawacze,31,left,194,8,0,0
kosmicznispawacze,31,left,195,8,0,0
kosmicznispawacze,31,left,196,8,0,0
kosmicznispawacze,31,left,197,8,0,0
kosmicznispawacze,31,left,198,8,0,0
kosmicznispawacze,31,left,199,8,0,0
kosmicznispawacze,31,left,200,8,0,0
kosmicznispawacze,31,left,201,8,0,0
kosmicznispawacze,31,left,202,8,0,0
kosmicznispawacze,31,left,203,8,0,0
kosmicznispawacze,31,left,204,8,0,0
kosmicznispawacze,31,left,205,8,0,0
kosmicznispawacze,31,left,206,8,0,0
kosmicznispawacze,31,left,207,8,0,0
kosmicznispawacze,31,left,208,8,0,0
kosmicznispawacze,31,left,209,9,0,0
kosmicznispawacze,31,left,210,9,0,0
kosmicznispawacze,31,left,211,9,0,0
kosmicznispawacze,31,left,212,9,0,0
kosmicznispawacze,31,left,213,9,0,0
kosmicznispawacze,31,left,214,9,0,0
kosmicznispawacze,31,left,215,9,0,0
kosmicznispawacze,31,left,216,9,0,0
kosmicznispawacze,31,left,217,9,0,0
kosmicznispawacze,31,left,218,9,0,0
kosmicznispawacze,31,left,219,9,0,0
kosmicznispawacze,31,left,220,9,0,0
kosmicznispawacze,31,left,221,9,0,0
kosmicznispawacze,31,left,222,9,0,0
kosmicznispawacze,31,left,223,9,0,0
kosmicznispawacze,31,left,224,9,0,0
kosmicznispawacze,31,left,225,9,0,0
kosmicznispawacze,31,left,226,9,0,0
kosmicznispawacze,31,left,227,9,0,0
kosmicznispawacze,31,left,228,9,0,0
kosmicznispawacze,31,left,229,9,0,0
kosmicznispawacze,31,left,230,9,0,0
kosmicznispawacze,31,left,231,9,0,0
kosmicznispawacze,31,left,232,9,0,0
kosmicznispawacze,31,left,233,9,0,0
kosmicznispawacze,31,left,234,9,0,0
kosmicznispawacze,31,left,235,9,0,0
kosmicznispawacze,31,left,236,9,0,0
kosmicznispawacze,31,left,237,9,0,0
kosmicznispawacze,31,left,238,9,0,0
kosmicznispawacze,31,left,239,9,0,0
kosmicznispawacze,31,left,240,10,0,0
kosmicznispawacze,31,left,241,10,0,0
kosmicznispawacze,31,left,242,10,0,0
kosmicznispawacze,31,left,243,10,0,0
kosmicznispawacze,31,left,244,10,0,0
kosmicznispawacze,31,left,245,10,0,0
kosmicznispawacze,31,left,246,10,0,0
kosmicznispawacze,31,left,247,10,0,0
kosmicznispawacze,31,left,248,10,0,0
kosmicznispawacze,31,left,249,10,0,0
kosmicznispawacze,31,left,250,10,0,0
kosmicznispawacze,31,left,251,10,0,0
kosmicznispawacze,31,left,252,10,0,0
kosmicznispawacze,31,left,253,10,0,0
kosmicznispawacze,31,left,254,10,0,0
kosmicznispawacze,31,left,255,10,0,0
kosmicznispawacze,31,left,256,10,0,0
kosmicznispawacze,31,left,257,10,0,0
kosmicznispawacze,31,left,258,10,0,0
kosmicznispawacze,31,left,259,10,0,0
kosmicznispawacze,31,left,260,10,0,0
kosmicznispawacze,31,left,261,10,0,0
kosmicznispawacze,31,left,262,10,0,0
kosmicznispawacze,31,left,263,10,0,0
kosmicznispawacze,31,left,264,10,0,0
kosmicznispawacze,31,left,265,10,0,0
kosmicznispawacze,31,left,266,10,0,0
kosmicznispawacze,31,left,267,11,0,0
kosmicznispawacze,31,left,268,11,0,0
kosmicznispawacze,31,left,269,11,0,0
kosmicznispawacze,31,left,270,11,0,0
kosmicznispawacze,31,left,271,11,0,0
kosmicznispawacze,31,left,272,11,0,0
kosmicznispawacze,31,left,273,11,0,0
kosmicznispawacze,31,left,274,11,0,0
kosmicznispawacze,31,left,275,11,0,0
kosmicznispawacze,31,left,276,11,0,0
kosmicznispawacze,31,left,277,11,0,0
kosmicznispawacze,31,left,278,11,0,0
kosmicznispawacze,31,left,279,11,0,0
kosmicznispawacze,31,left,280,11,0,0
kosmicznispawacze,31,left,281,11,0,0
kosmicznispawacze,31,left,282,11,0,0
kosmicznispawacze,31,left,283,11,0,0
kosmicznispawacze,31,left,284,11,0,0
kosmicznispawacze,31,left,285,11,0,0
kosmicznispawacze,31,left,286,11,0,0
kosmicznispawacze,31,left,287,11,0,0
kosmicznispawacze,31,left,288,11,0,0
kosmicznispawacze,31,left,289,11,0,0
kosmicznispawacze,31,left,290,11,0,0
kosmicznispawacze,31,left,291,11,0,0
kosmicznispawacze,31,left,292,11,0,0
kosmicznispawacze,31,left,293,11,0,0
kosmicznispawacze,31,left,294,12,0,0
kosmicznispawacze,31,left,295,12,0,0
kosmicznispawacze,31,left,296,12,0,0
kosmicznispawacze,31,left,297,12,0,0
kosmicznispawacze,31,left,298,12,0,0
kosmicznispawacze,31,left,299,12,0,0
kosmicznispawacze,31,left,300,12,0,0
kosmicznispawacze,31,left,301,12,0,0
kosmicznispawacze,31,left,302,12,0,0
kosmicznispawacze,31,left,303,12,0,0
kosmicznispawacze,31,left,304,12,0,0
kosmicznispawacze,31,left,305,12,0,0
kosmicznispawacze,31,left,306,12,0,0
kosmicznispawacze,31,left,307,12,0,0
kosmicznispawacze,31,left,308,12,0,0
kosmicznispawacze,31,left,309,12,0,0
kosmicznispawacze,31,left,310,12,0,0
kosmicznispawacze,31,left,311,12,0,0
kosmicznispawacze,31,left,312,12,0,0
kosmicznispawacze,31,left,313,12,0,0
kosmicznispawacze,31,left,314,12,0,0
kosmicznispawacze,31,left,315,12,0,0
kosmicznispawacze,31,left,316,12,0,0
kosmicznispawacze,31,left,317,12,0,0
kosmicznispawacze,31,left,318,12,0,0
kosmicznispawacze,31,left,319,12,0,0
kosmicznispawacze,31,left,320,13,0,0
kosmicznispawacze,31,left,321,13,0,0
kosmicznispawacze,31,left,322,13,0,0
kosmicznispawacze,31,left,323,13,0,0
kosmicznispawacze,31,left,324,13,0,0
kosmicznispawacze,31,left,325,13,0,0
kosmicznispawacze,31,left,326,13,0,0
kosmicznispawacze,31,left,327,13,0,0
kosmicznispawacze,31,left,328,13,0,0
kosmicznispawacze,31,left,329,13,0,0
kosmicznispawacze,31,left,330,13,0,0
kosmicznispawacze,31,left,331,13,0,0
kosmicznispawacze,31,left,332,13,0,0
kosmicznispawacze,31,left,333,13,0,0
kosmicznispawacze,31,left,334,13,0,0
kosmicznispawacze,31,left,335,13,0,0
kosmicznispawacze,31,left,336,13,0,0
kosmicznispawacze,31,left,337,13,0,0
kosmicznispawacze,31,left,338,13,0,0
kosmicznispawacze,31,left,339,13,0,0
kosmicznispawacze,31,left,340,13,0,0
kosmicznispawacze,31,left,341,13,0,0
kosmicznispawacze,31,left,342,13,0,0
kosmicznispawacze,31,left,343,13,0,0
kosmicznispawacze,31,left,344,13,0,0
kosmicznispawacze,31,left,345,13,0,0
kosmicznispawacze,31,left,346,13,0,0
kosmicznispawacze,31,left,347,14,0,0
kosmicznispawacze,31,left,348,14,0,0
kosmicznispawacze,31,left,349,14,0,0
kosmicznispawacze,31,left,350,14,0,0
kosmicznispawacze,31,left,351,14,0,0
kosmicznispawacze,31,left,352,14,0,0
kosmicznispawacze,31,left,353,14,0,0
kosmicznispawacze,31,left,354,14,0,0
kosmicznispawacze,31,left,355,14,0,0
kosmicznispawacze,31,left,356,14,0,0
kosmicznispawacze,31,left,357,14,0,0
kosmicznispawacze,31,left,358,14,0,0
kosmicznispawacze,31,left,359,14,0,0
kosmicznispawacze,31,left,360,14,0,0
kosmicznispawacze,31,left,361,14,0,0
kosmicznispawacze,31,left,362,14,0,0
kosmicznispawacze,31,left,363,14,0,0
kosmicznispawacze,31,left,364,14,0,0
kosmicznispawacze,31,left,365,14,0,0
kosmicznispawacze,31,left,366,14,0,0
kosmicznispawacze,31,left,367,14,0,0
kosmicznispawacze,31,left,368,14,0,0
kosmicznispawacze,31,left,369,14,0,0
kosmicznispawacze,31,left,370,14,0,0
kosmicznispawacze,31,left,371,14,0,0
kosmicznispawacze,31,left,372,14,0,0
kosmicznispawacze,31,left,373,14,0,0
kosmicznispawacze,31,left,374,14,0,0
kosmicznispawacze,31,left,375,14,0,0
kosmicznispawacze,31,left,376,15,0,0
kosmicznispawacze,31,left,377,15,0,0
kosmicznispawacze,31,left,378,15,0,0
kosmicznispawacze,31,left,379,15,0,0
kosmicznispawacze,31,left,380,15,0,0
kosmicznispawacze,31,left,381,15,0,0
kosmicznispawacze,31,left,382,15,0,0
kosmicznispawacze,31,left,383,15,0,0
kosmicznispawacze,31,left,384,15,0,0
kosmicznispawacze,31,left,385,15,0,0
kosmicznispawacze,31,left,386,15,0,0
kosmicznispawacze,31,left,387,15,0,0
kosmicznispawacze,31,left,388,15,0,0
kosmicznispawacze,31,left,389,15,0,0
kosmicznispawacze,31,left,390,15,0,0
kosmicznispawacze,31,left,391,15,0,0
kosmicznispawacze,31,left,392,15,0,0
kosmicznispawacze,31,left,393,15,0,0
kosmicznispawacze,31,left,394,15,0,0
kosmicznispawacze,31,left,395,15,0,0
kosmicznispawacze,31,left,396,15,0,0
kosmicznispawacze,31,left,397,15,0,0
kosmicznispawacze,31,left,398,15,0,0
kosmicznispawacze,31,left,399,15,0,0
kosmicznispawacze,31,left,400,15,0,0
kosmicznispawacze,31,left,401,15,0,0
kosmicznispawacze,31,left,402,15,0,0
kosmicznispawacze,31,left,403,15,0,0
kosmicznispawacze,31,left,404,15,0,0
kosmicznispawacze,31,left,405,16,0,0
kosmicznispawacze,31,left,406,16,0,0
kosmicznispawacze,31,left,407,16,0,0
kosmicznispawacze,31,left,408,16,0,0
kosmicznispawacze,31,left,409,16,0,0
kosmicznispawacze,31,left,410,16,0,0
kosmicznispawacze,31,left,411,16,0,0
kosmicznispawacze,31,left,412,16,0,0
kosmicznispawacze,31,left,413,16,0,0
kosmicznispawacze,31,left,414,16,0,0
kosmicznispawacze,31,left,415,16,0,0
kosmicznispawacze,31,left,416,16,0,0
kosmicznispawacze,31,left,417,16,0,0
kosmicznispawacze,31,left,418,16,0,0
kosmicznispawacze,31,left,419,16,0,0
kosmicznispawacze,31,left,420,16,0,0
kosmicznispawacze,31,left,421,16,0,0
kosmicznispawacze,31,left,422,16,0,0
kosmicznispawacze,31,left,423,16,0,0
kosmicznispawacze,31,left,424,16,0,0
kosmicznispawacze,31,left,425,16,0,0
kosmicznispawacze,31,left,426,16,0,0
kosmicznispawacze,31,left,427,16,0,0
kosmicznispawacze,31,left,428,16,0,0
kosmicznispawacze,31,left,429,16,0,0
kosmicznispawacze,31,left,430,16,0,0
kosmicznispawacze,31,left,431,16,0,0
kosmicznispawacze,31,left,432,17,0,0
kosmicznispawacze,31,left,433,17,0,0
kosmicznispawacze,31,left,434,17,0,0
kosmicznispawacze,31,left,435,17,0,0
kosmicznispawacze,31,left,436,17,0,0
kosmicznispawacze,31,left,437,17,0,0
kosmicznispawacze,31,left,438,17,0,0
kosmicznispawacze,31,left,439,17,0,0
kosmicznispawacze,31,left,440,17,0,0
kosmicznispawacze,31,left,441,17,0,0
kosmicznispawacze,31,left,442,17,0,0
kosmicznispawacze,31,left,443,17,0,0
kosmicznispawacze,31,left,444,17,0,0
kosmicznispawacze,31,left,445,17,0,0
kosmicznispawacze,31,left,446,17,0,0
kosmicznispawacze,31,left,447,17,0,0
kosmicznispawacze,31,left,448,17,0,0
kosmicznispawacze,31,left,449,17,0,0
kosmicznispawacze,31,left,450,17,0,0
kosmicznispawacze,31,left,451,17,0,0
kosmicznispawacze,31,left,452,17,0,0
kosmicznispawacze,31,left,453,17,0,0
kosmicznispawacze,31,left,454,17,0,0
kosmicznispawacze,31,left,455,17,0,0
kosmicznispawacze,31,left,456,17,0,0
kosmicznispawacze,31,left,457,18,0,0
kosmicznispawacze,31,left,458,18,0,0
kosmicznispawacze,31,left,459,18,0,0
kosmicznispawacze,31,left,460,18,0,0
kosmicznispawacze,31,left,461,18,0,0
kosmicznispawacze,31,left,462,18,0,0
kosmicznispawacze,31,left,463,18,0,0
kosmicznispawacze,31,left,464,18,0,0
kosmicznispawacze,31,left,465,18,0,0
kosmicznispawacze,31,left,466,18,0,0
kosmicznispawacze,31,left,467,18,0,0
kosmicznispawacze,31,left,468,18,0,0
kosmicznispawacze,31,left,469,18,0,0
kosmicznispawacze,31,left,470,18,0,0
kosmicznispawacze,31,left,471,18,0,0
kosmicznispawacze,31,left,472,18,0,0
kosmicznispawacze,31,left,473,19,0,0
kosmicznispawacze,31,left,474,19,0,0
kosmicznispawacze,31,left,475,19,0,0
kosmicznispawacze,31,left,476,19,0,0
kosmicznispawacze,31,left,477,19,0,0
kosmicznispawacze,31,left,478,19,0,0
kosmicznispawacze,31,left,479,19,0,0
kosmicznispawacze,31,left,480,19,0,0
kosmicznispawacze,31,left,481,19,0,0
kosmicznispawacze,31,left,482,19,0,0
kosmicznispawacze,31,left,483,20,0,0
kosmicznispawacze,31,left,484,20,0,0
kosmicznispawacze,31,left,485,20,0,0
kosmicznispawacze,31,left,486,20,0,0
kosmicznispawacze,31,left,487,20,0,0
kosmicznispawacze,31,left,488,20,0,0
kosmicznispawacze,31,left,489,20,0,0
kosmicznispawacze,31,left,490,20,0,0
kosmicznispawacze,31,left,491,20,0,0
kosmicznispawacze,31,left,492,20,0,0
kosmicznispawacze,31,left,493,20,0,0
kosmicznispawacze,31,left,494,20,0,0
kosmicznispawacze,31,left,495,20,0,0
kosmicznispawacze,31,left,496,20,0,0
kosmicznispawacze,31,left,497,20,0,0
kosmicznispawacze,31,left,498,20,0,0
kosmicznispawacze,31,left,499,20,0,0
kosmicznispawacze,31,left,500,20,0,0
kosmicznispawacze,31,left,501,20,0,0
kosmicznispawacze,31,left,502,20,0,0
kosmicznispawacze,31,left,503,20,0,0
kosmicznispawacze,31,left,504,20,0,0
kosmicznispawacze,31,left,505,20,0,0
kosmicznispawacze,31,left,506,20,0,0
kosmicznispawacze,31,left,507,20,0,0
kosmicznispawacze,31,left,508,21,0,0
kosmicznispawacze,31,left,509,21,0,0
kosmicznispawacze,31,left,510,21,0,0
kosmicznispawacze,31,left,511,21,0,0
kosmicznispawacze,31,left,512,21,0,0
kosmicznispawacze,31,left,513,21,0,0
kosmicznispawacze,31,left,514,21,0,0
kosmicznispawacze,31,left,515,21,0,0
kosmicznispawacze,31,left,516,21,0,0
kosmicznispawacze,31,left,517,21,0,0
kosmicznispawacze,31,left,518,21,0,0
kosmicznispawacze,31,left,519,21,0,0
kosmicznispawacze,31,left,520,21,0,0
kosmicznispawacze,31,left,521,21,0,0
kosmicznispawacze,31,left,522,21,0,0
kosmicznispawacze,31,left,523,21,0,0
kosmicznispawacze,31,left,524,21,0,0
kosmicznispawacze,31,left,525,21,0,0
kosmicznispawacze,31,left,526,21,0,0
kosmicznispawacze,31,left,527,21,0,0
kosmicznispawacze,31,left,528,21,0,0
kosmicznispawacze,31,left,529,21,0,0
kosmicznispawacze,31,left,530,21,0,0
kosmicznispawacze,31,left,531,21,0,0
kosmicznispawacze,31,left,532,21,0,0
kosmicznispawacze,31,left,533,21,0,0
kosmicznispawacze,31,left,534,22,0,0
kosmicznispawacze,31,left,535,22,0,0
kosmicznispawacze,31,left,536,22,0,0
kosmicznispawacze,31,left,537,22,0,0
kosmicznispawacze,31,left,538,22,0,0
kosmicznispawacze,31,left,539,22,0,0
kosmicznispawacze,31,left,540,22,0,0
kosmicznispawacze,31,left,541,22,0,0
kosmicznispawacze,31,left,542,22,0,0
kosmicznispawacze,31,left,543,22,0,0
kosmicznispawacze,31,left,544,22,0,0
kosmicznispawacze,31,left,545,22,0,0
kosmicznispawacze,31,left,546,22,0,0
kosmicznispawacze,31,left,547,22,0,0
kosmicznispawacze,31,left,548,22,0,0
kosmicznispawacze,31,left,549,22,0,0
kosmicznispawacze,31,left,550,22,0,0
kosmicznispawacze,31,left,551,22,0,0
kosmicznispawacze,31,left,552,22,0,0
kosmicznispawacze,31,left,553,22,0,0
kosmicznispawacze,31,left,554,22,0,0
kosmicznispawacze,31,left,555,22,0,0
kosmicznispawacze,31,left,556,22,0,0
kosmicznispawacze,31,left,557,22,0,0
kosmicznispawacze,31,left,558,22,0,0
kosmicznispawacze,31,left,559,22,0,0
kosmicznispawacze,31,left,560,23,0,0
kosmicznispawacze,31,left,561,23,0,0
kosmicznispawacze,31,left,562,23,0,0
kosmicznispawacze,31,left,563,23,0,0
kosmicznispawacze,31,left,564,23,0,0
kosmicznispawacze,31,left,565,23,0,0
kosmicznispawacze,31,left,566,23,0,0
kosmicznispawacze,31,left,567,23,0,0
kosmicznispawacze,31,left,568,23,0,0
kosmicznispawacze,31,left,569,23,0,0
kosmicznispawacze,31,left,570,23,0,0
kosmicznispawacze,31,left,571,23,0,0
kosmicznispawacze,31,left,572,23,0,0
kosmicznispawacze,31,left,573,23,0,0
kosmicznispawacze,31,left,574,23,0,0
kosmicznispawacze,31,left,575,23,0,0
kosmicznispawacze,31,left,576,23,0,0
kosmicznispawacze,31,left,577,23,0,0
kosmicznispawacze,31,left,578,23,0,0
kosmicznispawacze,31,left,579,23,0,0
kosmicznispawacze,31,left,580,23,0,0
kosmicznispawacze,31,left,581,23,0,0
kosmicznispawacze,31,left,582,23,0,0
kosmicznispawacze,31,left,583,23,0,0
kosmicznispawacze,31,left,584,23,0,0
kosmicznispawacze,31,left,585,23,0,0
kosmicznispawacze,31,left,586,24,0,0
kosmicznispawacze,31,left,587,24,0,0
kosmicznispawacze,31,left,588,24,0,0
kosmicznispawacze,31,left,589,24,0,0
kosmicznispawacze,31,left,590,24,0,0
kosmicznispawacze,31,left,591,24,0,0
kosmicznispawacze,31,left,592,24,0,0
kosmicznispawacze,31,left,593,24,0,0
kosmicznispawacze,31,left,594,24,0,0
kosmicznispawacze,31,left,595,24,0,0
kosmicznispawacze,31,left,596,24,0,0
kosmicznispawacze,31,left,597,24,0,0
kosmicznispawacze,31,left,598,24,0,0
kosmicznispawacze,31,left,599,24,0,0
kosmicznispawacze,31,left,600,24,0,0
kosmicznispawacze,31,left,601,24,0,0
kosmicznispawacze,31,left,602,24,0,0
kosmicznispawacze,31,left,603,24,0,0
kosmicznispawacze,31,left,604,24,0,0
kosmicznispawacze,31,left,605,24,0,0
kosmicznispawacze,31,left,606,24,0,0
kosmicznispawacze,31,left,607,24,0,0
kosmicznispawacze,31,left,608,24,0,0
kosmicznispawacze,31,left,609,24,0,0
kosmicznispawacze,31,left,610,24,0,0
kosmicznispawacze,31,left,611,24,0,0
kosmicznispawacze,31,left,612,25,0,0
kosmicznispawacze,31,left,613,25,0,0
kosmicznispawacze,31,left,614,25,0,0
kosmicznispawacze,31,left,615,25,0,0
kosmicznispawacze,31,left,616,25,0,0
kosmicznispawacze,31,left,617,25,0,0
kosmicznispawacze,31,left,618,25,0,0
kosmicznispawacze,31,left,619,25,0,0
kosmicznispawacze,31,left,620,25,0,0
kosmicznispawacze,31,left,621,25,0,0
kosmicznispawacze,31,left,622,25,0,0
kosmicznispawacze,31,left,623,25,0,0
kosmicznispawacze,31,left,624,25,0,0
kosmicznispawacze,31,left,625,25,0,0
kosmicznispawacze,31,left,626,25,0,0
kosmicznispawacze,31,left,627,25,0,0
kosmicznispawacze,31,left,628,25,0,0
kosmicznispawacze,31,left,629,25,0,0
kosmicznispawacze,31,left,630,25,0,0
kosmicznispawacze,31,left,631,25,0,0
kosmicznispawacze,31,left,632,25,0,0
kosmicznispawacze,31,left,633,25,0,0
kosmicznispawacze,31,left,634,25,0,0
kosmicznispawacze,31,left,635,25,0,0
kosmicznispawacze,31,left,636,25,0,0
kosmicznispawacze,31,left,637,26,0,0
kosmicznispawacze,31,left,638,26,0,0
kosmicznispawacze,31,left,639,26,0,0
kosmicznispawacze,31,left,640,26,0,0
kosmicznispawacze,31,left,641,26,0,0
kosmicznispawacze,31,left,642,26,0,0
kosmicznispawacze,31,left,643,26,0,0
kosmicznispawacze,31,left,644,26,0,0
kosmicznispawacze,31,left,645,26,0,0
kosmicznispawacze,31,left,646,26,0,0
kosmicznispawacze,31,left,647,26,0,0
kosmicznispawacze,31,left,648,26,0,0
kosmicznispawacze,31,left,649,26,0,0
kosmicznispawacze,31,left,650,26,0,0
kosmicznispawacze,31,left,651,26,0,0
kosmicznispawacze,31,left,652,26,0,0
kosmicznispawacze,31,left,653,26,0,0
kosmicznispawacze,31,left,654,26,0,0
kosmicznispawacze,31,left,655,26,0,0
kosmicznispawacze,31,left,656,26,0,0
kosmicznispawacze,31,left,657,26,0,0
kosmicznispawacze,31,left,658,26,0,0
kosmicznispawacze,31,left,659,26,0,0
kosmicznispawacze,31,left,660,26,0,0
kosmicznispawacze,31,left,661,26,0,0
kosmicznispawacze,31,left,662,26,0,0
kosmicznispawacze,31,left,663,27,0,0
kosmicznispawacze,31,left,664,27,0,0
kosmicznispawacze,31,left,665,27,0,0
kosmicznispawacze,31,left,666,27,0,0
kosmicznispawacze,31,left,667,27,0,0
kosmicznispawacze,31,left,668,27,0,0
kosmicznispawacze,31,left,669,27,0,0
kosmicznispawacze,31,left,670,27,0,0
kosmicznispawacze,31,left,671,27,0,0
kosmicznispawacze,31,left,672,27,0,0
kosmicznispawacze,31,left,673,27,0,0
kosmicznispawacze,31,left,674,27,0,0
kosmicznispawacze,31,left,675,27,0,0
kosmicznispawacze,31,left,676,27,0,0
kosmicznispawacze,31,left,677,27,0,0
kosmicznispawacze,31,left,678,27,0,0
kosmicznispawacze,31,left,679,27,0,0
kosmicznispawacze,31,left,680,27,0,0
kosmicznispawacze,31,left,681,27,0,0
kosmicznispawacze,31,left,682,27,0,0
kosmicznispawacze,31,left,683,27,0,0
kosmicznispawacze,31,left,684,27,0,0
kosmicznispawacze,31,left,685,27,0,0
kosmicznispawacze,31,left,686,27,0,0
kosmicznispawacze,31,left,687,27,0,0
kosmicznispawacze,31,left,688,28,0,0
kosmicznispawacze,31,left,689,28,0,0
kosmicznispawacze,31,left,690,28,0,0
kosmicznispawacze,31,left,691,28,0,0
kosmicznispawacze,31,left,692,28,0,0
kosmicznispawacze,31,left,693,28,0,0
kosmicznispawacze,31,left,694,28,0,0
kosmicznispawacze,31,left,695,28,0,0
kosmicznispawacze,31,left,696,28,0,0
kosmicznispawacze,31,left,697,28,0,0
kosmicznispawacze,31,left,698,28,0,0
kosmicznispawacze,31,left,699,28,0,0
kosmicznispawacze,31,left,700,28,0,0
kosmicznispawacze,31,left,701,28,0,0
kosmicznispawacze,31,left,702,28,0,0
kosmicznispawacze,31,left,703,28,0,0
kosmicznispawacze,31,left,704,28,0,0
kosmicznispawacze,31,left,705,28,0,0
kosmicznispawacze,31,left,706,28,0,0
kosmicznispawacze,31,left,707,29,0,0
kosmicznispawacze,31,left,708,29,0,0
kosmicznispawacze,31,left,709,29,0,0
kosmicznispawacze,31,left,710,29,0,0
kosmicznispawacze,31,left,711,29,0,0
kosmicznispawacze,31,left,712,29,0,0
kosmicznispawacze,31,left,713,29,0,0
kosmicznispawacze,31,left,714,29,0,0
kosmicznispawacze,31,left,715,30,0,0
kosmicznispawacze,31,left,716,30,0,0
kosmicznispawacze,31,left,717,30,0,0
kosmicznispawacze,31,left,718,30,0,0
kosmicznispawacze,31,left,719,30,0,0
kosmicznispawacze,31,left,720,30,0,0
kosmicznispawacze,31,left,721,30,0,0
kosmicznispawacze,31,left,722,30,0,0
kosmicznispawacze,31,left,723,30,0,0
kosmicznispawacze,31,left,724,30,0,0
kosmicznispawacze,31,left,725,30,0,0
kosmicznispawacze,31,left,726,30,0,0
kosmicznispawacze,31,left,727,30,0,0
kosmicznispawacze,31,left,728,30,0,0
kosmicznispawacze,31,left,729,30,0,0
kosmicznispawacze,31,left,730,30,0,0
kosmicznispawacze,31,left,731,30,0,0
kosmicznispawacze,31,left,732,30,0,0
kosmicznispawacze,31,left,733,30,0,0
kosmicznispawacze,31,left,734,30,0,0
kosmicznispawacze,31,left,735,30,0,0
kosmicznispawacze,31,left,736,30,0,0
kosmicznispawacze,31,left,737,30,0,0
kosmicznispawacze,31,left,738,30,0,0
kosmicznispawacze,31,left,739,30,0,0
kosmicznispawacze,31,left,740,31,0,0
kosmicznispawacze,31,left,741,31,0,0
kosmicznispawacze,31,left,742,31,0,0
kosmicznispawacze,31,left,743,31,0,0
kosmicznispawacze,31,left,744,31,0,0
kosmicznispawacze,31,left,745,31,0,0
kosmicznispawacze,31,left,746,31,0,0
kosmicznispawacze,31,left,747,31,0,0
kosmicznispawacze,31,left,748,31,0,0
kosmicznispawacze,31,left,749,31,0,0
kosmicznispawacze,31,left,750,31,0,0
kosmicznispawacze,31,left,751,31,0,0
kosmicznispawacze,31,left,752,31,0,0
kosmicznispawacze,31,left,753,31,0,0
kosmicznispawacze,31,left,754,31,0,0
kosmicznispawacze,31,left,755,31,0,0
kosmicznispawacze,31,left,756,31,0,0
kosmicznispawacze,31,left,757,31,0,0
kosmicznispawacze,31,left,758,31,0,0
kosmicznispawacze,31,left,759,31,0,0
kosmicznispawacze,31,left,760,31,0,0
kosmicznispawacze,31,left,761,31,0,0
kosmicznispawacze,31,left,762,31,0,0
kosmicznispawacze,31,left,763,31,0,0
kosmicznispawacze,31,left,764,31,0,0
kosmicznispawacze,31,left,765,31,0,0
kosmicznispawacze,31,left,766,31,0,0
kosmicznispawacze,31,left,767,31,0,0
kosmicznispawacze,31,left,768,31,0,0
kosmicznispawacze,31,left,769,32,0,0
kosmicznispawacze,31,left,770,32,0,0
kosmicznispawacze,31,left,771,32,0,0
kosmicznispawacze,31,left,772,32,0,0
kosmicznispawacze,31,left,773,32,0,0
kosmicznispawacze,31,left,774,32,0,0
kosmicznispawacze,31,left,775,32,0,0